[2026-09-19T13:19:47.822+0000] {processor.py:186} INFO - Started process (PID=42) to work on /opt/airflow/dags/dags.py
[2026-09-19T13:19:47.823+0000] {processor.py:914} INFO - Processing file /opt/airflow/dags/dags.py for tasks to queue
[2026-09-19T13:19:47.824+0000] {logging_mixin.py:190} INFO - [2026-09-19T13:19:47.824+0000] {dagbag.py:588} INFO - Filling up the DagBag from /opt/airflow/dags/dags.py
[2026-09-19T13:19:47.826+0000] {logging_mixin.py:190} INFO - [2026-09-19T13:19:47.825+0000] {dagbag.py:387} ERROR - Failed to import: /opt/airflow/dags/dags.py
Traceback (most recent call last):
  File "/home/airflow/.local/lib/python3.12/site-packages/airflow/models/dagbag.py", line 383, in parse
    loader.exec_module(new_module)
  File "<frozen importlib._bootstrap_external>", line 991, in exec_module
  File "<frozen importlib._bootstrap_external>", line 1129, in get_code
  File "<frozen importlib._bootstrap_external>", line 1059, in source_to_code
  File "<frozen importlib._bootstrap>", line 488, in _call_with_frames_removed
  File "/opt/airflow/dags/dags.py", line 8
    with DAG(dag_id = ""):
                          ^
IndentationError: expected an indented block after 'with' statement on line 8
[2026-09-19T13:19:47.826+0000] {processor.py:927} WARNING - No viable dags retrieved from /opt/airflow/dags/dags.py
[2026-09-19T13:19:47.846+0000] {processor.py:208} INFO - Processing /opt/airflow/dags/dags.py took 0.026 seconds
[2026-09-19T13:19:49.840+0000] {processor.py:186} INFO - Started process (PID=43) to work on /opt/airflow/dags/dags.py
[2026-09-19T13:19:49.840+0000] {processor.py:914} INFO - Processing file /opt/airflow/dags/dags.py for tasks to queue
[2026-09-19T13:19:49.842+0000] {logging_mixin.py:190} INFO - [2026-09-19T13:19:49.842+0000] {dagbag.py:588} INFO - Filling up the DagBag from /opt/airflow/dags/dags.py
[2026-09-19T13:19:49.843+0000] {logging_mixin.py:190} INFO - [2026-09-19T13:19:49.843+0000] {dagbag.py:387} ERROR - Failed to import: /opt/airflow/dags/dags.py
Traceback (most recent call last):
  File "/home/airflow/.local/lib/python3.12/site-packages/airflow/models/dagbag.py", line 383, in parse
    loader.exec_module(new_module)
  File "<frozen importlib._bootstrap_external>", line 991, in exec_module
  File "<frozen importlib._bootstrap_external>", line 1129, in get_code
  File "<frozen importlib._bootstrap_external>", line 1059, in source_to_code
  File "<frozen importlib._bootstrap>", line 488, in _call_with_frames_removed
  File "/opt/airflow/dags/dags.py", line 8
    with DAG(dag_id = "etl_pipeline", ):
                                        ^
IndentationError: expected an indented block after 'with' statement on line 8
[2026-09-19T13:19:49.844+0000] {processor.py:927} WARNING - No viable dags retrieved from /opt/airflow/dags/dags.py
[2026-09-19T13:19:49.857+0000] {processor.py:208} INFO - Processing /opt/airflow/dags/dags.py took 0.021 seconds
[2026-09-19T13:20:01.927+0000] {processor.py:186} INFO - Started process (PID=44) to work on /opt/airflow/dags/dags.py
[2026-09-19T13:20:01.928+0000] {processor.py:914} INFO - Processing file /opt/airflow/dags/dags.py for tasks to queue
[2026-09-19T13:20:01.929+0000] {logging_mixin.py:190} INFO - [2026-09-19T13:20:01.929+0000] {dagbag.py:588} INFO - Filling up the DagBag from /opt/airflow/dags/dags.py
[2026-09-19T13:20:01.931+0000] {logging_mixin.py:190} INFO - [2026-09-19T13:20:01.930+0000] {dagbag.py:387} ERROR - Failed to import: /opt/airflow/dags/dags.py
Traceback (most recent call last):
  File "/home/airflow/.local/lib/python3.12/site-packages/airflow/models/dagbag.py", line 383, in parse
    loader.exec_module(new_module)
  File "<frozen importlib._bootstrap_external>", line 991, in exec_module
  File "<frozen importlib._bootstrap_external>", line 1129, in get_code
  File "<frozen importlib._bootstrap_external>", line 1059, in source_to_code
  File "<frozen importlib._bootstrap>", line 488, in _call_with_frames_removed
  File "/opt/airflow/dags/dags.py", line 8
    with DAG(dag_id = "etl_pipeline", start_date = datetime()):
                                                               ^
IndentationError: expected an indented block after 'with' statement on line 8
[2026-09-19T13:20:01.931+0000] {processor.py:927} WARNING - No viable dags retrieved from /opt/airflow/dags/dags.py
[2026-09-19T13:20:01.948+0000] {processor.py:208} INFO - Processing /opt/airflow/dags/dags.py took 0.025 seconds
[2026-09-19T13:20:06.957+0000] {processor.py:186} INFO - Started process (PID=45) to work on /opt/airflow/dags/dags.py
[2026-09-19T13:20:06.957+0000] {processor.py:914} INFO - Processing file /opt/airflow/dags/dags.py for tasks to queue
[2026-09-19T13:20:06.959+0000] {logging_mixin.py:190} INFO - [2026-09-19T13:20:06.959+0000] {dagbag.py:588} INFO - Filling up the DagBag from /opt/airflow/dags/dags.py
[2026-09-19T13:20:06.960+0000] {logging_mixin.py:190} INFO - [2026-09-19T13:20:06.960+0000] {dagbag.py:387} ERROR - Failed to import: /opt/airflow/dags/dags.py
Traceback (most recent call last):
  File "/home/airflow/.local/lib/python3.12/site-packages/airflow/models/dagbag.py", line 383, in parse
    loader.exec_module(new_module)
  File "<frozen importlib._bootstrap_external>", line 991, in exec_module
  File "<frozen importlib._bootstrap_external>", line 1129, in get_code
  File "<frozen importlib._bootstrap_external>", line 1059, in source_to_code
  File "<frozen importlib._bootstrap>", line 488, in _call_with_frames_removed
  File "/opt/airflow/dags/dags.py", line 8
    with DAG(dag_id = "etl_pipeline", start_date = datetime()):
                                                               ^
IndentationError: expected an indented block after 'with' statement on line 8
[2026-09-19T13:20:06.960+0000] {processor.py:927} WARNING - No viable dags retrieved from /opt/airflow/dags/dags.py
[2026-09-19T13:20:06.977+0000] {processor.py:208} INFO - Processing /opt/airflow/dags/dags.py took 0.024 seconds
[2026-09-19T13:20:09.998+0000] {processor.py:186} INFO - Started process (PID=46) to work on /opt/airflow/dags/dags.py
[2026-09-19T13:20:09.999+0000] {processor.py:914} INFO - Processing file /opt/airflow/dags/dags.py for tasks to queue
[2026-09-19T13:20:10.000+0000] {logging_mixin.py:190} INFO - [2026-09-19T13:20:09.999+0000] {dagbag.py:588} INFO - Filling up the DagBag from /opt/airflow/dags/dags.py
[2026-09-19T13:20:10.001+0000] {logging_mixin.py:190} INFO - [2026-09-19T13:20:10.001+0000] {dagbag.py:387} ERROR - Failed to import: /opt/airflow/dags/dags.py
Traceback (most recent call last):
  File "/home/airflow/.local/lib/python3.12/site-packages/airflow/models/dagbag.py", line 383, in parse
    loader.exec_module(new_module)
  File "<frozen importlib._bootstrap_external>", line 991, in exec_module
  File "<frozen importlib._bootstrap_external>", line 1129, in get_code
  File "<frozen importlib._bootstrap_external>", line 1059, in source_to_code
  File "<frozen importlib._bootstrap>", line 488, in _call_with_frames_removed
  File "/opt/airflow/dags/dags.py", line 8
    with DAG(dag_id = "etl_pipeline", start_date = datetime("")):
                                                                 ^
IndentationError: expected an indented block after 'with' statement on line 8
[2026-09-19T13:20:10.001+0000] {processor.py:927} WARNING - No viable dags retrieved from /opt/airflow/dags/dags.py
[2026-09-19T13:20:10.020+0000] {processor.py:208} INFO - Processing /opt/airflow/dags/dags.py took 0.025 seconds
[2026-09-19T13:20:12.018+0000] {processor.py:186} INFO - Started process (PID=47) to work on /opt/airflow/dags/dags.py
[2026-09-19T13:20:12.018+0000] {processor.py:914} INFO - Processing file /opt/airflow/dags/dags.py for tasks to queue
[2026-09-19T13:20:12.019+0000] {logging_mixin.py:190} INFO - [2026-09-19T13:20:12.019+0000] {dagbag.py:588} INFO - Filling up the DagBag from /opt/airflow/dags/dags.py
[2026-09-19T13:20:12.021+0000] {logging_mixin.py:190} INFO - [2026-09-19T13:20:12.020+0000] {dagbag.py:387} ERROR - Failed to import: /opt/airflow/dags/dags.py
Traceback (most recent call last):
  File "/home/airflow/.local/lib/python3.12/site-packages/airflow/models/dagbag.py", line 383, in parse
    loader.exec_module(new_module)
  File "<frozen importlib._bootstrap_external>", line 991, in exec_module
  File "<frozen importlib._bootstrap_external>", line 1129, in get_code
  File "<frozen importlib._bootstrap_external>", line 1059, in source_to_code
  File "<frozen importlib._bootstrap>", line 488, in _call_with_frames_removed
  File "/opt/airflow/dags/dags.py", line 8
    with DAG(dag_id = "etl_pipeline", start_date = datetime("0,")):
                                                                   ^
IndentationError: expected an indented block after 'with' statement on line 8
[2026-09-19T13:20:12.021+0000] {processor.py:927} WARNING - No viable dags retrieved from /opt/airflow/dags/dags.py
[2026-09-19T13:20:12.040+0000] {processor.py:208} INFO - Processing /opt/airflow/dags/dags.py took 0.026 seconds
[2026-09-19T13:20:14.056+0000] {processor.py:186} INFO - Started process (PID=48) to work on /opt/airflow/dags/dags.py
[2026-09-19T13:20:14.056+0000] {processor.py:914} INFO - Processing file /opt/airflow/dags/dags.py for tasks to queue
[2026-09-19T13:20:14.057+0000] {logging_mixin.py:190} INFO - [2026-09-19T13:20:14.057+0000] {dagbag.py:588} INFO - Filling up the DagBag from /opt/airflow/dags/dags.py
[2026-09-19T13:20:14.059+0000] {logging_mixin.py:190} INFO - [2026-09-19T13:20:14.058+0000] {dagbag.py:387} ERROR - Failed to import: /opt/airflow/dags/dags.py
Traceback (most recent call last):
  File "/home/airflow/.local/lib/python3.12/site-packages/airflow/models/dagbag.py", line 383, in parse
    loader.exec_module(new_module)
  File "<frozen importlib._bootstrap_external>", line 991, in exec_module
  File "<frozen importlib._bootstrap_external>", line 1129, in get_code
  File "<frozen importlib._bootstrap_external>", line 1059, in source_to_code
  File "<frozen importlib._bootstrap>", line 488, in _call_with_frames_removed
  File "/opt/airflow/dags/dags.py", line 8
    with DAG(dag_id = "etl_pipeline", start_date = datetime()):
                                                               ^
IndentationError: expected an indented block after 'with' statement on line 8
[2026-09-19T13:20:14.059+0000] {processor.py:927} WARNING - No viable dags retrieved from /opt/airflow/dags/dags.py
[2026-09-19T13:20:14.073+0000] {processor.py:208} INFO - Processing /opt/airflow/dags/dags.py took 0.022 seconds
[2026-09-19T13:20:23.109+0000] {processor.py:186} INFO - Started process (PID=49) to work on /opt/airflow/dags/dags.py
[2026-09-19T13:20:23.112+0000] {processor.py:914} INFO - Processing file /opt/airflow/dags/dags.py for tasks to queue
[2026-09-19T13:20:23.113+0000] {logging_mixin.py:190} INFO - [2026-09-19T13:20:23.113+0000] {dagbag.py:588} INFO - Filling up the DagBag from /opt/airflow/dags/dags.py
[2026-09-19T13:20:23.114+0000] {logging_mixin.py:190} INFO - [2026-09-19T13:20:23.114+0000] {dagbag.py:387} ERROR - Failed to import: /opt/airflow/dags/dags.py
Traceback (most recent call last):
  File "/home/airflow/.local/lib/python3.12/site-packages/airflow/models/dagbag.py", line 383, in parse
    loader.exec_module(new_module)
  File "<frozen importlib._bootstrap_external>", line 991, in exec_module
  File "<frozen importlib._bootstrap_external>", line 1129, in get_code
  File "<frozen importlib._bootstrap_external>", line 1059, in source_to_code
  File "<frozen importlib._bootstrap>", line 488, in _call_with_frames_removed
  File "/opt/airflow/dags/dags.py", line 8
    with DAG(dag_id = "etl_pipeline", start_date = datetime(2026, )):
                                                                     ^
IndentationError: expected an indented block after 'with' statement on line 8
[2026-09-19T13:20:23.115+0000] {processor.py:927} WARNING - No viable dags retrieved from /opt/airflow/dags/dags.py
[2026-09-19T13:20:23.133+0000] {processor.py:208} INFO - Processing /opt/airflow/dags/dags.py took 0.027 seconds
[2026-09-19T13:20:30.161+0000] {processor.py:186} INFO - Started process (PID=50) to work on /opt/airflow/dags/dags.py
[2026-09-19T13:20:30.162+0000] {processor.py:914} INFO - Processing file /opt/airflow/dags/dags.py for tasks to queue
[2026-09-19T13:20:30.164+0000] {logging_mixin.py:190} INFO - [2026-09-19T13:20:30.164+0000] {dagbag.py:588} INFO - Filling up the DagBag from /opt/airflow/dags/dags.py
[2026-09-19T13:20:30.167+0000] {logging_mixin.py:190} INFO - [2026-09-19T13:20:30.166+0000] {dagbag.py:387} ERROR - Failed to import: /opt/airflow/dags/dags.py
Traceback (most recent call last):
  File "/home/airflow/.local/lib/python3.12/site-packages/airflow/models/dagbag.py", line 383, in parse
    loader.exec_module(new_module)
  File "<frozen importlib._bootstrap_external>", line 991, in exec_module
  File "<frozen importlib._bootstrap_external>", line 1129, in get_code
  File "<frozen importlib._bootstrap_external>", line 1059, in source_to_code
  File "<frozen importlib._bootstrap>", line 488, in _call_with_frames_removed
  File "/opt/airflow/dags/dags.py", line 8
    with DAG(dag_id = "etl_pipeline", start_date = datetime(2026, 9, )):
                                                                        ^
IndentationError: expected an indented block after 'with' statement on line 8
[2026-09-19T13:20:30.168+0000] {processor.py:927} WARNING - No viable dags retrieved from /opt/airflow/dags/dags.py
[2026-09-19T13:20:30.187+0000] {processor.py:208} INFO - Processing /opt/airflow/dags/dags.py took 0.030 seconds
[2026-09-19T13:20:32.185+0000] {processor.py:186} INFO - Started process (PID=51) to work on /opt/airflow/dags/dags.py
[2026-09-19T13:20:32.186+0000] {processor.py:914} INFO - Processing file /opt/airflow/dags/dags.py for tasks to queue
[2026-09-19T13:20:32.187+0000] {logging_mixin.py:190} INFO - [2026-09-19T13:20:32.187+0000] {dagbag.py:588} INFO - Filling up the DagBag from /opt/airflow/dags/dags.py
[2026-09-19T13:20:32.188+0000] {logging_mixin.py:190} INFO - [2026-09-19T13:20:32.188+0000] {dagbag.py:387} ERROR - Failed to import: /opt/airflow/dags/dags.py
Traceback (most recent call last):
  File "/home/airflow/.local/lib/python3.12/site-packages/airflow/models/dagbag.py", line 383, in parse
    loader.exec_module(new_module)
  File "<frozen importlib._bootstrap_external>", line 991, in exec_module
  File "<frozen importlib._bootstrap_external>", line 1129, in get_code
  File "<frozen importlib._bootstrap_external>", line 1059, in source_to_code
  File "<frozen importlib._bootstrap>", line 488, in _call_with_frames_removed
  File "/opt/airflow/dags/dags.py", line 8
    with DAG(dag_id = "etl_pipeline", start_date = datetime(2026, 9, 19)):
                                                                          ^
IndentationError: expected an indented block after 'with' statement on line 8
[2026-09-19T13:20:32.189+0000] {processor.py:927} WARNING - No viable dags retrieved from /opt/airflow/dags/dags.py
[2026-09-19T13:20:32.203+0000] {processor.py:208} INFO - Processing /opt/airflow/dags/dags.py took 0.021 seconds
[2026-09-19T13:20:40.252+0000] {processor.py:186} INFO - Started process (PID=52) to work on /opt/airflow/dags/dags.py
[2026-09-19T13:20:40.252+0000] {processor.py:914} INFO - Processing file /opt/airflow/dags/dags.py for tasks to queue
[2026-09-19T13:20:40.253+0000] {logging_mixin.py:190} INFO - [2026-09-19T13:20:40.253+0000] {dagbag.py:588} INFO - Filling up the DagBag from /opt/airflow/dags/dags.py
[2026-09-19T13:20:40.256+0000] {logging_mixin.py:190} INFO - [2026-09-19T13:20:40.255+0000] {dagbag.py:387} ERROR - Failed to import: /opt/airflow/dags/dags.py
Traceback (most recent call last):
  File "/home/airflow/.local/lib/python3.12/site-packages/airflow/models/dagbag.py", line 383, in parse
    loader.exec_module(new_module)
  File "<frozen importlib._bootstrap_external>", line 991, in exec_module
  File "<frozen importlib._bootstrap_external>", line 1129, in get_code
  File "<frozen importlib._bootstrap_external>", line 1059, in source_to_code
  File "<frozen importlib._bootstrap>", line 488, in _call_with_frames_removed
  File "/opt/airflow/dags/dags.py", line 8
    with DAG(dag_id = "etl_pipeline", start_date = datetime(2026, 9, 19), schedule = ):
                                                                          ^^^^^^^^^^
SyntaxError: expected argument value expression
[2026-09-19T13:20:40.256+0000] {processor.py:927} WARNING - No viable dags retrieved from /opt/airflow/dags/dags.py
[2026-09-19T13:20:40.274+0000] {processor.py:208} INFO - Processing /opt/airflow/dags/dags.py took 0.026 seconds
[2026-09-19T13:20:41.263+0000] {processor.py:186} INFO - Started process (PID=53) to work on /opt/airflow/dags/dags.py
[2026-09-19T13:20:41.264+0000] {processor.py:914} INFO - Processing file /opt/airflow/dags/dags.py for tasks to queue
[2026-09-19T13:20:41.265+0000] {logging_mixin.py:190} INFO - [2026-09-19T13:20:41.264+0000] {dagbag.py:588} INFO - Filling up the DagBag from /opt/airflow/dags/dags.py
[2026-09-19T13:20:41.266+0000] {logging_mixin.py:190} INFO - [2026-09-19T13:20:41.266+0000] {dagbag.py:387} ERROR - Failed to import: /opt/airflow/dags/dags.py
Traceback (most recent call last):
  File "/home/airflow/.local/lib/python3.12/site-packages/airflow/models/dagbag.py", line 383, in parse
    loader.exec_module(new_module)
  File "<frozen importlib._bootstrap_external>", line 991, in exec_module
  File "<frozen importlib._bootstrap_external>", line 1129, in get_code
  File "<frozen importlib._bootstrap_external>", line 1059, in source_to_code
  File "<frozen importlib._bootstrap>", line 488, in _call_with_frames_removed
  File "/opt/airflow/dags/dags.py", line 8
    with DAG(dag_id = "etl_pipeline", start_date = datetime(2026, 9, 19), schedule = ):
                                                                          ^^^^^^^^^^
SyntaxError: expected argument value expression
[2026-09-19T13:20:41.266+0000] {processor.py:927} WARNING - No viable dags retrieved from /opt/airflow/dags/dags.py
[2026-09-19T13:20:41.281+0000] {processor.py:208} INFO - Processing /opt/airflow/dags/dags.py took 0.022 seconds
[2026-09-19T13:20:57.404+0000] {processor.py:186} INFO - Started process (PID=54) to work on /opt/airflow/dags/dags.py
[2026-09-19T13:20:57.404+0000] {processor.py:914} INFO - Processing file /opt/airflow/dags/dags.py for tasks to queue
[2026-09-19T13:20:57.405+0000] {logging_mixin.py:190} INFO - [2026-09-19T13:20:57.405+0000] {dagbag.py:588} INFO - Filling up the DagBag from /opt/airflow/dags/dags.py
[2026-09-19T13:20:57.407+0000] {logging_mixin.py:190} INFO - [2026-09-19T13:20:57.407+0000] {dagbag.py:387} ERROR - Failed to import: /opt/airflow/dags/dags.py
Traceback (most recent call last):
  File "/home/airflow/.local/lib/python3.12/site-packages/airflow/models/dagbag.py", line 383, in parse
    loader.exec_module(new_module)
  File "<frozen importlib._bootstrap_external>", line 991, in exec_module
  File "<frozen importlib._bootstrap_external>", line 1129, in get_code
  File "<frozen importlib._bootstrap_external>", line 1059, in source_to_code
  File "<frozen importlib._bootstrap>", line 488, in _call_with_frames_removed
  File "/opt/airflow/dags/dags.py", line 8
    with DAG(dag_id = "etl_pipeline", start_date = datetime(2026, 9, 19), schedule = ""):
                                                                                         ^
IndentationError: expected an indented block after 'with' statement on line 8
[2026-09-19T13:20:57.407+0000] {processor.py:927} WARNING - No viable dags retrieved from /opt/airflow/dags/dags.py
[2026-09-19T13:20:57.423+0000] {processor.py:208} INFO - Processing /opt/airflow/dags/dags.py took 0.024 seconds
[2026-09-19T13:21:03.439+0000] {processor.py:186} INFO - Started process (PID=55) to work on /opt/airflow/dags/dags.py
[2026-09-19T13:21:03.442+0000] {processor.py:914} INFO - Processing file /opt/airflow/dags/dags.py for tasks to queue
[2026-09-19T13:21:03.443+0000] {logging_mixin.py:190} INFO - [2026-09-19T13:21:03.443+0000] {dagbag.py:588} INFO - Filling up the DagBag from /opt/airflow/dags/dags.py
[2026-09-19T13:21:03.445+0000] {logging_mixin.py:190} INFO - [2026-09-19T13:21:03.444+0000] {dagbag.py:387} ERROR - Failed to import: /opt/airflow/dags/dags.py
Traceback (most recent call last):
  File "/home/airflow/.local/lib/python3.12/site-packages/airflow/models/dagbag.py", line 383, in parse
    loader.exec_module(new_module)
  File "<frozen importlib._bootstrap_external>", line 991, in exec_module
  File "<frozen importlib._bootstrap_external>", line 1129, in get_code
  File "<frozen importlib._bootstrap_external>", line 1059, in source_to_code
  File "<frozen importlib._bootstrap>", line 488, in _call_with_frames_removed
  File "/opt/airflow/dags/dags.py", line 8
    with DAG(dag_id = "etl_pipeline", start_date = datetime(2026, 9, 19), schedule = "@daily"):
                                                                                               ^
IndentationError: expected an indented block after 'with' statement on line 8
[2026-09-19T13:21:03.445+0000] {processor.py:927} WARNING - No viable dags retrieved from /opt/airflow/dags/dags.py
[2026-09-19T13:21:03.462+0000] {processor.py:208} INFO - Processing /opt/airflow/dags/dags.py took 0.026 seconds
[2026-09-19T13:21:05.480+0000] {processor.py:186} INFO - Started process (PID=56) to work on /opt/airflow/dags/dags.py
[2026-09-19T13:21:05.480+0000] {processor.py:914} INFO - Processing file /opt/airflow/dags/dags.py for tasks to queue
[2026-09-19T13:21:05.481+0000] {logging_mixin.py:190} INFO - [2026-09-19T13:21:05.481+0000] {dagbag.py:588} INFO - Filling up the DagBag from /opt/airflow/dags/dags.py
[2026-09-19T13:21:05.482+0000] {logging_mixin.py:190} INFO - [2026-09-19T13:21:05.482+0000] {dagbag.py:387} ERROR - Failed to import: /opt/airflow/dags/dags.py
Traceback (most recent call last):
  File "/home/airflow/.local/lib/python3.12/site-packages/airflow/models/dagbag.py", line 383, in parse
    loader.exec_module(new_module)
  File "<frozen importlib._bootstrap_external>", line 991, in exec_module
  File "<frozen importlib._bootstrap_external>", line 1129, in get_code
  File "<frozen importlib._bootstrap_external>", line 1059, in source_to_code
  File "<frozen importlib._bootstrap>", line 488, in _call_with_frames_removed
  File "/opt/airflow/dags/dags.py", line 8
    with DAG(dag_id = "etl_pipeline", start_date = datetime(2026, 9, 19), schedule = "@daily", ):
                                                                                                 ^
IndentationError: expected an indented block after 'with' statement on line 8
[2026-09-19T13:21:05.483+0000] {processor.py:927} WARNING - No viable dags retrieved from /opt/airflow/dags/dags.py
[2026-09-19T13:21:05.500+0000] {processor.py:208} INFO - Processing /opt/airflow/dags/dags.py took 0.026 seconds
[2026-09-19T13:21:10.510+0000] {processor.py:186} INFO - Started process (PID=57) to work on /opt/airflow/dags/dags.py
[2026-09-19T13:21:10.511+0000] {processor.py:914} INFO - Processing file /opt/airflow/dags/dags.py for tasks to queue
[2026-09-19T13:21:10.511+0000] {logging_mixin.py:190} INFO - [2026-09-19T13:21:10.511+0000] {dagbag.py:588} INFO - Filling up the DagBag from /opt/airflow/dags/dags.py
[2026-09-19T13:21:10.513+0000] {logging_mixin.py:190} INFO - [2026-09-19T13:21:10.513+0000] {dagbag.py:387} ERROR - Failed to import: /opt/airflow/dags/dags.py
Traceback (most recent call last):
  File "/home/airflow/.local/lib/python3.12/site-packages/airflow/models/dagbag.py", line 383, in parse
    loader.exec_module(new_module)
  File "<frozen importlib._bootstrap_external>", line 991, in exec_module
  File "<frozen importlib._bootstrap_external>", line 1129, in get_code
  File "<frozen importlib._bootstrap_external>", line 1059, in source_to_code
  File "<frozen importlib._bootstrap>", line 488, in _call_with_frames_removed
  File "/opt/airflow/dags/dags.py", line 8
    with DAG(dag_id = "etl_pipeline", start_date = datetime(2026, 9, 19), schedule = "@daily", catchup=):
                                                                                               ^^^^^^^^
SyntaxError: expected argument value expression
[2026-09-19T13:21:10.513+0000] {processor.py:927} WARNING - No viable dags retrieved from /opt/airflow/dags/dags.py
[2026-09-19T13:21:10.528+0000] {processor.py:208} INFO - Processing /opt/airflow/dags/dags.py took 0.021 seconds
[2026-09-19T13:21:13.549+0000] {processor.py:186} INFO - Started process (PID=58) to work on /opt/airflow/dags/dags.py
[2026-09-19T13:21:13.550+0000] {processor.py:914} INFO - Processing file /opt/airflow/dags/dags.py for tasks to queue
[2026-09-19T13:21:13.551+0000] {logging_mixin.py:190} INFO - [2026-09-19T13:21:13.551+0000] {dagbag.py:588} INFO - Filling up the DagBag from /opt/airflow/dags/dags.py
[2026-09-19T13:21:13.552+0000] {logging_mixin.py:190} INFO - [2026-09-19T13:21:13.552+0000] {dagbag.py:387} ERROR - Failed to import: /opt/airflow/dags/dags.py
Traceback (most recent call last):
  File "/home/airflow/.local/lib/python3.12/site-packages/airflow/models/dagbag.py", line 383, in parse
    loader.exec_module(new_module)
  File "<frozen importlib._bootstrap_external>", line 991, in exec_module
  File "<frozen importlib._bootstrap_external>", line 1129, in get_code
  File "<frozen importlib._bootstrap_external>", line 1059, in source_to_code
  File "<frozen importlib._bootstrap>", line 488, in _call_with_frames_removed
  File "/opt/airflow/dags/dags.py", line 8
    with DAG(dag_id = "etl_pipeline", start_date = datetime(2026, 9, 19), schedule = "@daily", catchup = ""):
                                                                                                             ^
IndentationError: expected an indented block after 'with' statement on line 8
[2026-09-19T13:21:13.553+0000] {processor.py:927} WARNING - No viable dags retrieved from /opt/airflow/dags/dags.py
[2026-09-19T13:21:13.573+0000] {processor.py:208} INFO - Processing /opt/airflow/dags/dags.py took 0.027 seconds
[2026-09-19T13:21:16.574+0000] {processor.py:186} INFO - Started process (PID=59) to work on /opt/airflow/dags/dags.py
[2026-09-19T13:21:16.574+0000] {processor.py:914} INFO - Processing file /opt/airflow/dags/dags.py for tasks to queue
[2026-09-19T13:21:16.575+0000] {logging_mixin.py:190} INFO - [2026-09-19T13:21:16.575+0000] {dagbag.py:588} INFO - Filling up the DagBag from /opt/airflow/dags/dags.py
[2026-09-19T13:21:16.578+0000] {logging_mixin.py:190} INFO - [2026-09-19T13:21:16.577+0000] {dagbag.py:387} ERROR - Failed to import: /opt/airflow/dags/dags.py
Traceback (most recent call last):
  File "/home/airflow/.local/lib/python3.12/site-packages/airflow/models/dagbag.py", line 383, in parse
    loader.exec_module(new_module)
  File "<frozen importlib._bootstrap_external>", line 991, in exec_module
  File "<frozen importlib._bootstrap_external>", line 1129, in get_code
  File "<frozen importlib._bootstrap_external>", line 1059, in source_to_code
  File "<frozen importlib._bootstrap>", line 488, in _call_with_frames_removed
  File "/opt/airflow/dags/dags.py", line 8
    with DAG(dag_id = "etl_pipeline", start_date = datetime(2026, 9, 19), schedule = "@daily", catchup = False):
                                                                                                                ^
IndentationError: expected an indented block after 'with' statement on line 8
[2026-09-19T13:21:16.578+0000] {processor.py:927} WARNING - No viable dags retrieved from /opt/airflow/dags/dags.py
[2026-09-19T13:21:16.597+0000] {processor.py:208} INFO - Processing /opt/airflow/dags/dags.py took 0.027 seconds
[2026-09-19T13:21:20.620+0000] {processor.py:186} INFO - Started process (PID=60) to work on /opt/airflow/dags/dags.py
[2026-09-19T13:21:20.621+0000] {processor.py:914} INFO - Processing file /opt/airflow/dags/dags.py for tasks to queue
[2026-09-19T13:21:20.622+0000] {logging_mixin.py:190} INFO - [2026-09-19T13:21:20.622+0000] {dagbag.py:588} INFO - Filling up the DagBag from /opt/airflow/dags/dags.py
[2026-09-19T13:21:20.623+0000] {logging_mixin.py:190} INFO - [2026-09-19T13:21:20.623+0000] {dagbag.py:387} ERROR - Failed to import: /opt/airflow/dags/dags.py
Traceback (most recent call last):
  File "/home/airflow/.local/lib/python3.12/site-packages/airflow/models/dagbag.py", line 383, in parse
    loader.exec_module(new_module)
  File "<frozen importlib._bootstrap_external>", line 991, in exec_module
  File "<frozen importlib._bootstrap_external>", line 1129, in get_code
  File "<frozen importlib._bootstrap_external>", line 1059, in source_to_code
  File "<frozen importlib._bootstrap>", line 488, in _call_with_frames_removed
  File "/opt/airflow/dags/dags.py", line 8
    with DAG(dag_id = "etl_pipeline", start_date = datetime(2026, 9, 19), schedule = "@daily", catchup = False):
                                                                                                                ^
IndentationError: expected an indented block after 'with' statement on line 8
[2026-09-19T13:21:20.624+0000] {processor.py:927} WARNING - No viable dags retrieved from /opt/airflow/dags/dags.py
[2026-09-19T13:21:20.635+0000] {processor.py:208} INFO - Processing /opt/airflow/dags/dags.py took 0.019 seconds
[2026-09-19T13:21:29.685+0000] {processor.py:186} INFO - Started process (PID=61) to work on /opt/airflow/dags/dags.py
[2026-09-19T13:21:29.686+0000] {processor.py:914} INFO - Processing file /opt/airflow/dags/dags.py for tasks to queue
[2026-09-19T13:21:29.688+0000] {logging_mixin.py:190} INFO - [2026-09-19T13:21:29.687+0000] {dagbag.py:588} INFO - Filling up the DagBag from /opt/airflow/dags/dags.py
[2026-09-19T13:21:29.690+0000] {logging_mixin.py:190} INFO - [2026-09-19T13:21:29.689+0000] {dagbag.py:387} ERROR - Failed to import: /opt/airflow/dags/dags.py
Traceback (most recent call last):
  File "/home/airflow/.local/lib/python3.12/site-packages/airflow/models/dagbag.py", line 383, in parse
    loader.exec_module(new_module)
  File "<frozen importlib._bootstrap_external>", line 991, in exec_module
  File "<frozen importlib._bootstrap_external>", line 1129, in get_code
  File "<frozen importlib._bootstrap_external>", line 1059, in source_to_code
  File "<frozen importlib._bootstrap>", line 488, in _call_with_frames_removed
  File "/opt/airflow/dags/dags.py", line 9
    
    ^
IndentationError: expected an indented block after 'with' statement on line 8
[2026-09-19T13:21:29.690+0000] {processor.py:927} WARNING - No viable dags retrieved from /opt/airflow/dags/dags.py
[2026-09-19T13:21:29.701+0000] {processor.py:208} INFO - Processing /opt/airflow/dags/dags.py took 0.020 seconds
[2026-09-19T13:21:50.809+0000] {processor.py:186} INFO - Started process (PID=62) to work on /opt/airflow/dags/dags.py
[2026-09-19T13:21:50.812+0000] {processor.py:914} INFO - Processing file /opt/airflow/dags/dags.py for tasks to queue
[2026-09-19T13:21:50.814+0000] {logging_mixin.py:190} INFO - [2026-09-19T13:21:50.814+0000] {dagbag.py:588} INFO - Filling up the DagBag from /opt/airflow/dags/dags.py
[2026-09-19T13:21:50.816+0000] {logging_mixin.py:190} INFO - [2026-09-19T13:21:50.815+0000] {dagbag.py:387} ERROR - Failed to import: /opt/airflow/dags/dags.py
Traceback (most recent call last):
  File "/home/airflow/.local/lib/python3.12/site-packages/airflow/models/dagbag.py", line 383, in parse
    loader.exec_module(new_module)
  File "<frozen importlib._bootstrap_external>", line 991, in exec_module
  File "<frozen importlib._bootstrap_external>", line 1129, in get_code
  File "<frozen importlib._bootstrap_external>", line 1059, in source_to_code
  File "<frozen importlib._bootstrap>", line 488, in _call_with_frames_removed
  File "/opt/airflow/dags/dags.py", line 8
    with DAG(dag_id = "etl_pipeline", start_date = datetime(2026, 9, 19), schedule = "@daily", catchup = False) as :
                                                                                                                   ^
SyntaxError: invalid syntax
[2026-09-19T13:21:50.816+0000] {processor.py:927} WARNING - No viable dags retrieved from /opt/airflow/dags/dags.py
[2026-09-19T13:21:50.832+0000] {processor.py:208} INFO - Processing /opt/airflow/dags/dags.py took 0.027 seconds
[2026-09-19T13:21:52.827+0000] {processor.py:186} INFO - Started process (PID=63) to work on /opt/airflow/dags/dags.py
[2026-09-19T13:21:52.828+0000] {processor.py:914} INFO - Processing file /opt/airflow/dags/dags.py for tasks to queue
[2026-09-19T13:21:52.829+0000] {logging_mixin.py:190} INFO - [2026-09-19T13:21:52.829+0000] {dagbag.py:588} INFO - Filling up the DagBag from /opt/airflow/dags/dags.py
[2026-09-19T13:21:52.831+0000] {logging_mixin.py:190} INFO - [2026-09-19T13:21:52.830+0000] {dagbag.py:387} ERROR - Failed to import: /opt/airflow/dags/dags.py
Traceback (most recent call last):
  File "/home/airflow/.local/lib/python3.12/site-packages/airflow/models/dagbag.py", line 383, in parse
    loader.exec_module(new_module)
  File "<frozen importlib._bootstrap_external>", line 991, in exec_module
  File "<frozen importlib._bootstrap_external>", line 1129, in get_code
  File "<frozen importlib._bootstrap_external>", line 1059, in source_to_code
  File "<frozen importlib._bootstrap>", line 488, in _call_with_frames_removed
  File "/opt/airflow/dags/dags.py", line 8
    with DAG(dag_id = "etl_pipeline", start_date = datetime(2026, 9, 19), schedule = "@daily", catchup = False) as dag:
                                                                                                                       ^
IndentationError: expected an indented block after 'with' statement on line 8
[2026-09-19T13:21:52.831+0000] {processor.py:927} WARNING - No viable dags retrieved from /opt/airflow/dags/dags.py
[2026-09-19T13:21:52.847+0000] {processor.py:208} INFO - Processing /opt/airflow/dags/dags.py took 0.024 seconds
[2026-09-19T13:21:54.871+0000] {processor.py:186} INFO - Started process (PID=64) to work on /opt/airflow/dags/dags.py
[2026-09-19T13:21:54.871+0000] {processor.py:914} INFO - Processing file /opt/airflow/dags/dags.py for tasks to queue
[2026-09-19T13:21:54.873+0000] {logging_mixin.py:190} INFO - [2026-09-19T13:21:54.873+0000] {dagbag.py:588} INFO - Filling up the DagBag from /opt/airflow/dags/dags.py
[2026-09-19T13:21:54.874+0000] {logging_mixin.py:190} INFO - [2026-09-19T13:21:54.874+0000] {dagbag.py:387} ERROR - Failed to import: /opt/airflow/dags/dags.py
Traceback (most recent call last):
  File "/home/airflow/.local/lib/python3.12/site-packages/airflow/models/dagbag.py", line 383, in parse
    loader.exec_module(new_module)
  File "<frozen importlib._bootstrap_external>", line 991, in exec_module
  File "<frozen importlib._bootstrap_external>", line 1129, in get_code
  File "<frozen importlib._bootstrap_external>", line 1059, in source_to_code
  File "<frozen importlib._bootstrap>", line 488, in _call_with_frames_removed
  File "/opt/airflow/dags/dags.py", line 9
    
    ^
IndentationError: expected an indented block after 'with' statement on line 8
[2026-09-19T13:21:54.875+0000] {processor.py:927} WARNING - No viable dags retrieved from /opt/airflow/dags/dags.py
[2026-09-19T13:21:54.889+0000] {processor.py:208} INFO - Processing /opt/airflow/dags/dags.py took 0.021 seconds
[2026-09-19T13:21:59.902+0000] {processor.py:186} INFO - Started process (PID=65) to work on /opt/airflow/dags/dags.py
[2026-09-19T13:21:59.903+0000] {processor.py:914} INFO - Processing file /opt/airflow/dags/dags.py for tasks to queue
[2026-09-19T13:21:59.905+0000] {logging_mixin.py:190} INFO - [2026-09-19T13:21:59.904+0000] {dagbag.py:588} INFO - Filling up the DagBag from /opt/airflow/dags/dags.py
[2026-09-19T13:21:59.907+0000] {logging_mixin.py:190} INFO - [2026-09-19T13:21:59.906+0000] {dagbag.py:387} ERROR - Failed to import: /opt/airflow/dags/dags.py
Traceback (most recent call last):
  File "/home/airflow/.local/lib/python3.12/site-packages/airflow/models/dagbag.py", line 383, in parse
    loader.exec_module(new_module)
  File "<frozen importlib._bootstrap_external>", line 991, in exec_module
  File "<frozen importlib._bootstrap_external>", line 1129, in get_code
  File "<frozen importlib._bootstrap_external>", line 1059, in source_to_code
  File "<frozen importlib._bootstrap>", line 488, in _call_with_frames_removed
  File "/opt/airflow/dags/dags.py", line 9
    @task
         ^
IndentationError: unexpected unindent
[2026-09-19T13:21:59.907+0000] {processor.py:927} WARNING - No viable dags retrieved from /opt/airflow/dags/dags.py
[2026-09-19T13:21:59.922+0000] {processor.py:208} INFO - Processing /opt/airflow/dags/dags.py took 0.024 seconds
[2026-09-19T13:22:03.941+0000] {processor.py:186} INFO - Started process (PID=66) to work on /opt/airflow/dags/dags.py
[2026-09-19T13:22:03.941+0000] {processor.py:914} INFO - Processing file /opt/airflow/dags/dags.py for tasks to queue
[2026-09-19T13:22:03.943+0000] {logging_mixin.py:190} INFO - [2026-09-19T13:22:03.943+0000] {dagbag.py:588} INFO - Filling up the DagBag from /opt/airflow/dags/dags.py
[2026-09-19T13:22:03.945+0000] {logging_mixin.py:190} INFO - [2026-09-19T13:22:03.944+0000] {dagbag.py:387} ERROR - Failed to import: /opt/airflow/dags/dags.py
Traceback (most recent call last):
  File "/home/airflow/.local/lib/python3.12/site-packages/airflow/models/dagbag.py", line 383, in parse
    loader.exec_module(new_module)
  File "<frozen importlib._bootstrap_external>", line 991, in exec_module
  File "<frozen importlib._bootstrap_external>", line 1129, in get_code
  File "<frozen importlib._bootstrap_external>", line 1059, in source_to_code
  File "<frozen importlib._bootstrap>", line 488, in _call_with_frames_removed
  File "/opt/airflow/dags/dags.py", line 10
    
    ^
IndentationError: unexpected unindent
[2026-09-19T13:22:03.946+0000] {processor.py:927} WARNING - No viable dags retrieved from /opt/airflow/dags/dags.py
[2026-09-19T13:22:03.963+0000] {processor.py:208} INFO - Processing /opt/airflow/dags/dags.py took 0.026 seconds
[2026-09-19T13:22:05.960+0000] {processor.py:186} INFO - Started process (PID=67) to work on /opt/airflow/dags/dags.py
[2026-09-19T13:22:05.960+0000] {processor.py:914} INFO - Processing file /opt/airflow/dags/dags.py for tasks to queue
[2026-09-19T13:22:05.962+0000] {logging_mixin.py:190} INFO - [2026-09-19T13:22:05.962+0000] {dagbag.py:588} INFO - Filling up the DagBag from /opt/airflow/dags/dags.py
[2026-09-19T13:22:05.964+0000] {logging_mixin.py:190} INFO - [2026-09-19T13:22:05.963+0000] {dagbag.py:387} ERROR - Failed to import: /opt/airflow/dags/dags.py
Traceback (most recent call last):
  File "/home/airflow/.local/lib/python3.12/site-packages/airflow/models/dagbag.py", line 383, in parse
    loader.exec_module(new_module)
  File "<frozen importlib._bootstrap_external>", line 991, in exec_module
  File "<frozen importlib._bootstrap_external>", line 1129, in get_code
  File "<frozen importlib._bootstrap_external>", line 1059, in source_to_code
  File "<frozen importlib._bootstrap>", line 488, in _call_with_frames_removed
  File "/opt/airflow/dags/dags.py", line 10
    
    ^
IndentationError: unexpected unindent
[2026-09-19T13:22:05.965+0000] {processor.py:927} WARNING - No viable dags retrieved from /opt/airflow/dags/dags.py
[2026-09-19T13:22:05.980+0000] {processor.py:208} INFO - Processing /opt/airflow/dags/dags.py took 0.025 seconds
[2026-09-19T13:22:09.004+0000] {processor.py:186} INFO - Started process (PID=68) to work on /opt/airflow/dags/dags.py
[2026-09-19T13:22:09.004+0000] {processor.py:914} INFO - Processing file /opt/airflow/dags/dags.py for tasks to queue
[2026-09-19T13:22:09.005+0000] {logging_mixin.py:190} INFO - [2026-09-19T13:22:09.005+0000] {dagbag.py:588} INFO - Filling up the DagBag from /opt/airflow/dags/dags.py
[2026-09-19T13:22:09.006+0000] {logging_mixin.py:190} INFO - [2026-09-19T13:22:09.006+0000] {dagbag.py:387} ERROR - Failed to import: /opt/airflow/dags/dags.py
Traceback (most recent call last):
  File "/home/airflow/.local/lib/python3.12/site-packages/airflow/models/dagbag.py", line 383, in parse
    loader.exec_module(new_module)
  File "<frozen importlib._bootstrap_external>", line 991, in exec_module
  File "<frozen importlib._bootstrap_external>", line 1129, in get_code
  File "<frozen importlib._bootstrap_external>", line 1059, in source_to_code
  File "<frozen importlib._bootstrap>", line 488, in _call_with_frames_removed
  File "/opt/airflow/dags/dags.py", line 10
    def
       ^
SyntaxError: invalid syntax
[2026-09-19T13:22:09.007+0000] {processor.py:927} WARNING - No viable dags retrieved from /opt/airflow/dags/dags.py
[2026-09-19T13:22:09.019+0000] {processor.py:208} INFO - Processing /opt/airflow/dags/dags.py took 0.018 seconds
[2026-09-19T13:22:12.028+0000] {processor.py:186} INFO - Started process (PID=69) to work on /opt/airflow/dags/dags.py
[2026-09-19T13:22:12.029+0000] {processor.py:914} INFO - Processing file /opt/airflow/dags/dags.py for tasks to queue
[2026-09-19T13:22:12.030+0000] {logging_mixin.py:190} INFO - [2026-09-19T13:22:12.030+0000] {dagbag.py:588} INFO - Filling up the DagBag from /opt/airflow/dags/dags.py
[2026-09-19T13:22:12.032+0000] {logging_mixin.py:190} INFO - [2026-09-19T13:22:12.031+0000] {dagbag.py:387} ERROR - Failed to import: /opt/airflow/dags/dags.py
Traceback (most recent call last):
  File "/home/airflow/.local/lib/python3.12/site-packages/airflow/models/dagbag.py", line 383, in parse
    loader.exec_module(new_module)
  File "<frozen importlib._bootstrap_external>", line 991, in exec_module
  File "<frozen importlib._bootstrap_external>", line 1129, in get_code
  File "<frozen importlib._bootstrap_external>", line 1059, in source_to_code
  File "<frozen importlib._bootstrap>", line 488, in _call_with_frames_removed
  File "/opt/airflow/dags/dags.py", line 10
    def ex
          ^
SyntaxError: expected '('
[2026-09-19T13:22:12.033+0000] {processor.py:927} WARNING - No viable dags retrieved from /opt/airflow/dags/dags.py
[2026-09-19T13:22:12.047+0000] {processor.py:208} INFO - Processing /opt/airflow/dags/dags.py took 0.023 seconds
[2026-09-19T13:22:19.081+0000] {processor.py:186} INFO - Started process (PID=70) to work on /opt/airflow/dags/dags.py
[2026-09-19T13:22:19.081+0000] {processor.py:914} INFO - Processing file /opt/airflow/dags/dags.py for tasks to queue
[2026-09-19T13:22:19.082+0000] {logging_mixin.py:190} INFO - [2026-09-19T13:22:19.082+0000] {dagbag.py:588} INFO - Filling up the DagBag from /opt/airflow/dags/dags.py
[2026-09-19T13:22:19.084+0000] {logging_mixin.py:190} INFO - [2026-09-19T13:22:19.083+0000] {dagbag.py:387} ERROR - Failed to import: /opt/airflow/dags/dags.py
Traceback (most recent call last):
  File "/home/airflow/.local/lib/python3.12/site-packages/airflow/models/dagbag.py", line 383, in parse
    loader.exec_module(new_module)
  File "<frozen importlib._bootstrap_external>", line 991, in exec_module
  File "<frozen importlib._bootstrap_external>", line 1129, in get_code
  File "<frozen importlib._bootstrap_external>", line 1059, in source_to_code
  File "<frozen importlib._bootstrap>", line 488, in _call_with_frames_removed
  File "/opt/airflow/dags/dags.py", line 11
    
    ^
IndentationError: expected an indented block after function definition on line 10
[2026-09-19T13:22:19.084+0000] {processor.py:927} WARNING - No viable dags retrieved from /opt/airflow/dags/dags.py
[2026-09-19T13:22:19.103+0000] {processor.py:208} INFO - Processing /opt/airflow/dags/dags.py took 0.026 seconds
[2026-09-19T13:22:24.118+0000] {processor.py:186} INFO - Started process (PID=71) to work on /opt/airflow/dags/dags.py
[2026-09-19T13:22:24.123+0000] {processor.py:914} INFO - Processing file /opt/airflow/dags/dags.py for tasks to queue
[2026-09-19T13:22:24.124+0000] {logging_mixin.py:190} INFO - [2026-09-19T13:22:24.124+0000] {dagbag.py:588} INFO - Filling up the DagBag from /opt/airflow/dags/dags.py
[2026-09-19T13:22:24.127+0000] {logging_mixin.py:190} INFO - [2026-09-19T13:22:24.126+0000] {dagbag.py:387} ERROR - Failed to import: /opt/airflow/dags/dags.py
Traceback (most recent call last):
  File "/home/airflow/.local/lib/python3.12/site-packages/airflow/models/dagbag.py", line 383, in parse
    loader.exec_module(new_module)
  File "<frozen importlib._bootstrap_external>", line 995, in exec_module
  File "<frozen importlib._bootstrap>", line 488, in _call_with_frames_removed
  File "/opt/airflow/dags/dags.py", line 1, in <module>
    from extraction.extract_weather import exract_data
ModuleNotFoundError: No module named 'extraction'
[2026-09-19T13:22:24.127+0000] {processor.py:927} WARNING - No viable dags retrieved from /opt/airflow/dags/dags.py
[2026-09-19T13:22:24.147+0000] {processor.py:208} INFO - Processing /opt/airflow/dags/dags.py took 0.032 seconds
[2026-09-19T13:22:25.150+0000] {processor.py:186} INFO - Started process (PID=72) to work on /opt/airflow/dags/dags.py
[2026-09-19T13:22:25.151+0000] {processor.py:914} INFO - Processing file /opt/airflow/dags/dags.py for tasks to queue
[2026-09-19T13:22:25.152+0000] {logging_mixin.py:190} INFO - [2026-09-19T13:22:25.152+0000] {dagbag.py:588} INFO - Filling up the DagBag from /opt/airflow/dags/dags.py
[2026-09-19T13:22:25.154+0000] {logging_mixin.py:190} INFO - [2026-09-19T13:22:25.153+0000] {dagbag.py:387} ERROR - Failed to import: /opt/airflow/dags/dags.py
Traceback (most recent call last):
  File "/home/airflow/.local/lib/python3.12/site-packages/airflow/models/dagbag.py", line 383, in parse
    loader.exec_module(new_module)
  File "<frozen importlib._bootstrap_external>", line 991, in exec_module
  File "<frozen importlib._bootstrap_external>", line 1129, in get_code
  File "<frozen importlib._bootstrap_external>", line 1059, in source_to_code
  File "<frozen importlib._bootstrap>", line 488, in _call_with_frames_removed
  File "/opt/airflow/dags/dags.py", line 11
    
    ^
IndentationError: expected an indented block after function definition on line 10
[2026-09-19T13:22:25.154+0000] {processor.py:927} WARNING - No viable dags retrieved from /opt/airflow/dags/dags.py
[2026-09-19T13:22:25.167+0000] {processor.py:208} INFO - Processing /opt/airflow/dags/dags.py took 0.020 seconds
[2026-09-19T13:22:30.199+0000] {processor.py:186} INFO - Started process (PID=73) to work on /opt/airflow/dags/dags.py
[2026-09-19T13:22:30.200+0000] {processor.py:914} INFO - Processing file /opt/airflow/dags/dags.py for tasks to queue
[2026-09-19T13:22:30.201+0000] {logging_mixin.py:190} INFO - [2026-09-19T13:22:30.201+0000] {dagbag.py:588} INFO - Filling up the DagBag from /opt/airflow/dags/dags.py
[2026-09-19T13:22:30.204+0000] {logging_mixin.py:190} INFO - [2026-09-19T13:22:30.203+0000] {dagbag.py:387} ERROR - Failed to import: /opt/airflow/dags/dags.py
Traceback (most recent call last):
  File "/home/airflow/.local/lib/python3.12/site-packages/airflow/models/dagbag.py", line 383, in parse
    loader.exec_module(new_module)
  File "<frozen importlib._bootstrap_external>", line 995, in exec_module
  File "<frozen importlib._bootstrap>", line 488, in _call_with_frames_removed
  File "/opt/airflow/dags/dags.py", line 1, in <module>
    from extraction.extract_weather import exract_data
ModuleNotFoundError: No module named 'extraction'
[2026-09-19T13:22:30.204+0000] {processor.py:927} WARNING - No viable dags retrieved from /opt/airflow/dags/dags.py
[2026-09-19T13:22:30.222+0000] {processor.py:208} INFO - Processing /opt/airflow/dags/dags.py took 0.028 seconds
[2026-09-19T13:22:36.233+0000] {processor.py:186} INFO - Started process (PID=74) to work on /opt/airflow/dags/dags.py
[2026-09-19T13:22:36.234+0000] {processor.py:914} INFO - Processing file /opt/airflow/dags/dags.py for tasks to queue
[2026-09-19T13:22:36.236+0000] {logging_mixin.py:190} INFO - [2026-09-19T13:22:36.235+0000] {dagbag.py:588} INFO - Filling up the DagBag from /opt/airflow/dags/dags.py
[2026-09-19T13:22:36.238+0000] {logging_mixin.py:190} INFO - [2026-09-19T13:22:36.237+0000] {dagbag.py:387} ERROR - Failed to import: /opt/airflow/dags/dags.py
Traceback (most recent call last):
  File "/home/airflow/.local/lib/python3.12/site-packages/airflow/models/dagbag.py", line 383, in parse
    loader.exec_module(new_module)
  File "<frozen importlib._bootstrap_external>", line 995, in exec_module
  File "<frozen importlib._bootstrap>", line 488, in _call_with_frames_removed
  File "/opt/airflow/dags/dags.py", line 1, in <module>
    from extraction.extract_weather import exract_data
ModuleNotFoundError: No module named 'extraction'
[2026-09-19T13:22:36.238+0000] {processor.py:927} WARNING - No viable dags retrieved from /opt/airflow/dags/dags.py
[2026-09-19T13:22:36.249+0000] {processor.py:208} INFO - Processing /opt/airflow/dags/dags.py took 0.021 seconds
[2026-09-19T13:22:44.303+0000] {processor.py:186} INFO - Started process (PID=75) to work on /opt/airflow/dags/dags.py
[2026-09-19T13:22:44.303+0000] {processor.py:914} INFO - Processing file /opt/airflow/dags/dags.py for tasks to queue
[2026-09-19T13:22:44.305+0000] {logging_mixin.py:190} INFO - [2026-09-19T13:22:44.304+0000] {dagbag.py:588} INFO - Filling up the DagBag from /opt/airflow/dags/dags.py
[2026-09-19T13:22:44.307+0000] {logging_mixin.py:190} INFO - [2026-09-19T13:22:44.306+0000] {dagbag.py:387} ERROR - Failed to import: /opt/airflow/dags/dags.py
Traceback (most recent call last):
  File "/home/airflow/.local/lib/python3.12/site-packages/airflow/models/dagbag.py", line 383, in parse
    loader.exec_module(new_module)
  File "<frozen importlib._bootstrap_external>", line 995, in exec_module
  File "<frozen importlib._bootstrap>", line 488, in _call_with_frames_removed
  File "/opt/airflow/dags/dags.py", line 1, in <module>
    from extraction.extract_weather import exract_data
ModuleNotFoundError: No module named 'extraction'
[2026-09-19T13:22:44.307+0000] {processor.py:927} WARNING - No viable dags retrieved from /opt/airflow/dags/dags.py
[2026-09-19T13:22:44.323+0000] {processor.py:208} INFO - Processing /opt/airflow/dags/dags.py took 0.024 seconds
[2026-09-19T13:22:58.396+0000] {processor.py:186} INFO - Started process (PID=76) to work on /opt/airflow/dags/dags.py
[2026-09-19T13:22:58.399+0000] {processor.py:914} INFO - Processing file /opt/airflow/dags/dags.py for tasks to queue
[2026-09-19T13:22:58.401+0000] {logging_mixin.py:190} INFO - [2026-09-19T13:22:58.401+0000] {dagbag.py:588} INFO - Filling up the DagBag from /opt/airflow/dags/dags.py
[2026-09-19T13:22:58.402+0000] {logging_mixin.py:190} INFO - [2026-09-19T13:22:58.402+0000] {dagbag.py:387} ERROR - Failed to import: /opt/airflow/dags/dags.py
Traceback (most recent call last):
  File "/home/airflow/.local/lib/python3.12/site-packages/airflow/models/dagbag.py", line 383, in parse
    loader.exec_module(new_module)
  File "<frozen importlib._bootstrap_external>", line 995, in exec_module
  File "<frozen importlib._bootstrap>", line 488, in _call_with_frames_removed
  File "/opt/airflow/dags/dags.py", line 1, in <module>
    from extraction.extract_weather import exract_data
ModuleNotFoundError: No module named 'extraction'
[2026-09-19T13:22:58.403+0000] {processor.py:927} WARNING - No viable dags retrieved from /opt/airflow/dags/dags.py
[2026-09-19T13:22:58.415+0000] {processor.py:208} INFO - Processing /opt/airflow/dags/dags.py took 0.022 seconds
[2026-09-19T13:23:22.521+0000] {processor.py:186} INFO - Started process (PID=77) to work on /opt/airflow/dags/dags.py
[2026-09-19T13:23:22.522+0000] {processor.py:914} INFO - Processing file /opt/airflow/dags/dags.py for tasks to queue
[2026-09-19T13:23:22.523+0000] {logging_mixin.py:190} INFO - [2026-09-19T13:23:22.523+0000] {dagbag.py:588} INFO - Filling up the DagBag from /opt/airflow/dags/dags.py
[2026-09-19T13:23:22.525+0000] {logging_mixin.py:190} INFO - [2026-09-19T13:23:22.524+0000] {dagbag.py:387} ERROR - Failed to import: /opt/airflow/dags/dags.py
Traceback (most recent call last):
  File "/home/airflow/.local/lib/python3.12/site-packages/airflow/models/dagbag.py", line 383, in parse
    loader.exec_module(new_module)
  File "<frozen importlib._bootstrap_external>", line 995, in exec_module
  File "<frozen importlib._bootstrap>", line 488, in _call_with_frames_removed
  File "/opt/airflow/dags/dags.py", line 1, in <module>
    from extraction.extract_weather import exract_data
ModuleNotFoundError: No module named 'extraction'
[2026-09-19T13:23:22.525+0000] {processor.py:927} WARNING - No viable dags retrieved from /opt/airflow/dags/dags.py
[2026-09-19T13:23:22.541+0000] {processor.py:208} INFO - Processing /opt/airflow/dags/dags.py took 0.023 seconds
[2026-09-19T13:23:27.554+0000] {processor.py:186} INFO - Started process (PID=78) to work on /opt/airflow/dags/dags.py
[2026-09-19T13:23:27.555+0000] {processor.py:914} INFO - Processing file /opt/airflow/dags/dags.py for tasks to queue
[2026-09-19T13:23:27.557+0000] {logging_mixin.py:190} INFO - [2026-09-19T13:23:27.556+0000] {dagbag.py:588} INFO - Filling up the DagBag from /opt/airflow/dags/dags.py
[2026-09-19T13:23:27.560+0000] {logging_mixin.py:190} INFO - [2026-09-19T13:23:27.559+0000] {dagbag.py:387} ERROR - Failed to import: /opt/airflow/dags/dags.py
Traceback (most recent call last):
  File "/home/airflow/.local/lib/python3.12/site-packages/airflow/models/dagbag.py", line 383, in parse
    loader.exec_module(new_module)
  File "<frozen importlib._bootstrap_external>", line 995, in exec_module
  File "<frozen importlib._bootstrap>", line 488, in _call_with_frames_removed
  File "/opt/airflow/dags/dags.py", line 1, in <module>
    from extraction.extract_weather import extract_data
ModuleNotFoundError: No module named 'extraction'
[2026-09-19T13:23:27.561+0000] {processor.py:927} WARNING - No viable dags retrieved from /opt/airflow/dags/dags.py
[2026-09-19T13:23:27.572+0000] {processor.py:208} INFO - Processing /opt/airflow/dags/dags.py took 0.023 seconds
[2026-09-19T13:23:40.634+0000] {processor.py:186} INFO - Started process (PID=79) to work on /opt/airflow/dags/dags.py
[2026-09-19T13:23:40.637+0000] {processor.py:914} INFO - Processing file /opt/airflow/dags/dags.py for tasks to queue
[2026-09-19T13:23:40.639+0000] {logging_mixin.py:190} INFO - [2026-09-19T13:23:40.638+0000] {dagbag.py:588} INFO - Filling up the DagBag from /opt/airflow/dags/dags.py
[2026-09-19T13:23:40.640+0000] {logging_mixin.py:190} INFO - [2026-09-19T13:23:40.640+0000] {dagbag.py:387} ERROR - Failed to import: /opt/airflow/dags/dags.py
Traceback (most recent call last):
  File "/home/airflow/.local/lib/python3.12/site-packages/airflow/models/dagbag.py", line 383, in parse
    loader.exec_module(new_module)
  File "<frozen importlib._bootstrap_external>", line 995, in exec_module
  File "<frozen importlib._bootstrap>", line 488, in _call_with_frames_removed
  File "/opt/airflow/dags/dags.py", line 1, in <module>
    from extraction.extract_weather import extract_data
ModuleNotFoundError: No module named 'extraction'
[2026-09-19T13:23:40.641+0000] {processor.py:927} WARNING - No viable dags retrieved from /opt/airflow/dags/dags.py
[2026-09-19T13:23:40.657+0000] {processor.py:208} INFO - Processing /opt/airflow/dags/dags.py took 0.026 seconds
[2026-09-19T13:23:42.652+0000] {processor.py:186} INFO - Started process (PID=80) to work on /opt/airflow/dags/dags.py
[2026-09-19T13:23:42.653+0000] {processor.py:914} INFO - Processing file /opt/airflow/dags/dags.py for tasks to queue
[2026-09-19T13:23:42.654+0000] {logging_mixin.py:190} INFO - [2026-09-19T13:23:42.654+0000] {dagbag.py:588} INFO - Filling up the DagBag from /opt/airflow/dags/dags.py
[2026-09-19T13:23:42.656+0000] {logging_mixin.py:190} INFO - [2026-09-19T13:23:42.655+0000] {dagbag.py:387} ERROR - Failed to import: /opt/airflow/dags/dags.py
Traceback (most recent call last):
  File "/home/airflow/.local/lib/python3.12/site-packages/airflow/models/dagbag.py", line 383, in parse
    loader.exec_module(new_module)
  File "<frozen importlib._bootstrap_external>", line 995, in exec_module
  File "<frozen importlib._bootstrap>", line 488, in _call_with_frames_removed
  File "/opt/airflow/dags/dags.py", line 1, in <module>
    from extraction.extract_weather import extract_data
ModuleNotFoundError: No module named 'extraction'
[2026-09-19T13:23:42.656+0000] {processor.py:927} WARNING - No viable dags retrieved from /opt/airflow/dags/dags.py
[2026-09-19T13:23:42.672+0000] {processor.py:208} INFO - Processing /opt/airflow/dags/dags.py took 0.022 seconds
[2026-09-19T13:23:44.687+0000] {processor.py:186} INFO - Started process (PID=81) to work on /opt/airflow/dags/dags.py
[2026-09-19T13:23:44.687+0000] {processor.py:914} INFO - Processing file /opt/airflow/dags/dags.py for tasks to queue
[2026-09-19T13:23:44.688+0000] {logging_mixin.py:190} INFO - [2026-09-19T13:23:44.688+0000] {dagbag.py:588} INFO - Filling up the DagBag from /opt/airflow/dags/dags.py
[2026-09-19T13:23:44.690+0000] {logging_mixin.py:190} INFO - [2026-09-19T13:23:44.690+0000] {dagbag.py:387} ERROR - Failed to import: /opt/airflow/dags/dags.py
Traceback (most recent call last):
  File "/home/airflow/.local/lib/python3.12/site-packages/airflow/models/dagbag.py", line 383, in parse
    loader.exec_module(new_module)
  File "<frozen importlib._bootstrap_external>", line 995, in exec_module
  File "<frozen importlib._bootstrap>", line 488, in _call_with_frames_removed
  File "/opt/airflow/dags/dags.py", line 1, in <module>
    from extraction.extract_weather import extract_data
ModuleNotFoundError: No module named 'extraction'
[2026-09-19T13:23:44.690+0000] {processor.py:927} WARNING - No viable dags retrieved from /opt/airflow/dags/dags.py
[2026-09-19T13:23:44.707+0000] {processor.py:208} INFO - Processing /opt/airflow/dags/dags.py took 0.023 seconds
[2026-09-19T13:23:47.713+0000] {processor.py:186} INFO - Started process (PID=82) to work on /opt/airflow/dags/dags.py
[2026-09-19T13:23:47.713+0000] {processor.py:914} INFO - Processing file /opt/airflow/dags/dags.py for tasks to queue
[2026-09-19T13:23:47.715+0000] {logging_mixin.py:190} INFO - [2026-09-19T13:23:47.714+0000] {dagbag.py:588} INFO - Filling up the DagBag from /opt/airflow/dags/dags.py
[2026-09-19T13:23:47.717+0000] {logging_mixin.py:190} INFO - [2026-09-19T13:23:47.716+0000] {dagbag.py:387} ERROR - Failed to import: /opt/airflow/dags/dags.py
Traceback (most recent call last):
  File "/home/airflow/.local/lib/python3.12/site-packages/airflow/models/dagbag.py", line 383, in parse
    loader.exec_module(new_module)
  File "<frozen importlib._bootstrap_external>", line 995, in exec_module
  File "<frozen importlib._bootstrap>", line 488, in _call_with_frames_removed
  File "/opt/airflow/dags/dags.py", line 1, in <module>
    from extraction.extract_weather import extract_data
ModuleNotFoundError: No module named 'extraction'
[2026-09-19T13:23:47.717+0000] {processor.py:927} WARNING - No viable dags retrieved from /opt/airflow/dags/dags.py
[2026-09-19T13:23:47.730+0000] {processor.py:208} INFO - Processing /opt/airflow/dags/dags.py took 0.022 seconds
[2026-09-19T13:23:49.745+0000] {processor.py:186} INFO - Started process (PID=83) to work on /opt/airflow/dags/dags.py
[2026-09-19T13:23:49.745+0000] {processor.py:914} INFO - Processing file /opt/airflow/dags/dags.py for tasks to queue
[2026-09-19T13:23:49.746+0000] {logging_mixin.py:190} INFO - [2026-09-19T13:23:49.746+0000] {dagbag.py:588} INFO - Filling up the DagBag from /opt/airflow/dags/dags.py
[2026-09-19T13:23:49.748+0000] {logging_mixin.py:190} INFO - [2026-09-19T13:23:49.748+0000] {dagbag.py:387} ERROR - Failed to import: /opt/airflow/dags/dags.py
Traceback (most recent call last):
  File "/home/airflow/.local/lib/python3.12/site-packages/airflow/models/dagbag.py", line 383, in parse
    loader.exec_module(new_module)
  File "<frozen importlib._bootstrap_external>", line 995, in exec_module
  File "<frozen importlib._bootstrap>", line 488, in _call_with_frames_removed
  File "/opt/airflow/dags/dags.py", line 1, in <module>
    from extraction.extract_weather import extract_data
ModuleNotFoundError: No module named 'extraction'
[2026-09-19T13:23:49.748+0000] {processor.py:927} WARNING - No viable dags retrieved from /opt/airflow/dags/dags.py
[2026-09-19T13:23:49.761+0000] {processor.py:208} INFO - Processing /opt/airflow/dags/dags.py took 0.019 seconds
[2026-09-19T13:23:53.769+0000] {processor.py:186} INFO - Started process (PID=84) to work on /opt/airflow/dags/dags.py
[2026-09-19T13:23:53.770+0000] {processor.py:914} INFO - Processing file /opt/airflow/dags/dags.py for tasks to queue
[2026-09-19T13:23:53.772+0000] {logging_mixin.py:190} INFO - [2026-09-19T13:23:53.772+0000] {dagbag.py:588} INFO - Filling up the DagBag from /opt/airflow/dags/dags.py
[2026-09-19T13:23:53.775+0000] {logging_mixin.py:190} INFO - [2026-09-19T13:23:53.774+0000] {dagbag.py:387} ERROR - Failed to import: /opt/airflow/dags/dags.py
Traceback (most recent call last):
  File "/home/airflow/.local/lib/python3.12/site-packages/airflow/models/dagbag.py", line 383, in parse
    loader.exec_module(new_module)
  File "<frozen importlib._bootstrap_external>", line 991, in exec_module
  File "<frozen importlib._bootstrap_external>", line 1129, in get_code
  File "<frozen importlib._bootstrap_external>", line 1059, in source_to_code
  File "<frozen importlib._bootstrap>", line 488, in _call_with_frames_removed
  File "/opt/airflow/dags/dags.py", line 15
    
    ^
IndentationError: unexpected unindent
[2026-09-19T13:23:53.776+0000] {processor.py:927} WARNING - No viable dags retrieved from /opt/airflow/dags/dags.py
[2026-09-19T13:23:53.793+0000] {processor.py:208} INFO - Processing /opt/airflow/dags/dags.py took 0.029 seconds
[2026-09-19T13:23:56.814+0000] {processor.py:186} INFO - Started process (PID=85) to work on /opt/airflow/dags/dags.py
[2026-09-19T13:23:56.815+0000] {processor.py:914} INFO - Processing file /opt/airflow/dags/dags.py for tasks to queue
[2026-09-19T13:23:56.817+0000] {logging_mixin.py:190} INFO - [2026-09-19T13:23:56.816+0000] {dagbag.py:588} INFO - Filling up the DagBag from /opt/airflow/dags/dags.py
[2026-09-19T13:23:56.820+0000] {logging_mixin.py:190} INFO - [2026-09-19T13:23:56.819+0000] {dagbag.py:387} ERROR - Failed to import: /opt/airflow/dags/dags.py
Traceback (most recent call last):
  File "/home/airflow/.local/lib/python3.12/site-packages/airflow/models/dagbag.py", line 383, in parse
    loader.exec_module(new_module)
  File "<frozen importlib._bootstrap_external>", line 991, in exec_module
  File "<frozen importlib._bootstrap_external>", line 1129, in get_code
  File "<frozen importlib._bootstrap_external>", line 1059, in source_to_code
  File "<frozen importlib._bootstrap>", line 488, in _call_with_frames_removed
  File "/opt/airflow/dags/dags.py", line 15
    def 
        ^
SyntaxError: invalid syntax
[2026-09-19T13:23:56.820+0000] {processor.py:927} WARNING - No viable dags retrieved from /opt/airflow/dags/dags.py
[2026-09-19T13:23:56.838+0000] {processor.py:208} INFO - Processing /opt/airflow/dags/dags.py took 0.028 seconds
[2026-09-19T13:23:57.861+0000] {processor.py:186} INFO - Started process (PID=86) to work on /opt/airflow/dags/dags.py
[2026-09-19T13:23:57.862+0000] {processor.py:914} INFO - Processing file /opt/airflow/dags/dags.py for tasks to queue
[2026-09-19T13:23:57.863+0000] {logging_mixin.py:190} INFO - [2026-09-19T13:23:57.863+0000] {dagbag.py:588} INFO - Filling up the DagBag from /opt/airflow/dags/dags.py
[2026-09-19T13:23:57.865+0000] {logging_mixin.py:190} INFO - [2026-09-19T13:23:57.864+0000] {dagbag.py:387} ERROR - Failed to import: /opt/airflow/dags/dags.py
Traceback (most recent call last):
  File "/home/airflow/.local/lib/python3.12/site-packages/airflow/models/dagbag.py", line 383, in parse
    loader.exec_module(new_module)
  File "<frozen importlib._bootstrap_external>", line 991, in exec_module
  File "<frozen importlib._bootstrap_external>", line 1129, in get_code
  File "<frozen importlib._bootstrap_external>", line 1059, in source_to_code
  File "<frozen importlib._bootstrap>", line 488, in _call_with_frames_removed
  File "/opt/airflow/dags/dags.py", line 15
    def trans
             ^
SyntaxError: expected '('
[2026-09-19T13:23:57.865+0000] {processor.py:927} WARNING - No viable dags retrieved from /opt/airflow/dags/dags.py
[2026-09-19T13:23:57.877+0000] {processor.py:208} INFO - Processing /opt/airflow/dags/dags.py took 0.020 seconds
[2026-09-19T13:23:59.874+0000] {processor.py:186} INFO - Started process (PID=87) to work on /opt/airflow/dags/dags.py
[2026-09-19T13:23:59.874+0000] {processor.py:914} INFO - Processing file /opt/airflow/dags/dags.py for tasks to queue
[2026-09-19T13:23:59.875+0000] {logging_mixin.py:190} INFO - [2026-09-19T13:23:59.875+0000] {dagbag.py:588} INFO - Filling up the DagBag from /opt/airflow/dags/dags.py
[2026-09-19T13:23:59.876+0000] {logging_mixin.py:190} INFO - [2026-09-19T13:23:59.876+0000] {dagbag.py:387} ERROR - Failed to import: /opt/airflow/dags/dags.py
Traceback (most recent call last):
  File "/home/airflow/.local/lib/python3.12/site-packages/airflow/models/dagbag.py", line 383, in parse
    loader.exec_module(new_module)
  File "<frozen importlib._bootstrap_external>", line 991, in exec_module
  File "<frozen importlib._bootstrap_external>", line 1129, in get_code
  File "<frozen importlib._bootstrap_external>", line 1059, in source_to_code
  File "<frozen importlib._bootstrap>", line 488, in _call_with_frames_removed
  File "/opt/airflow/dags/dags.py", line 15
    def transform
                 ^
SyntaxError: expected '('
[2026-09-19T13:23:59.877+0000] {processor.py:927} WARNING - No viable dags retrieved from /opt/airflow/dags/dags.py
[2026-09-19T13:23:59.889+0000] {processor.py:208} INFO - Processing /opt/airflow/dags/dags.py took 0.019 seconds
[2026-09-19T13:24:10.933+0000] {processor.py:186} INFO - Started process (PID=88) to work on /opt/airflow/dags/dags.py
[2026-09-19T13:24:10.933+0000] {processor.py:914} INFO - Processing file /opt/airflow/dags/dags.py for tasks to queue
[2026-09-19T13:24:10.935+0000] {logging_mixin.py:190} INFO - [2026-09-19T13:24:10.935+0000] {dagbag.py:588} INFO - Filling up the DagBag from /opt/airflow/dags/dags.py
[2026-09-19T13:24:10.937+0000] {logging_mixin.py:190} INFO - [2026-09-19T13:24:10.937+0000] {dagbag.py:387} ERROR - Failed to import: /opt/airflow/dags/dags.py
Traceback (most recent call last):
  File "/home/airflow/.local/lib/python3.12/site-packages/airflow/models/dagbag.py", line 383, in parse
    loader.exec_module(new_module)
  File "<frozen importlib._bootstrap_external>", line 995, in exec_module
  File "<frozen importlib._bootstrap>", line 488, in _call_with_frames_removed
  File "/opt/airflow/dags/dags.py", line 1, in <module>
    from extraction.extract_weather import extract_data
ModuleNotFoundError: No module named 'extraction'
[2026-09-19T13:24:10.937+0000] {processor.py:927} WARNING - No viable dags retrieved from /opt/airflow/dags/dags.py
[2026-09-19T13:24:10.955+0000] {processor.py:208} INFO - Processing /opt/airflow/dags/dags.py took 0.026 seconds
[2026-09-19T13:24:12.947+0000] {processor.py:186} INFO - Started process (PID=89) to work on /opt/airflow/dags/dags.py
[2026-09-19T13:24:12.951+0000] {processor.py:914} INFO - Processing file /opt/airflow/dags/dags.py for tasks to queue
[2026-09-19T13:24:12.952+0000] {logging_mixin.py:190} INFO - [2026-09-19T13:24:12.952+0000] {dagbag.py:588} INFO - Filling up the DagBag from /opt/airflow/dags/dags.py
[2026-09-19T13:24:12.954+0000] {logging_mixin.py:190} INFO - [2026-09-19T13:24:12.953+0000] {dagbag.py:387} ERROR - Failed to import: /opt/airflow/dags/dags.py
Traceback (most recent call last):
  File "/home/airflow/.local/lib/python3.12/site-packages/airflow/models/dagbag.py", line 383, in parse
    loader.exec_module(new_module)
  File "<frozen importlib._bootstrap_external>", line 995, in exec_module
  File "<frozen importlib._bootstrap>", line 488, in _call_with_frames_removed
  File "/opt/airflow/dags/dags.py", line 1, in <module>
    from extraction.extract_weather import extract_data
ModuleNotFoundError: No module named 'extraction'
[2026-09-19T13:24:12.954+0000] {processor.py:927} WARNING - No viable dags retrieved from /opt/airflow/dags/dags.py
[2026-09-19T13:24:12.974+0000] {processor.py:208} INFO - Processing /opt/airflow/dags/dags.py took 0.030 seconds
[2026-09-19T13:24:17.004+0000] {processor.py:186} INFO - Started process (PID=90) to work on /opt/airflow/dags/dags.py
[2026-09-19T13:24:17.004+0000] {processor.py:914} INFO - Processing file /opt/airflow/dags/dags.py for tasks to queue
[2026-09-19T13:24:17.005+0000] {logging_mixin.py:190} INFO - [2026-09-19T13:24:17.005+0000] {dagbag.py:588} INFO - Filling up the DagBag from /opt/airflow/dags/dags.py
[2026-09-19T13:24:17.007+0000] {logging_mixin.py:190} INFO - [2026-09-19T13:24:17.007+0000] {dagbag.py:387} ERROR - Failed to import: /opt/airflow/dags/dags.py
Traceback (most recent call last):
  File "/home/airflow/.local/lib/python3.12/site-packages/airflow/models/dagbag.py", line 383, in parse
    loader.exec_module(new_module)
  File "<frozen importlib._bootstrap_external>", line 995, in exec_module
  File "<frozen importlib._bootstrap>", line 488, in _call_with_frames_removed
  File "/opt/airflow/dags/dags.py", line 1, in <module>
    from extraction.extract_weather import extract_data
ModuleNotFoundError: No module named 'extraction'
[2026-09-19T13:24:17.007+0000] {processor.py:927} WARNING - No viable dags retrieved from /opt/airflow/dags/dags.py
[2026-09-19T13:24:17.020+0000] {processor.py:208} INFO - Processing /opt/airflow/dags/dags.py took 0.020 seconds
[2026-09-19T13:24:20.031+0000] {processor.py:186} INFO - Started process (PID=91) to work on /opt/airflow/dags/dags.py
[2026-09-19T13:24:20.031+0000] {processor.py:914} INFO - Processing file /opt/airflow/dags/dags.py for tasks to queue
[2026-09-19T13:24:20.033+0000] {logging_mixin.py:190} INFO - [2026-09-19T13:24:20.033+0000] {dagbag.py:588} INFO - Filling up the DagBag from /opt/airflow/dags/dags.py
[2026-09-19T13:24:20.036+0000] {logging_mixin.py:190} INFO - [2026-09-19T13:24:20.035+0000] {dagbag.py:387} ERROR - Failed to import: /opt/airflow/dags/dags.py
Traceback (most recent call last):
  File "/home/airflow/.local/lib/python3.12/site-packages/airflow/models/dagbag.py", line 383, in parse
    loader.exec_module(new_module)
  File "<frozen importlib._bootstrap_external>", line 995, in exec_module
  File "<frozen importlib._bootstrap>", line 488, in _call_with_frames_removed
  File "/opt/airflow/dags/dags.py", line 1, in <module>
    from extraction.extract_weather import extract_data
ModuleNotFoundError: No module named 'extraction'
[2026-09-19T13:24:20.036+0000] {processor.py:927} WARNING - No viable dags retrieved from /opt/airflow/dags/dags.py
[2026-09-19T13:24:20.050+0000] {processor.py:208} INFO - Processing /opt/airflow/dags/dags.py took 0.023 seconds
[2026-09-19T13:24:21.049+0000] {processor.py:186} INFO - Started process (PID=92) to work on /opt/airflow/dags/dags.py
[2026-09-19T13:24:21.050+0000] {processor.py:914} INFO - Processing file /opt/airflow/dags/dags.py for tasks to queue
[2026-09-19T13:24:21.051+0000] {logging_mixin.py:190} INFO - [2026-09-19T13:24:21.051+0000] {dagbag.py:588} INFO - Filling up the DagBag from /opt/airflow/dags/dags.py
[2026-09-19T13:24:21.053+0000] {logging_mixin.py:190} INFO - [2026-09-19T13:24:21.052+0000] {dagbag.py:387} ERROR - Failed to import: /opt/airflow/dags/dags.py
Traceback (most recent call last):
  File "/home/airflow/.local/lib/python3.12/site-packages/airflow/models/dagbag.py", line 383, in parse
    loader.exec_module(new_module)
  File "<frozen importlib._bootstrap_external>", line 995, in exec_module
  File "<frozen importlib._bootstrap>", line 488, in _call_with_frames_removed
  File "/opt/airflow/dags/dags.py", line 1, in <module>
    from extraction.extract_weather import extract_data
ModuleNotFoundError: No module named 'extraction'
[2026-09-19T13:24:21.053+0000] {processor.py:927} WARNING - No viable dags retrieved from /opt/airflow/dags/dags.py
[2026-09-19T13:24:21.066+0000] {processor.py:208} INFO - Processing /opt/airflow/dags/dags.py took 0.021 seconds
[2026-09-19T13:24:33.126+0000] {processor.py:186} INFO - Started process (PID=93) to work on /opt/airflow/dags/dags.py
[2026-09-19T13:24:33.126+0000] {processor.py:914} INFO - Processing file /opt/airflow/dags/dags.py for tasks to queue
[2026-09-19T13:24:33.127+0000] {logging_mixin.py:190} INFO - [2026-09-19T13:24:33.127+0000] {dagbag.py:588} INFO - Filling up the DagBag from /opt/airflow/dags/dags.py
[2026-09-19T13:24:33.129+0000] {logging_mixin.py:190} INFO - [2026-09-19T13:24:33.129+0000] {dagbag.py:387} ERROR - Failed to import: /opt/airflow/dags/dags.py
Traceback (most recent call last):
  File "/home/airflow/.local/lib/python3.12/site-packages/airflow/models/dagbag.py", line 383, in parse
    loader.exec_module(new_module)
  File "<frozen importlib._bootstrap_external>", line 995, in exec_module
  File "<frozen importlib._bootstrap>", line 488, in _call_with_frames_removed
  File "/opt/airflow/dags/dags.py", line 1, in <module>
    from extraction.extract_weather import extract_data
ModuleNotFoundError: No module named 'extraction'
[2026-09-19T13:24:33.129+0000] {processor.py:927} WARNING - No viable dags retrieved from /opt/airflow/dags/dags.py
[2026-09-19T13:24:33.152+0000] {processor.py:208} INFO - Processing /opt/airflow/dags/dags.py took 0.029 seconds
[2026-09-19T13:24:36.149+0000] {processor.py:186} INFO - Started process (PID=94) to work on /opt/airflow/dags/dags.py
[2026-09-19T13:24:36.150+0000] {processor.py:914} INFO - Processing file /opt/airflow/dags/dags.py for tasks to queue
[2026-09-19T13:24:36.151+0000] {logging_mixin.py:190} INFO - [2026-09-19T13:24:36.151+0000] {dagbag.py:588} INFO - Filling up the DagBag from /opt/airflow/dags/dags.py
[2026-09-19T13:24:36.153+0000] {logging_mixin.py:190} INFO - [2026-09-19T13:24:36.152+0000] {dagbag.py:387} ERROR - Failed to import: /opt/airflow/dags/dags.py
Traceback (most recent call last):
  File "/home/airflow/.local/lib/python3.12/site-packages/airflow/models/dagbag.py", line 383, in parse
    loader.exec_module(new_module)
  File "<frozen importlib._bootstrap_external>", line 991, in exec_module
  File "<frozen importlib._bootstrap_external>", line 1129, in get_code
  File "<frozen importlib._bootstrap_external>", line 1059, in source_to_code
  File "<frozen importlib._bootstrap>", line 488, in _call_with_frames_removed
  File "/opt/airflow/dags/dags.py", line 20
    def 
        ^
SyntaxError: invalid syntax
[2026-09-19T13:24:36.153+0000] {processor.py:927} WARNING - No viable dags retrieved from /opt/airflow/dags/dags.py
[2026-09-19T13:24:36.165+0000] {processor.py:208} INFO - Processing /opt/airflow/dags/dags.py took 0.020 seconds
[2026-09-19T13:24:39.188+0000] {processor.py:186} INFO - Started process (PID=95) to work on /opt/airflow/dags/dags.py
[2026-09-19T13:24:39.189+0000] {processor.py:914} INFO - Processing file /opt/airflow/dags/dags.py for tasks to queue
[2026-09-19T13:24:39.190+0000] {logging_mixin.py:190} INFO - [2026-09-19T13:24:39.190+0000] {dagbag.py:588} INFO - Filling up the DagBag from /opt/airflow/dags/dags.py
[2026-09-19T13:24:39.194+0000] {logging_mixin.py:190} INFO - [2026-09-19T13:24:39.193+0000] {dagbag.py:387} ERROR - Failed to import: /opt/airflow/dags/dags.py
Traceback (most recent call last):
  File "/home/airflow/.local/lib/python3.12/site-packages/airflow/models/dagbag.py", line 383, in parse
    loader.exec_module(new_module)
  File "<frozen importlib._bootstrap_external>", line 995, in exec_module
  File "<frozen importlib._bootstrap>", line 488, in _call_with_frames_removed
  File "/opt/airflow/dags/dags.py", line 1, in <module>
    from extraction.extract_weather import extract_data
ModuleNotFoundError: No module named 'extraction'
[2026-09-19T13:24:39.194+0000] {processor.py:927} WARNING - No viable dags retrieved from /opt/airflow/dags/dags.py
[2026-09-19T13:24:39.207+0000] {processor.py:208} INFO - Processing /opt/airflow/dags/dags.py took 0.023 seconds
[2026-09-19T13:24:46.238+0000] {processor.py:186} INFO - Started process (PID=96) to work on /opt/airflow/dags/dags.py
[2026-09-19T13:24:46.238+0000] {processor.py:914} INFO - Processing file /opt/airflow/dags/dags.py for tasks to queue
[2026-09-19T13:24:46.240+0000] {logging_mixin.py:190} INFO - [2026-09-19T13:24:46.239+0000] {dagbag.py:588} INFO - Filling up the DagBag from /opt/airflow/dags/dags.py
[2026-09-19T13:24:46.241+0000] {logging_mixin.py:190} INFO - [2026-09-19T13:24:46.241+0000] {dagbag.py:387} ERROR - Failed to import: /opt/airflow/dags/dags.py
Traceback (most recent call last):
  File "/home/airflow/.local/lib/python3.12/site-packages/airflow/models/dagbag.py", line 383, in parse
    loader.exec_module(new_module)
  File "<frozen importlib._bootstrap_external>", line 995, in exec_module
  File "<frozen importlib._bootstrap>", line 488, in _call_with_frames_removed
  File "/opt/airflow/dags/dags.py", line 1, in <module>
    from extraction.extract_weather import extract_data
ModuleNotFoundError: No module named 'extraction'
[2026-09-19T13:24:46.242+0000] {processor.py:927} WARNING - No viable dags retrieved from /opt/airflow/dags/dags.py
[2026-09-19T13:24:46.263+0000] {processor.py:208} INFO - Processing /opt/airflow/dags/dags.py took 0.028 seconds
[2026-09-19T13:24:49.274+0000] {processor.py:186} INFO - Started process (PID=97) to work on /opt/airflow/dags/dags.py
[2026-09-19T13:24:49.277+0000] {processor.py:914} INFO - Processing file /opt/airflow/dags/dags.py for tasks to queue
[2026-09-19T13:24:49.279+0000] {logging_mixin.py:190} INFO - [2026-09-19T13:24:49.279+0000] {dagbag.py:588} INFO - Filling up the DagBag from /opt/airflow/dags/dags.py
[2026-09-19T13:24:49.282+0000] {logging_mixin.py:190} INFO - [2026-09-19T13:24:49.281+0000] {dagbag.py:387} ERROR - Failed to import: /opt/airflow/dags/dags.py
Traceback (most recent call last):
  File "/home/airflow/.local/lib/python3.12/site-packages/airflow/models/dagbag.py", line 383, in parse
    loader.exec_module(new_module)
  File "<frozen importlib._bootstrap_external>", line 995, in exec_module
  File "<frozen importlib._bootstrap>", line 488, in _call_with_frames_removed
  File "/opt/airflow/dags/dags.py", line 1, in <module>
    from extraction.extract_weather import extract_data
ModuleNotFoundError: No module named 'extraction'
[2026-09-19T13:24:49.282+0000] {processor.py:927} WARNING - No viable dags retrieved from /opt/airflow/dags/dags.py
[2026-09-19T13:24:49.297+0000] {processor.py:208} INFO - Processing /opt/airflow/dags/dags.py took 0.026 seconds
[2026-09-19T13:24:51.301+0000] {processor.py:186} INFO - Started process (PID=98) to work on /opt/airflow/dags/dags.py
[2026-09-19T13:24:51.302+0000] {processor.py:914} INFO - Processing file /opt/airflow/dags/dags.py for tasks to queue
[2026-09-19T13:24:51.303+0000] {logging_mixin.py:190} INFO - [2026-09-19T13:24:51.303+0000] {dagbag.py:588} INFO - Filling up the DagBag from /opt/airflow/dags/dags.py
[2026-09-19T13:24:51.305+0000] {logging_mixin.py:190} INFO - [2026-09-19T13:24:51.305+0000] {dagbag.py:387} ERROR - Failed to import: /opt/airflow/dags/dags.py
Traceback (most recent call last):
  File "/home/airflow/.local/lib/python3.12/site-packages/airflow/models/dagbag.py", line 383, in parse
    loader.exec_module(new_module)
  File "<frozen importlib._bootstrap_external>", line 995, in exec_module
  File "<frozen importlib._bootstrap>", line 488, in _call_with_frames_removed
  File "/opt/airflow/dags/dags.py", line 1, in <module>
    from extraction.extract_weather import extract_data
ModuleNotFoundError: No module named 'extraction'
[2026-09-19T13:24:51.305+0000] {processor.py:927} WARNING - No viable dags retrieved from /opt/airflow/dags/dags.py
[2026-09-19T13:24:51.320+0000] {processor.py:208} INFO - Processing /opt/airflow/dags/dags.py took 0.022 seconds
[2026-09-19T13:24:55.338+0000] {processor.py:186} INFO - Started process (PID=99) to work on /opt/airflow/dags/dags.py
[2026-09-19T13:24:55.339+0000] {processor.py:914} INFO - Processing file /opt/airflow/dags/dags.py for tasks to queue
[2026-09-19T13:24:55.340+0000] {logging_mixin.py:190} INFO - [2026-09-19T13:24:55.340+0000] {dagbag.py:588} INFO - Filling up the DagBag from /opt/airflow/dags/dags.py
[2026-09-19T13:24:55.341+0000] {logging_mixin.py:190} INFO - [2026-09-19T13:24:55.341+0000] {dagbag.py:387} ERROR - Failed to import: /opt/airflow/dags/dags.py
Traceback (most recent call last):
  File "/home/airflow/.local/lib/python3.12/site-packages/airflow/models/dagbag.py", line 383, in parse
    loader.exec_module(new_module)
  File "<frozen importlib._bootstrap_external>", line 991, in exec_module
  File "<frozen importlib._bootstrap_external>", line 1129, in get_code
  File "<frozen importlib._bootstrap_external>", line 1059, in source_to_code
  File "<frozen importlib._bootstrap>", line 488, in _call_with_frames_removed
  File "/opt/airflow/dags/dags.py", line 20
    extract() >> 
                 ^
SyntaxError: invalid syntax
[2026-09-19T13:24:55.342+0000] {processor.py:927} WARNING - No viable dags retrieved from /opt/airflow/dags/dags.py
[2026-09-19T13:24:55.355+0000] {processor.py:208} INFO - Processing /opt/airflow/dags/dags.py took 0.022 seconds
[2026-09-19T13:25:01.381+0000] {processor.py:186} INFO - Started process (PID=100) to work on /opt/airflow/dags/dags.py
[2026-09-19T13:25:01.382+0000] {processor.py:914} INFO - Processing file /opt/airflow/dags/dags.py for tasks to queue
[2026-09-19T13:25:01.383+0000] {logging_mixin.py:190} INFO - [2026-09-19T13:25:01.383+0000] {dagbag.py:588} INFO - Filling up the DagBag from /opt/airflow/dags/dags.py
[2026-09-19T13:25:01.385+0000] {logging_mixin.py:190} INFO - [2026-09-19T13:25:01.384+0000] {dagbag.py:387} ERROR - Failed to import: /opt/airflow/dags/dags.py
Traceback (most recent call last):
  File "/home/airflow/.local/lib/python3.12/site-packages/airflow/models/dagbag.py", line 383, in parse
    loader.exec_module(new_module)
  File "<frozen importlib._bootstrap_external>", line 995, in exec_module
  File "<frozen importlib._bootstrap>", line 488, in _call_with_frames_removed
  File "/opt/airflow/dags/dags.py", line 1, in <module>
    from extraction.extract_weather import extract_data
ModuleNotFoundError: No module named 'extraction'
[2026-09-19T13:25:01.385+0000] {processor.py:927} WARNING - No viable dags retrieved from /opt/airflow/dags/dags.py
[2026-09-19T13:25:01.401+0000] {processor.py:208} INFO - Processing /opt/airflow/dags/dags.py took 0.023 seconds
[2026-09-19T13:25:02.405+0000] {processor.py:186} INFO - Started process (PID=101) to work on /opt/airflow/dags/dags.py
[2026-09-19T13:25:02.406+0000] {processor.py:914} INFO - Processing file /opt/airflow/dags/dags.py for tasks to queue
[2026-09-19T13:25:02.407+0000] {logging_mixin.py:190} INFO - [2026-09-19T13:25:02.407+0000] {dagbag.py:588} INFO - Filling up the DagBag from /opt/airflow/dags/dags.py
[2026-09-19T13:25:02.409+0000] {logging_mixin.py:190} INFO - [2026-09-19T13:25:02.408+0000] {dagbag.py:387} ERROR - Failed to import: /opt/airflow/dags/dags.py
Traceback (most recent call last):
  File "/home/airflow/.local/lib/python3.12/site-packages/airflow/models/dagbag.py", line 383, in parse
    loader.exec_module(new_module)
  File "<frozen importlib._bootstrap_external>", line 991, in exec_module
  File "<frozen importlib._bootstrap_external>", line 1129, in get_code
  File "<frozen importlib._bootstrap_external>", line 1059, in source_to_code
  File "<frozen importlib._bootstrap>", line 488, in _call_with_frames_removed
  File "/opt/airflow/dags/dags.py", line 20
    extract() >> 
                 ^
SyntaxError: invalid syntax
[2026-09-19T13:25:02.409+0000] {processor.py:927} WARNING - No viable dags retrieved from /opt/airflow/dags/dags.py
[2026-09-19T13:25:02.424+0000] {processor.py:208} INFO - Processing /opt/airflow/dags/dags.py took 0.024 seconds
[2026-09-19T13:25:06.438+0000] {processor.py:186} INFO - Started process (PID=102) to work on /opt/airflow/dags/dags.py
[2026-09-19T13:25:06.438+0000] {processor.py:914} INFO - Processing file /opt/airflow/dags/dags.py for tasks to queue
[2026-09-19T13:25:06.439+0000] {logging_mixin.py:190} INFO - [2026-09-19T13:25:06.439+0000] {dagbag.py:588} INFO - Filling up the DagBag from /opt/airflow/dags/dags.py
[2026-09-19T13:25:06.441+0000] {logging_mixin.py:190} INFO - [2026-09-19T13:25:06.440+0000] {dagbag.py:387} ERROR - Failed to import: /opt/airflow/dags/dags.py
Traceback (most recent call last):
  File "/home/airflow/.local/lib/python3.12/site-packages/airflow/models/dagbag.py", line 383, in parse
    loader.exec_module(new_module)
  File "<frozen importlib._bootstrap_external>", line 995, in exec_module
  File "<frozen importlib._bootstrap>", line 488, in _call_with_frames_removed
  File "/opt/airflow/dags/dags.py", line 1, in <module>
    from extraction.extract_weather import extract_data
ModuleNotFoundError: No module named 'extraction'
[2026-09-19T13:25:06.441+0000] {processor.py:927} WARNING - No viable dags retrieved from /opt/airflow/dags/dags.py
[2026-09-19T13:25:06.458+0000] {processor.py:208} INFO - Processing /opt/airflow/dags/dags.py took 0.023 seconds
[2026-09-19T13:25:13.500+0000] {processor.py:186} INFO - Started process (PID=103) to work on /opt/airflow/dags/dags.py
[2026-09-19T13:25:13.501+0000] {processor.py:914} INFO - Processing file /opt/airflow/dags/dags.py for tasks to queue
[2026-09-19T13:25:13.502+0000] {logging_mixin.py:190} INFO - [2026-09-19T13:25:13.502+0000] {dagbag.py:588} INFO - Filling up the DagBag from /opt/airflow/dags/dags.py
[2026-09-19T13:25:13.504+0000] {logging_mixin.py:190} INFO - [2026-09-19T13:25:13.503+0000] {dagbag.py:387} ERROR - Failed to import: /opt/airflow/dags/dags.py
Traceback (most recent call last):
  File "/home/airflow/.local/lib/python3.12/site-packages/airflow/models/dagbag.py", line 383, in parse
    loader.exec_module(new_module)
  File "<frozen importlib._bootstrap_external>", line 995, in exec_module
  File "<frozen importlib._bootstrap>", line 488, in _call_with_frames_removed
  File "/opt/airflow/dags/dags.py", line 1, in <module>
    from extraction.extract_weather import extract_data
ModuleNotFoundError: No module named 'extraction'
[2026-09-19T13:25:13.504+0000] {processor.py:927} WARNING - No viable dags retrieved from /opt/airflow/dags/dags.py
[2026-09-19T13:25:13.518+0000] {processor.py:208} INFO - Processing /opt/airflow/dags/dags.py took 0.024 seconds
[2026-09-19T13:25:17.528+0000] {processor.py:186} INFO - Started process (PID=104) to work on /opt/airflow/dags/dags.py
[2026-09-19T13:25:17.529+0000] {processor.py:914} INFO - Processing file /opt/airflow/dags/dags.py for tasks to queue
[2026-09-19T13:25:17.530+0000] {logging_mixin.py:190} INFO - [2026-09-19T13:25:17.530+0000] {dagbag.py:588} INFO - Filling up the DagBag from /opt/airflow/dags/dags.py
[2026-09-19T13:25:17.531+0000] {logging_mixin.py:190} INFO - [2026-09-19T13:25:17.531+0000] {dagbag.py:387} ERROR - Failed to import: /opt/airflow/dags/dags.py
Traceback (most recent call last):
  File "/home/airflow/.local/lib/python3.12/site-packages/airflow/models/dagbag.py", line 383, in parse
    loader.exec_module(new_module)
  File "<frozen importlib._bootstrap_external>", line 991, in exec_module
  File "<frozen importlib._bootstrap_external>", line 1129, in get_code
  File "<frozen importlib._bootstrap_external>", line 1059, in source_to_code
  File "<frozen importlib._bootstrap>", line 488, in _call_with_frames_removed
  File "/opt/airflow/dags/dags.py", line 20
    extract() >> transform() >
                              ^
SyntaxError: invalid syntax
[2026-09-19T13:25:17.532+0000] {processor.py:927} WARNING - No viable dags retrieved from /opt/airflow/dags/dags.py
[2026-09-19T13:25:17.547+0000] {processor.py:208} INFO - Processing /opt/airflow/dags/dags.py took 0.023 seconds
[2026-09-19T13:25:19.565+0000] {processor.py:186} INFO - Started process (PID=105) to work on /opt/airflow/dags/dags.py
[2026-09-19T13:25:19.566+0000] {processor.py:914} INFO - Processing file /opt/airflow/dags/dags.py for tasks to queue
[2026-09-19T13:25:19.568+0000] {logging_mixin.py:190} INFO - [2026-09-19T13:25:19.567+0000] {dagbag.py:588} INFO - Filling up the DagBag from /opt/airflow/dags/dags.py
[2026-09-19T13:25:19.571+0000] {logging_mixin.py:190} INFO - [2026-09-19T13:25:19.570+0000] {dagbag.py:387} ERROR - Failed to import: /opt/airflow/dags/dags.py
Traceback (most recent call last):
  File "/home/airflow/.local/lib/python3.12/site-packages/airflow/models/dagbag.py", line 383, in parse
    loader.exec_module(new_module)
  File "<frozen importlib._bootstrap_external>", line 995, in exec_module
  File "<frozen importlib._bootstrap>", line 488, in _call_with_frames_removed
  File "/opt/airflow/dags/dags.py", line 1, in <module>
    from extraction.extract_weather import extract_data
ModuleNotFoundError: No module named 'extraction'
[2026-09-19T13:25:19.572+0000] {processor.py:927} WARNING - No viable dags retrieved from /opt/airflow/dags/dags.py
[2026-09-19T13:25:19.590+0000] {processor.py:208} INFO - Processing /opt/airflow/dags/dags.py took 0.029 seconds
[2026-09-19T13:25:40.710+0000] {processor.py:186} INFO - Started process (PID=106) to work on /opt/airflow/dags/dags.py
[2026-09-19T13:25:40.713+0000] {processor.py:914} INFO - Processing file /opt/airflow/dags/dags.py for tasks to queue
[2026-09-19T13:25:40.714+0000] {logging_mixin.py:190} INFO - [2026-09-19T13:25:40.714+0000] {dagbag.py:588} INFO - Filling up the DagBag from /opt/airflow/dags/dags.py
[2026-09-19T13:25:40.716+0000] {logging_mixin.py:190} INFO - [2026-09-19T13:25:40.715+0000] {dagbag.py:387} ERROR - Failed to import: /opt/airflow/dags/dags.py
Traceback (most recent call last):
  File "/home/airflow/.local/lib/python3.12/site-packages/airflow/models/dagbag.py", line 383, in parse
    loader.exec_module(new_module)
  File "<frozen importlib._bootstrap_external>", line 995, in exec_module
  File "<frozen importlib._bootstrap>", line 488, in _call_with_frames_removed
  File "/opt/airflow/dags/dags.py", line 1, in <module>
    from extraction.extract_weather import extract_data
ModuleNotFoundError: No module named 'extraction'
[2026-09-19T13:25:40.716+0000] {processor.py:927} WARNING - No viable dags retrieved from /opt/airflow/dags/dags.py
[2026-09-19T13:25:40.729+0000] {processor.py:208} INFO - Processing /opt/airflow/dags/dags.py took 0.025 seconds
[2026-09-19T13:26:10.898+0000] {processor.py:186} INFO - Started process (PID=107) to work on /opt/airflow/dags/dags.py
[2026-09-19T13:26:10.899+0000] {processor.py:914} INFO - Processing file /opt/airflow/dags/dags.py for tasks to queue
[2026-09-19T13:26:10.900+0000] {logging_mixin.py:190} INFO - [2026-09-19T13:26:10.900+0000] {dagbag.py:588} INFO - Filling up the DagBag from /opt/airflow/dags/dags.py
[2026-09-19T13:26:10.902+0000] {logging_mixin.py:190} INFO - [2026-09-19T13:26:10.902+0000] {dagbag.py:387} ERROR - Failed to import: /opt/airflow/dags/dags.py
Traceback (most recent call last):
  File "/home/airflow/.local/lib/python3.12/site-packages/airflow/models/dagbag.py", line 383, in parse
    loader.exec_module(new_module)
  File "<frozen importlib._bootstrap_external>", line 995, in exec_module
  File "<frozen importlib._bootstrap>", line 488, in _call_with_frames_removed
  File "/opt/airflow/dags/dags.py", line 1, in <module>
    from extraction.extract_weather import extract_data
ModuleNotFoundError: No module named 'extraction'
[2026-09-19T13:26:10.903+0000] {processor.py:927} WARNING - No viable dags retrieved from /opt/airflow/dags/dags.py
[2026-09-19T13:26:10.915+0000] {processor.py:208} INFO - Processing /opt/airflow/dags/dags.py took 0.019 seconds
[2026-09-19T13:26:41.101+0000] {processor.py:186} INFO - Started process (PID=108) to work on /opt/airflow/dags/dags.py
[2026-09-19T13:26:41.105+0000] {processor.py:914} INFO - Processing file /opt/airflow/dags/dags.py for tasks to queue
[2026-09-19T13:26:41.106+0000] {logging_mixin.py:190} INFO - [2026-09-19T13:26:41.106+0000] {dagbag.py:588} INFO - Filling up the DagBag from /opt/airflow/dags/dags.py
[2026-09-19T13:26:41.107+0000] {logging_mixin.py:190} INFO - [2026-09-19T13:26:41.107+0000] {dagbag.py:387} ERROR - Failed to import: /opt/airflow/dags/dags.py
Traceback (most recent call last):
  File "/home/airflow/.local/lib/python3.12/site-packages/airflow/models/dagbag.py", line 383, in parse
    loader.exec_module(new_module)
  File "<frozen importlib._bootstrap_external>", line 995, in exec_module
  File "<frozen importlib._bootstrap>", line 488, in _call_with_frames_removed
  File "/opt/airflow/dags/dags.py", line 1, in <module>
    from extraction.extract_weather import extract_data
ModuleNotFoundError: No module named 'extraction'
[2026-09-19T13:26:41.108+0000] {processor.py:927} WARNING - No viable dags retrieved from /opt/airflow/dags/dags.py
[2026-09-19T13:26:41.122+0000] {processor.py:208} INFO - Processing /opt/airflow/dags/dags.py took 0.024 seconds
[2026-09-19T13:27:11.292+0000] {processor.py:186} INFO - Started process (PID=109) to work on /opt/airflow/dags/dags.py
[2026-09-19T13:27:11.293+0000] {processor.py:914} INFO - Processing file /opt/airflow/dags/dags.py for tasks to queue
[2026-09-19T13:27:11.294+0000] {logging_mixin.py:190} INFO - [2026-09-19T13:27:11.293+0000] {dagbag.py:588} INFO - Filling up the DagBag from /opt/airflow/dags/dags.py
[2026-09-19T13:27:11.295+0000] {logging_mixin.py:190} INFO - [2026-09-19T13:27:11.295+0000] {dagbag.py:387} ERROR - Failed to import: /opt/airflow/dags/dags.py
Traceback (most recent call last):
  File "/home/airflow/.local/lib/python3.12/site-packages/airflow/models/dagbag.py", line 383, in parse
    loader.exec_module(new_module)
  File "<frozen importlib._bootstrap_external>", line 995, in exec_module
  File "<frozen importlib._bootstrap>", line 488, in _call_with_frames_removed
  File "/opt/airflow/dags/dags.py", line 1, in <module>
    from extraction.extract_weather import extract_data
ModuleNotFoundError: No module named 'extraction'
[2026-09-19T13:27:11.296+0000] {processor.py:927} WARNING - No viable dags retrieved from /opt/airflow/dags/dags.py
[2026-09-19T13:27:11.312+0000] {processor.py:208} INFO - Processing /opt/airflow/dags/dags.py took 0.024 seconds
[2026-09-19T13:27:41.490+0000] {processor.py:186} INFO - Started process (PID=110) to work on /opt/airflow/dags/dags.py
[2026-09-19T13:27:41.493+0000] {processor.py:914} INFO - Processing file /opt/airflow/dags/dags.py for tasks to queue
[2026-09-19T13:27:41.494+0000] {logging_mixin.py:190} INFO - [2026-09-19T13:27:41.494+0000] {dagbag.py:588} INFO - Filling up the DagBag from /opt/airflow/dags/dags.py
[2026-09-19T13:27:41.496+0000] {logging_mixin.py:190} INFO - [2026-09-19T13:27:41.496+0000] {dagbag.py:387} ERROR - Failed to import: /opt/airflow/dags/dags.py
Traceback (most recent call last):
  File "/home/airflow/.local/lib/python3.12/site-packages/airflow/models/dagbag.py", line 383, in parse
    loader.exec_module(new_module)
  File "<frozen importlib._bootstrap_external>", line 995, in exec_module
  File "<frozen importlib._bootstrap>", line 488, in _call_with_frames_removed
  File "/opt/airflow/dags/dags.py", line 1, in <module>
    from extraction.extract_weather import extract_data
ModuleNotFoundError: No module named 'extraction'
[2026-09-19T13:27:41.496+0000] {processor.py:927} WARNING - No viable dags retrieved from /opt/airflow/dags/dags.py
[2026-09-19T13:27:41.512+0000] {processor.py:208} INFO - Processing /opt/airflow/dags/dags.py took 0.025 seconds
[2026-09-19T13:28:11.717+0000] {processor.py:186} INFO - Started process (PID=111) to work on /opt/airflow/dags/dags.py
[2026-09-19T13:28:11.718+0000] {processor.py:914} INFO - Processing file /opt/airflow/dags/dags.py for tasks to queue
[2026-09-19T13:28:11.718+0000] {logging_mixin.py:190} INFO - [2026-09-19T13:28:11.718+0000] {dagbag.py:588} INFO - Filling up the DagBag from /opt/airflow/dags/dags.py
[2026-09-19T13:28:11.720+0000] {logging_mixin.py:190} INFO - [2026-09-19T13:28:11.720+0000] {dagbag.py:387} ERROR - Failed to import: /opt/airflow/dags/dags.py
Traceback (most recent call last):
  File "/home/airflow/.local/lib/python3.12/site-packages/airflow/models/dagbag.py", line 383, in parse
    loader.exec_module(new_module)
  File "<frozen importlib._bootstrap_external>", line 995, in exec_module
  File "<frozen importlib._bootstrap>", line 488, in _call_with_frames_removed
  File "/opt/airflow/dags/dags.py", line 1, in <module>
    from extraction.extract_weather import extract_data
ModuleNotFoundError: No module named 'extraction'
[2026-09-19T13:28:11.720+0000] {processor.py:927} WARNING - No viable dags retrieved from /opt/airflow/dags/dags.py
[2026-09-19T13:28:11.738+0000] {processor.py:208} INFO - Processing /opt/airflow/dags/dags.py took 0.024 seconds
[2026-09-19T13:28:41.932+0000] {processor.py:186} INFO - Started process (PID=112) to work on /opt/airflow/dags/dags.py
[2026-09-19T13:28:41.936+0000] {processor.py:914} INFO - Processing file /opt/airflow/dags/dags.py for tasks to queue
[2026-09-19T13:28:41.937+0000] {logging_mixin.py:190} INFO - [2026-09-19T13:28:41.937+0000] {dagbag.py:588} INFO - Filling up the DagBag from /opt/airflow/dags/dags.py
[2026-09-19T13:28:41.939+0000] {logging_mixin.py:190} INFO - [2026-09-19T13:28:41.938+0000] {dagbag.py:387} ERROR - Failed to import: /opt/airflow/dags/dags.py
Traceback (most recent call last):
  File "/home/airflow/.local/lib/python3.12/site-packages/airflow/models/dagbag.py", line 383, in parse
    loader.exec_module(new_module)
  File "<frozen importlib._bootstrap_external>", line 995, in exec_module
  File "<frozen importlib._bootstrap>", line 488, in _call_with_frames_removed
  File "/opt/airflow/dags/dags.py", line 1, in <module>
    from extraction.extract_weather import extract_data
ModuleNotFoundError: No module named 'extraction'
[2026-09-19T13:28:41.939+0000] {processor.py:927} WARNING - No viable dags retrieved from /opt/airflow/dags/dags.py
[2026-09-19T13:28:41.955+0000] {processor.py:208} INFO - Processing /opt/airflow/dags/dags.py took 0.027 seconds
[2026-09-19T13:29:12.147+0000] {processor.py:186} INFO - Started process (PID=113) to work on /opt/airflow/dags/dags.py
[2026-09-19T13:29:12.148+0000] {processor.py:914} INFO - Processing file /opt/airflow/dags/dags.py for tasks to queue
[2026-09-19T13:29:12.149+0000] {logging_mixin.py:190} INFO - [2026-09-19T13:29:12.149+0000] {dagbag.py:588} INFO - Filling up the DagBag from /opt/airflow/dags/dags.py
[2026-09-19T13:29:12.151+0000] {logging_mixin.py:190} INFO - [2026-09-19T13:29:12.150+0000] {dagbag.py:387} ERROR - Failed to import: /opt/airflow/dags/dags.py
Traceback (most recent call last):
  File "/home/airflow/.local/lib/python3.12/site-packages/airflow/models/dagbag.py", line 383, in parse
    loader.exec_module(new_module)
  File "<frozen importlib._bootstrap_external>", line 995, in exec_module
  File "<frozen importlib._bootstrap>", line 488, in _call_with_frames_removed
  File "/opt/airflow/dags/dags.py", line 1, in <module>
    from extraction.extract_weather import extract_data
ModuleNotFoundError: No module named 'extraction'
[2026-09-19T13:29:12.151+0000] {processor.py:927} WARNING - No viable dags retrieved from /opt/airflow/dags/dags.py
[2026-09-19T13:29:12.169+0000] {processor.py:208} INFO - Processing /opt/airflow/dags/dags.py took 0.026 seconds
[2026-09-19T13:29:42.326+0000] {processor.py:186} INFO - Started process (PID=114) to work on /opt/airflow/dags/dags.py
[2026-09-19T13:29:42.330+0000] {processor.py:914} INFO - Processing file /opt/airflow/dags/dags.py for tasks to queue
[2026-09-19T13:29:42.331+0000] {logging_mixin.py:190} INFO - [2026-09-19T13:29:42.331+0000] {dagbag.py:588} INFO - Filling up the DagBag from /opt/airflow/dags/dags.py
[2026-09-19T13:29:42.333+0000] {logging_mixin.py:190} INFO - [2026-09-19T13:29:42.332+0000] {dagbag.py:387} ERROR - Failed to import: /opt/airflow/dags/dags.py
Traceback (most recent call last):
  File "/home/airflow/.local/lib/python3.12/site-packages/airflow/models/dagbag.py", line 383, in parse
    loader.exec_module(new_module)
  File "<frozen importlib._bootstrap_external>", line 995, in exec_module
  File "<frozen importlib._bootstrap>", line 488, in _call_with_frames_removed
  File "/opt/airflow/dags/dags.py", line 1, in <module>
    from extraction.extract_weather import extract_data
ModuleNotFoundError: No module named 'extraction'
[2026-09-19T13:29:42.333+0000] {processor.py:927} WARNING - No viable dags retrieved from /opt/airflow/dags/dags.py
[2026-09-19T13:29:42.349+0000] {processor.py:208} INFO - Processing /opt/airflow/dags/dags.py took 0.027 seconds
[2026-09-19T13:30:12.522+0000] {processor.py:186} INFO - Started process (PID=115) to work on /opt/airflow/dags/dags.py
[2026-09-19T13:30:12.523+0000] {processor.py:914} INFO - Processing file /opt/airflow/dags/dags.py for tasks to queue
[2026-09-19T13:30:12.525+0000] {logging_mixin.py:190} INFO - [2026-09-19T13:30:12.524+0000] {dagbag.py:588} INFO - Filling up the DagBag from /opt/airflow/dags/dags.py
[2026-09-19T13:30:12.527+0000] {logging_mixin.py:190} INFO - [2026-09-19T13:30:12.526+0000] {dagbag.py:387} ERROR - Failed to import: /opt/airflow/dags/dags.py
Traceback (most recent call last):
  File "/home/airflow/.local/lib/python3.12/site-packages/airflow/models/dagbag.py", line 383, in parse
    loader.exec_module(new_module)
  File "<frozen importlib._bootstrap_external>", line 995, in exec_module
  File "<frozen importlib._bootstrap>", line 488, in _call_with_frames_removed
  File "/opt/airflow/dags/dags.py", line 1, in <module>
    from extraction.extract_weather import extract_data
ModuleNotFoundError: No module named 'extraction'
[2026-09-19T13:30:12.527+0000] {processor.py:927} WARNING - No viable dags retrieved from /opt/airflow/dags/dags.py
[2026-09-19T13:30:12.545+0000] {processor.py:208} INFO - Processing /opt/airflow/dags/dags.py took 0.028 seconds
[2026-09-19T13:30:42.703+0000] {processor.py:186} INFO - Started process (PID=116) to work on /opt/airflow/dags/dags.py
[2026-09-19T13:30:42.704+0000] {processor.py:914} INFO - Processing file /opt/airflow/dags/dags.py for tasks to queue
[2026-09-19T13:30:42.705+0000] {logging_mixin.py:190} INFO - [2026-09-19T13:30:42.705+0000] {dagbag.py:588} INFO - Filling up the DagBag from /opt/airflow/dags/dags.py
[2026-09-19T13:30:42.707+0000] {logging_mixin.py:190} INFO - [2026-09-19T13:30:42.707+0000] {dagbag.py:387} ERROR - Failed to import: /opt/airflow/dags/dags.py
Traceback (most recent call last):
  File "/home/airflow/.local/lib/python3.12/site-packages/airflow/models/dagbag.py", line 383, in parse
    loader.exec_module(new_module)
  File "<frozen importlib._bootstrap_external>", line 995, in exec_module
  File "<frozen importlib._bootstrap>", line 488, in _call_with_frames_removed
  File "/opt/airflow/dags/dags.py", line 1, in <module>
    from extraction.extract_weather import extract_data
ModuleNotFoundError: No module named 'extraction'
[2026-09-19T13:30:42.708+0000] {processor.py:927} WARNING - No viable dags retrieved from /opt/airflow/dags/dags.py
[2026-09-19T13:30:42.729+0000] {processor.py:208} INFO - Processing /opt/airflow/dags/dags.py took 0.029 seconds
[2026-09-19T13:31:12.886+0000] {processor.py:186} INFO - Started process (PID=117) to work on /opt/airflow/dags/dags.py
[2026-09-19T13:31:12.887+0000] {processor.py:914} INFO - Processing file /opt/airflow/dags/dags.py for tasks to queue
[2026-09-19T13:31:12.889+0000] {logging_mixin.py:190} INFO - [2026-09-19T13:31:12.889+0000] {dagbag.py:588} INFO - Filling up the DagBag from /opt/airflow/dags/dags.py
[2026-09-19T13:31:12.892+0000] {logging_mixin.py:190} INFO - [2026-09-19T13:31:12.891+0000] {dagbag.py:387} ERROR - Failed to import: /opt/airflow/dags/dags.py
Traceback (most recent call last):
  File "/home/airflow/.local/lib/python3.12/site-packages/airflow/models/dagbag.py", line 383, in parse
    loader.exec_module(new_module)
  File "<frozen importlib._bootstrap_external>", line 995, in exec_module
  File "<frozen importlib._bootstrap>", line 488, in _call_with_frames_removed
  File "/opt/airflow/dags/dags.py", line 1, in <module>
    from extraction.extract_weather import extract_data
ModuleNotFoundError: No module named 'extraction'
[2026-09-19T13:31:12.892+0000] {processor.py:927} WARNING - No viable dags retrieved from /opt/airflow/dags/dags.py
[2026-09-19T13:31:12.903+0000] {processor.py:208} INFO - Processing /opt/airflow/dags/dags.py took 0.021 seconds
[2026-09-19T13:31:43.053+0000] {processor.py:186} INFO - Started process (PID=118) to work on /opt/airflow/dags/dags.py
[2026-09-19T13:31:43.053+0000] {processor.py:914} INFO - Processing file /opt/airflow/dags/dags.py for tasks to queue
[2026-09-19T13:31:43.054+0000] {logging_mixin.py:190} INFO - [2026-09-19T13:31:43.054+0000] {dagbag.py:588} INFO - Filling up the DagBag from /opt/airflow/dags/dags.py
[2026-09-19T13:31:43.056+0000] {logging_mixin.py:190} INFO - [2026-09-19T13:31:43.056+0000] {dagbag.py:387} ERROR - Failed to import: /opt/airflow/dags/dags.py
Traceback (most recent call last):
  File "/home/airflow/.local/lib/python3.12/site-packages/airflow/models/dagbag.py", line 383, in parse
    loader.exec_module(new_module)
  File "<frozen importlib._bootstrap_external>", line 995, in exec_module
  File "<frozen importlib._bootstrap>", line 488, in _call_with_frames_removed
  File "/opt/airflow/dags/dags.py", line 1, in <module>
    from extraction.extract_weather import extract_data
ModuleNotFoundError: No module named 'extraction'
[2026-09-19T13:31:43.056+0000] {processor.py:927} WARNING - No viable dags retrieved from /opt/airflow/dags/dags.py
[2026-09-19T13:31:43.074+0000] {processor.py:208} INFO - Processing /opt/airflow/dags/dags.py took 0.024 seconds
[2026-09-19T13:32:13.225+0000] {processor.py:186} INFO - Started process (PID=119) to work on /opt/airflow/dags/dags.py
[2026-09-19T13:32:13.229+0000] {processor.py:914} INFO - Processing file /opt/airflow/dags/dags.py for tasks to queue
[2026-09-19T13:32:13.230+0000] {logging_mixin.py:190} INFO - [2026-09-19T13:32:13.230+0000] {dagbag.py:588} INFO - Filling up the DagBag from /opt/airflow/dags/dags.py
[2026-09-19T13:32:13.232+0000] {logging_mixin.py:190} INFO - [2026-09-19T13:32:13.231+0000] {dagbag.py:387} ERROR - Failed to import: /opt/airflow/dags/dags.py
Traceback (most recent call last):
  File "/home/airflow/.local/lib/python3.12/site-packages/airflow/models/dagbag.py", line 383, in parse
    loader.exec_module(new_module)
  File "<frozen importlib._bootstrap_external>", line 995, in exec_module
  File "<frozen importlib._bootstrap>", line 488, in _call_with_frames_removed
  File "/opt/airflow/dags/dags.py", line 1, in <module>
    from extraction.extract_weather import extract_data
ModuleNotFoundError: No module named 'extraction'
[2026-09-19T13:32:13.232+0000] {processor.py:927} WARNING - No viable dags retrieved from /opt/airflow/dags/dags.py
[2026-09-19T13:32:13.250+0000] {processor.py:208} INFO - Processing /opt/airflow/dags/dags.py took 0.027 seconds
[2026-09-19T13:32:43.417+0000] {processor.py:186} INFO - Started process (PID=120) to work on /opt/airflow/dags/dags.py
[2026-09-19T13:32:43.418+0000] {processor.py:914} INFO - Processing file /opt/airflow/dags/dags.py for tasks to queue
[2026-09-19T13:32:43.420+0000] {logging_mixin.py:190} INFO - [2026-09-19T13:32:43.419+0000] {dagbag.py:588} INFO - Filling up the DagBag from /opt/airflow/dags/dags.py
[2026-09-19T13:32:43.423+0000] {logging_mixin.py:190} INFO - [2026-09-19T13:32:43.422+0000] {dagbag.py:387} ERROR - Failed to import: /opt/airflow/dags/dags.py
Traceback (most recent call last):
  File "/home/airflow/.local/lib/python3.12/site-packages/airflow/models/dagbag.py", line 383, in parse
    loader.exec_module(new_module)
  File "<frozen importlib._bootstrap_external>", line 995, in exec_module
  File "<frozen importlib._bootstrap>", line 488, in _call_with_frames_removed
  File "/opt/airflow/dags/dags.py", line 1, in <module>
    from extraction.extract_weather import extract_data
ModuleNotFoundError: No module named 'extraction'
[2026-09-19T13:32:43.423+0000] {processor.py:927} WARNING - No viable dags retrieved from /opt/airflow/dags/dags.py
[2026-09-19T13:32:43.436+0000] {processor.py:208} INFO - Processing /opt/airflow/dags/dags.py took 0.023 seconds
[2026-09-19T13:33:13.585+0000] {processor.py:186} INFO - Started process (PID=121) to work on /opt/airflow/dags/dags.py
[2026-09-19T13:33:13.588+0000] {processor.py:914} INFO - Processing file /opt/airflow/dags/dags.py for tasks to queue
[2026-09-19T13:33:13.589+0000] {logging_mixin.py:190} INFO - [2026-09-19T13:33:13.589+0000] {dagbag.py:588} INFO - Filling up the DagBag from /opt/airflow/dags/dags.py
[2026-09-19T13:33:13.591+0000] {logging_mixin.py:190} INFO - [2026-09-19T13:33:13.591+0000] {dagbag.py:387} ERROR - Failed to import: /opt/airflow/dags/dags.py
Traceback (most recent call last):
  File "/home/airflow/.local/lib/python3.12/site-packages/airflow/models/dagbag.py", line 383, in parse
    loader.exec_module(new_module)
  File "<frozen importlib._bootstrap_external>", line 995, in exec_module
  File "<frozen importlib._bootstrap>", line 488, in _call_with_frames_removed
  File "/opt/airflow/dags/dags.py", line 1, in <module>
    from extraction.extract_weather import extract_data
ModuleNotFoundError: No module named 'extraction'
[2026-09-19T13:33:13.591+0000] {processor.py:927} WARNING - No viable dags retrieved from /opt/airflow/dags/dags.py
[2026-09-19T13:33:13.602+0000] {processor.py:208} INFO - Processing /opt/airflow/dags/dags.py took 0.023 seconds
[2026-09-19T13:33:43.748+0000] {processor.py:186} INFO - Started process (PID=122) to work on /opt/airflow/dags/dags.py
[2026-09-19T13:33:43.748+0000] {processor.py:914} INFO - Processing file /opt/airflow/dags/dags.py for tasks to queue
[2026-09-19T13:33:43.750+0000] {logging_mixin.py:190} INFO - [2026-09-19T13:33:43.749+0000] {dagbag.py:588} INFO - Filling up the DagBag from /opt/airflow/dags/dags.py
[2026-09-19T13:33:43.751+0000] {logging_mixin.py:190} INFO - [2026-09-19T13:33:43.751+0000] {dagbag.py:387} ERROR - Failed to import: /opt/airflow/dags/dags.py
Traceback (most recent call last):
  File "/home/airflow/.local/lib/python3.12/site-packages/airflow/models/dagbag.py", line 383, in parse
    loader.exec_module(new_module)
  File "<frozen importlib._bootstrap_external>", line 995, in exec_module
  File "<frozen importlib._bootstrap>", line 488, in _call_with_frames_removed
  File "/opt/airflow/dags/dags.py", line 1, in <module>
    from extraction.extract_weather import extract_data
ModuleNotFoundError: No module named 'extraction'
[2026-09-19T13:33:43.752+0000] {processor.py:927} WARNING - No viable dags retrieved from /opt/airflow/dags/dags.py
[2026-09-19T13:33:43.770+0000] {processor.py:208} INFO - Processing /opt/airflow/dags/dags.py took 0.026 seconds
[2026-09-19T13:34:13.907+0000] {processor.py:186} INFO - Started process (PID=123) to work on /opt/airflow/dags/dags.py
[2026-09-19T13:34:13.910+0000] {processor.py:914} INFO - Processing file /opt/airflow/dags/dags.py for tasks to queue
[2026-09-19T13:34:13.912+0000] {logging_mixin.py:190} INFO - [2026-09-19T13:34:13.912+0000] {dagbag.py:588} INFO - Filling up the DagBag from /opt/airflow/dags/dags.py
[2026-09-19T13:34:13.915+0000] {logging_mixin.py:190} INFO - [2026-09-19T13:34:13.915+0000] {dagbag.py:387} ERROR - Failed to import: /opt/airflow/dags/dags.py
Traceback (most recent call last):
  File "/home/airflow/.local/lib/python3.12/site-packages/airflow/models/dagbag.py", line 383, in parse
    loader.exec_module(new_module)
  File "<frozen importlib._bootstrap_external>", line 995, in exec_module
  File "<frozen importlib._bootstrap>", line 488, in _call_with_frames_removed
  File "/opt/airflow/dags/dags.py", line 1, in <module>
    from extraction.extract_weather import extract_data
ModuleNotFoundError: No module named 'extraction'
[2026-09-19T13:34:13.915+0000] {processor.py:927} WARNING - No viable dags retrieved from /opt/airflow/dags/dags.py
[2026-09-19T13:34:13.933+0000] {processor.py:208} INFO - Processing /opt/airflow/dags/dags.py took 0.031 seconds
[2026-09-19T13:35:17.887+0000] {processor.py:186} INFO - Started process (PID=42) to work on /opt/airflow/dags/dags.py
[2026-09-19T13:35:17.888+0000] {processor.py:914} INFO - Processing file /opt/airflow/dags/dags.py for tasks to queue
[2026-09-19T13:35:17.890+0000] {logging_mixin.py:190} INFO - [2026-09-19T13:35:17.889+0000] {dagbag.py:588} INFO - Filling up the DagBag from /opt/airflow/dags/dags.py
[2026-09-19T13:35:17.891+0000] {logging_mixin.py:190} INFO - [2026-09-19T13:35:17.891+0000] {dagbag.py:387} ERROR - Failed to import: /opt/airflow/dags/dags.py
Traceback (most recent call last):
  File "/home/airflow/.local/lib/python3.12/site-packages/airflow/models/dagbag.py", line 383, in parse
    loader.exec_module(new_module)
  File "<frozen importlib._bootstrap_external>", line 995, in exec_module
  File "<frozen importlib._bootstrap>", line 488, in _call_with_frames_removed
  File "/opt/airflow/dags/dags.py", line 1, in <module>
    from extraction.extract_weather import extract_data
ModuleNotFoundError: No module named 'extraction'
[2026-09-19T13:35:17.892+0000] {processor.py:927} WARNING - No viable dags retrieved from /opt/airflow/dags/dags.py
[2026-09-19T13:35:17.910+0000] {processor.py:208} INFO - Processing /opt/airflow/dags/dags.py took 0.027 seconds
[2026-09-19T13:35:48.055+0000] {processor.py:186} INFO - Started process (PID=43) to work on /opt/airflow/dags/dags.py
[2026-09-19T13:35:48.056+0000] {processor.py:914} INFO - Processing file /opt/airflow/dags/dags.py for tasks to queue
[2026-09-19T13:35:48.057+0000] {logging_mixin.py:190} INFO - [2026-09-19T13:35:48.056+0000] {dagbag.py:588} INFO - Filling up the DagBag from /opt/airflow/dags/dags.py
[2026-09-19T13:35:48.058+0000] {logging_mixin.py:190} INFO - [2026-09-19T13:35:48.058+0000] {dagbag.py:387} ERROR - Failed to import: /opt/airflow/dags/dags.py
Traceback (most recent call last):
  File "/home/airflow/.local/lib/python3.12/site-packages/airflow/models/dagbag.py", line 383, in parse
    loader.exec_module(new_module)
  File "<frozen importlib._bootstrap_external>", line 995, in exec_module
  File "<frozen importlib._bootstrap>", line 488, in _call_with_frames_removed
  File "/opt/airflow/dags/dags.py", line 1, in <module>
    from extraction.extract_weather import extract_data
ModuleNotFoundError: No module named 'extraction'
[2026-09-19T13:35:48.058+0000] {processor.py:927} WARNING - No viable dags retrieved from /opt/airflow/dags/dags.py
[2026-09-19T13:35:48.076+0000] {processor.py:208} INFO - Processing /opt/airflow/dags/dags.py took 0.026 seconds
[2026-09-19T13:36:18.205+0000] {processor.py:186} INFO - Started process (PID=44) to work on /opt/airflow/dags/dags.py
[2026-09-19T13:36:18.205+0000] {processor.py:914} INFO - Processing file /opt/airflow/dags/dags.py for tasks to queue
[2026-09-19T13:36:18.206+0000] {logging_mixin.py:190} INFO - [2026-09-19T13:36:18.206+0000] {dagbag.py:588} INFO - Filling up the DagBag from /opt/airflow/dags/dags.py
[2026-09-19T13:36:18.208+0000] {logging_mixin.py:190} INFO - [2026-09-19T13:36:18.207+0000] {dagbag.py:387} ERROR - Failed to import: /opt/airflow/dags/dags.py
Traceback (most recent call last):
  File "/home/airflow/.local/lib/python3.12/site-packages/airflow/models/dagbag.py", line 383, in parse
    loader.exec_module(new_module)
  File "<frozen importlib._bootstrap_external>", line 995, in exec_module
  File "<frozen importlib._bootstrap>", line 488, in _call_with_frames_removed
  File "/opt/airflow/dags/dags.py", line 1, in <module>
    from extraction.extract_weather import extract_data
ModuleNotFoundError: No module named 'extraction'
[2026-09-19T13:36:18.208+0000] {processor.py:927} WARNING - No viable dags retrieved from /opt/airflow/dags/dags.py
[2026-09-19T13:36:18.223+0000] {processor.py:208} INFO - Processing /opt/airflow/dags/dags.py took 0.021 seconds
[2026-09-19T13:36:48.366+0000] {processor.py:186} INFO - Started process (PID=45) to work on /opt/airflow/dags/dags.py
[2026-09-19T13:36:48.367+0000] {processor.py:914} INFO - Processing file /opt/airflow/dags/dags.py for tasks to queue
[2026-09-19T13:36:48.368+0000] {logging_mixin.py:190} INFO - [2026-09-19T13:36:48.368+0000] {dagbag.py:588} INFO - Filling up the DagBag from /opt/airflow/dags/dags.py
[2026-09-19T13:36:48.370+0000] {logging_mixin.py:190} INFO - [2026-09-19T13:36:48.369+0000] {dagbag.py:387} ERROR - Failed to import: /opt/airflow/dags/dags.py
Traceback (most recent call last):
  File "/home/airflow/.local/lib/python3.12/site-packages/airflow/models/dagbag.py", line 383, in parse
    loader.exec_module(new_module)
  File "<frozen importlib._bootstrap_external>", line 995, in exec_module
  File "<frozen importlib._bootstrap>", line 488, in _call_with_frames_removed
  File "/opt/airflow/dags/dags.py", line 1, in <module>
    from extraction.extract_weather import extract_data
ModuleNotFoundError: No module named 'extraction'
[2026-09-19T13:36:48.370+0000] {processor.py:927} WARNING - No viable dags retrieved from /opt/airflow/dags/dags.py
[2026-09-19T13:36:48.386+0000] {processor.py:208} INFO - Processing /opt/airflow/dags/dags.py took 0.025 seconds
[2026-09-19T13:37:18.550+0000] {processor.py:186} INFO - Started process (PID=46) to work on /opt/airflow/dags/dags.py
[2026-09-19T13:37:18.552+0000] {processor.py:914} INFO - Processing file /opt/airflow/dags/dags.py for tasks to queue
[2026-09-19T13:37:18.553+0000] {logging_mixin.py:190} INFO - [2026-09-19T13:37:18.553+0000] {dagbag.py:588} INFO - Filling up the DagBag from /opt/airflow/dags/dags.py
[2026-09-19T13:37:18.555+0000] {logging_mixin.py:190} INFO - [2026-09-19T13:37:18.555+0000] {dagbag.py:387} ERROR - Failed to import: /opt/airflow/dags/dags.py
Traceback (most recent call last):
  File "/home/airflow/.local/lib/python3.12/site-packages/airflow/models/dagbag.py", line 383, in parse
    loader.exec_module(new_module)
  File "<frozen importlib._bootstrap_external>", line 995, in exec_module
  File "<frozen importlib._bootstrap>", line 488, in _call_with_frames_removed
  File "/opt/airflow/dags/dags.py", line 1, in <module>
    from extraction.extract_weather import extract_data
ModuleNotFoundError: No module named 'extraction'
[2026-09-19T13:37:18.556+0000] {processor.py:927} WARNING - No viable dags retrieved from /opt/airflow/dags/dags.py
[2026-09-19T13:37:18.569+0000] {processor.py:208} INFO - Processing /opt/airflow/dags/dags.py took 0.022 seconds
[2026-09-19T13:37:48.735+0000] {processor.py:186} INFO - Started process (PID=47) to work on /opt/airflow/dags/dags.py
[2026-09-19T13:37:48.735+0000] {processor.py:914} INFO - Processing file /opt/airflow/dags/dags.py for tasks to queue
[2026-09-19T13:37:48.737+0000] {logging_mixin.py:190} INFO - [2026-09-19T13:37:48.736+0000] {dagbag.py:588} INFO - Filling up the DagBag from /opt/airflow/dags/dags.py
[2026-09-19T13:37:48.738+0000] {logging_mixin.py:190} INFO - [2026-09-19T13:37:48.738+0000] {dagbag.py:387} ERROR - Failed to import: /opt/airflow/dags/dags.py
Traceback (most recent call last):
  File "/home/airflow/.local/lib/python3.12/site-packages/airflow/models/dagbag.py", line 383, in parse
    loader.exec_module(new_module)
  File "<frozen importlib._bootstrap_external>", line 995, in exec_module
  File "<frozen importlib._bootstrap>", line 488, in _call_with_frames_removed
  File "/opt/airflow/dags/dags.py", line 1, in <module>
    from extraction.extract_weather import extract_data
ModuleNotFoundError: No module named 'extraction'
[2026-09-19T13:37:48.739+0000] {processor.py:927} WARNING - No viable dags retrieved from /opt/airflow/dags/dags.py
[2026-09-19T13:37:48.759+0000] {processor.py:208} INFO - Processing /opt/airflow/dags/dags.py took 0.028 seconds
[2026-09-19T13:38:18.898+0000] {processor.py:186} INFO - Started process (PID=48) to work on /opt/airflow/dags/dags.py
[2026-09-19T13:38:18.901+0000] {processor.py:914} INFO - Processing file /opt/airflow/dags/dags.py for tasks to queue
[2026-09-19T13:38:18.902+0000] {logging_mixin.py:190} INFO - [2026-09-19T13:38:18.902+0000] {dagbag.py:588} INFO - Filling up the DagBag from /opt/airflow/dags/dags.py
[2026-09-19T13:38:18.904+0000] {logging_mixin.py:190} INFO - [2026-09-19T13:38:18.903+0000] {dagbag.py:387} ERROR - Failed to import: /opt/airflow/dags/dags.py
Traceback (most recent call last):
  File "/home/airflow/.local/lib/python3.12/site-packages/airflow/models/dagbag.py", line 383, in parse
    loader.exec_module(new_module)
  File "<frozen importlib._bootstrap_external>", line 995, in exec_module
  File "<frozen importlib._bootstrap>", line 488, in _call_with_frames_removed
  File "/opt/airflow/dags/dags.py", line 1, in <module>
    from extraction.extract_weather import extract_data
ModuleNotFoundError: No module named 'extraction'
[2026-09-19T13:38:18.904+0000] {processor.py:927} WARNING - No viable dags retrieved from /opt/airflow/dags/dags.py
[2026-09-19T13:38:18.919+0000] {processor.py:208} INFO - Processing /opt/airflow/dags/dags.py took 0.026 seconds
[2026-09-19T13:38:49.063+0000] {processor.py:186} INFO - Started process (PID=49) to work on /opt/airflow/dags/dags.py
[2026-09-19T13:38:49.064+0000] {processor.py:914} INFO - Processing file /opt/airflow/dags/dags.py for tasks to queue
[2026-09-19T13:38:49.065+0000] {logging_mixin.py:190} INFO - [2026-09-19T13:38:49.065+0000] {dagbag.py:588} INFO - Filling up the DagBag from /opt/airflow/dags/dags.py
[2026-09-19T13:38:49.067+0000] {logging_mixin.py:190} INFO - [2026-09-19T13:38:49.066+0000] {dagbag.py:387} ERROR - Failed to import: /opt/airflow/dags/dags.py
Traceback (most recent call last):
  File "/home/airflow/.local/lib/python3.12/site-packages/airflow/models/dagbag.py", line 383, in parse
    loader.exec_module(new_module)
  File "<frozen importlib._bootstrap_external>", line 995, in exec_module
  File "<frozen importlib._bootstrap>", line 488, in _call_with_frames_removed
  File "/opt/airflow/dags/dags.py", line 1, in <module>
    from extraction.extract_weather import extract_data
ModuleNotFoundError: No module named 'extraction'
[2026-09-19T13:38:49.067+0000] {processor.py:927} WARNING - No viable dags retrieved from /opt/airflow/dags/dags.py
[2026-09-19T13:38:49.086+0000] {processor.py:208} INFO - Processing /opt/airflow/dags/dags.py took 0.026 seconds
[2026-09-19T13:39:27.322+0000] {processor.py:186} INFO - Started process (PID=42) to work on /opt/airflow/dags/dags.py
[2026-09-19T13:39:27.323+0000] {processor.py:914} INFO - Processing file /opt/airflow/dags/dags.py for tasks to queue
[2026-09-19T13:39:27.324+0000] {logging_mixin.py:190} INFO - [2026-09-19T13:39:27.324+0000] {dagbag.py:588} INFO - Filling up the DagBag from /opt/airflow/dags/dags.py
[2026-09-19T13:39:27.326+0000] {logging_mixin.py:190} INFO - [2026-09-19T13:39:27.325+0000] {dagbag.py:387} ERROR - Failed to import: /opt/airflow/dags/dags.py
Traceback (most recent call last):
  File "/home/airflow/.local/lib/python3.12/site-packages/airflow/models/dagbag.py", line 383, in parse
    loader.exec_module(new_module)
  File "<frozen importlib._bootstrap_external>", line 995, in exec_module
  File "<frozen importlib._bootstrap>", line 488, in _call_with_frames_removed
  File "/opt/airflow/dags/dags.py", line 1, in <module>
    from extraction.extract_weather import extract_data
ModuleNotFoundError: No module named 'extraction'
[2026-09-19T13:39:27.326+0000] {processor.py:927} WARNING - No viable dags retrieved from /opt/airflow/dags/dags.py
[2026-09-19T13:39:27.342+0000] {processor.py:208} INFO - Processing /opt/airflow/dags/dags.py took 0.023 seconds
[2026-09-19T13:39:57.481+0000] {processor.py:186} INFO - Started process (PID=44) to work on /opt/airflow/dags/dags.py
[2026-09-19T13:39:57.481+0000] {processor.py:914} INFO - Processing file /opt/airflow/dags/dags.py for tasks to queue
[2026-09-19T13:39:57.482+0000] {logging_mixin.py:190} INFO - [2026-09-19T13:39:57.482+0000] {dagbag.py:588} INFO - Filling up the DagBag from /opt/airflow/dags/dags.py
[2026-09-19T13:39:57.484+0000] {logging_mixin.py:190} INFO - [2026-09-19T13:39:57.483+0000] {dagbag.py:387} ERROR - Failed to import: /opt/airflow/dags/dags.py
Traceback (most recent call last):
  File "/home/airflow/.local/lib/python3.12/site-packages/airflow/models/dagbag.py", line 383, in parse
    loader.exec_module(new_module)
  File "<frozen importlib._bootstrap_external>", line 995, in exec_module
  File "<frozen importlib._bootstrap>", line 488, in _call_with_frames_removed
  File "/opt/airflow/dags/dags.py", line 1, in <module>
    from extraction.extract_weather import extract_data
ModuleNotFoundError: No module named 'extraction'
[2026-09-19T13:39:57.484+0000] {processor.py:927} WARNING - No viable dags retrieved from /opt/airflow/dags/dags.py
[2026-09-19T13:39:57.504+0000] {processor.py:208} INFO - Processing /opt/airflow/dags/dags.py took 0.026 seconds
[2026-09-19T13:40:39.713+0000] {processor.py:186} INFO - Started process (PID=41) to work on /opt/airflow/dags/dags.py
[2026-09-19T13:40:39.714+0000] {processor.py:914} INFO - Processing file /opt/airflow/dags/dags.py for tasks to queue
[2026-09-19T13:40:39.715+0000] {logging_mixin.py:190} INFO - [2026-09-19T13:40:39.714+0000] {dagbag.py:588} INFO - Filling up the DagBag from /opt/airflow/dags/dags.py
[2026-09-19T13:40:39.717+0000] {logging_mixin.py:190} INFO - [2026-09-19T13:40:39.716+0000] {dagbag.py:387} ERROR - Failed to import: /opt/airflow/dags/dags.py
Traceback (most recent call last):
  File "/home/airflow/.local/lib/python3.12/site-packages/airflow/models/dagbag.py", line 383, in parse
    loader.exec_module(new_module)
  File "<frozen importlib._bootstrap_external>", line 995, in exec_module
  File "<frozen importlib._bootstrap>", line 488, in _call_with_frames_removed
  File "/opt/airflow/dags/dags.py", line 1, in <module>
    from extraction.extract_weather import extract_data
ModuleNotFoundError: No module named 'extraction'
[2026-09-19T13:40:39.717+0000] {processor.py:927} WARNING - No viable dags retrieved from /opt/airflow/dags/dags.py
[2026-09-19T13:40:39.734+0000] {processor.py:208} INFO - Processing /opt/airflow/dags/dags.py took 0.024 seconds
[2026-09-19T13:41:09.854+0000] {processor.py:186} INFO - Started process (PID=43) to work on /opt/airflow/dags/dags.py
[2026-09-19T13:41:09.854+0000] {processor.py:914} INFO - Processing file /opt/airflow/dags/dags.py for tasks to queue
[2026-09-19T13:41:09.855+0000] {logging_mixin.py:190} INFO - [2026-09-19T13:41:09.855+0000] {dagbag.py:588} INFO - Filling up the DagBag from /opt/airflow/dags/dags.py
[2026-09-19T13:41:09.857+0000] {logging_mixin.py:190} INFO - [2026-09-19T13:41:09.857+0000] {dagbag.py:387} ERROR - Failed to import: /opt/airflow/dags/dags.py
Traceback (most recent call last):
  File "/home/airflow/.local/lib/python3.12/site-packages/airflow/models/dagbag.py", line 383, in parse
    loader.exec_module(new_module)
  File "<frozen importlib._bootstrap_external>", line 995, in exec_module
  File "<frozen importlib._bootstrap>", line 488, in _call_with_frames_removed
  File "/opt/airflow/dags/dags.py", line 1, in <module>
    from extraction.extract_weather import extract_data
ModuleNotFoundError: No module named 'extraction'
[2026-09-19T13:41:09.857+0000] {processor.py:927} WARNING - No viable dags retrieved from /opt/airflow/dags/dags.py
[2026-09-19T13:41:09.873+0000] {processor.py:208} INFO - Processing /opt/airflow/dags/dags.py took 0.022 seconds
[2026-09-19T13:41:40.020+0000] {processor.py:186} INFO - Started process (PID=44) to work on /opt/airflow/dags/dags.py
[2026-09-19T13:41:40.021+0000] {processor.py:914} INFO - Processing file /opt/airflow/dags/dags.py for tasks to queue
[2026-09-19T13:41:40.022+0000] {logging_mixin.py:190} INFO - [2026-09-19T13:41:40.022+0000] {dagbag.py:588} INFO - Filling up the DagBag from /opt/airflow/dags/dags.py
[2026-09-19T13:41:40.024+0000] {logging_mixin.py:190} INFO - [2026-09-19T13:41:40.023+0000] {dagbag.py:387} ERROR - Failed to import: /opt/airflow/dags/dags.py
Traceback (most recent call last):
  File "/home/airflow/.local/lib/python3.12/site-packages/airflow/models/dagbag.py", line 383, in parse
    loader.exec_module(new_module)
  File "<frozen importlib._bootstrap_external>", line 995, in exec_module
  File "<frozen importlib._bootstrap>", line 488, in _call_with_frames_removed
  File "/opt/airflow/dags/dags.py", line 1, in <module>
    from extraction.extract_weather import extract_data
ModuleNotFoundError: No module named 'extraction'
[2026-09-19T13:41:40.024+0000] {processor.py:927} WARNING - No viable dags retrieved from /opt/airflow/dags/dags.py
[2026-09-19T13:41:40.043+0000] {processor.py:208} INFO - Processing /opt/airflow/dags/dags.py took 0.026 seconds
[2026-09-19T13:42:10.212+0000] {processor.py:186} INFO - Started process (PID=45) to work on /opt/airflow/dags/dags.py
[2026-09-19T13:42:10.212+0000] {processor.py:914} INFO - Processing file /opt/airflow/dags/dags.py for tasks to queue
[2026-09-19T13:42:10.213+0000] {logging_mixin.py:190} INFO - [2026-09-19T13:42:10.213+0000] {dagbag.py:588} INFO - Filling up the DagBag from /opt/airflow/dags/dags.py
[2026-09-19T13:42:10.215+0000] {logging_mixin.py:190} INFO - [2026-09-19T13:42:10.214+0000] {dagbag.py:387} ERROR - Failed to import: /opt/airflow/dags/dags.py
Traceback (most recent call last):
  File "/home/airflow/.local/lib/python3.12/site-packages/airflow/models/dagbag.py", line 383, in parse
    loader.exec_module(new_module)
  File "<frozen importlib._bootstrap_external>", line 995, in exec_module
  File "<frozen importlib._bootstrap>", line 488, in _call_with_frames_removed
  File "/opt/airflow/dags/dags.py", line 1, in <module>
    from extraction.extract_weather import extract_data
ModuleNotFoundError: No module named 'extraction'
[2026-09-19T13:42:10.215+0000] {processor.py:927} WARNING - No viable dags retrieved from /opt/airflow/dags/dags.py
[2026-09-19T13:42:10.225+0000] {processor.py:208} INFO - Processing /opt/airflow/dags/dags.py took 0.018 seconds
[2026-09-19T13:42:40.411+0000] {processor.py:186} INFO - Started process (PID=46) to work on /opt/airflow/dags/dags.py
[2026-09-19T13:42:40.412+0000] {processor.py:914} INFO - Processing file /opt/airflow/dags/dags.py for tasks to queue
[2026-09-19T13:42:40.413+0000] {logging_mixin.py:190} INFO - [2026-09-19T13:42:40.413+0000] {dagbag.py:588} INFO - Filling up the DagBag from /opt/airflow/dags/dags.py
[2026-09-19T13:42:40.415+0000] {logging_mixin.py:190} INFO - [2026-09-19T13:42:40.414+0000] {dagbag.py:387} ERROR - Failed to import: /opt/airflow/dags/dags.py
Traceback (most recent call last):
  File "/home/airflow/.local/lib/python3.12/site-packages/airflow/models/dagbag.py", line 383, in parse
    loader.exec_module(new_module)
  File "<frozen importlib._bootstrap_external>", line 995, in exec_module
  File "<frozen importlib._bootstrap>", line 488, in _call_with_frames_removed
  File "/opt/airflow/dags/dags.py", line 1, in <module>
    from extraction.extract_weather import extract_data
ModuleNotFoundError: No module named 'extraction'
[2026-09-19T13:42:40.415+0000] {processor.py:927} WARNING - No viable dags retrieved from /opt/airflow/dags/dags.py
[2026-09-19T13:42:40.427+0000] {processor.py:208} INFO - Processing /opt/airflow/dags/dags.py took 0.019 seconds
[2026-09-19T13:43:10.602+0000] {processor.py:186} INFO - Started process (PID=47) to work on /opt/airflow/dags/dags.py
[2026-09-19T13:43:10.602+0000] {processor.py:914} INFO - Processing file /opt/airflow/dags/dags.py for tasks to queue
[2026-09-19T13:43:10.603+0000] {logging_mixin.py:190} INFO - [2026-09-19T13:43:10.603+0000] {dagbag.py:588} INFO - Filling up the DagBag from /opt/airflow/dags/dags.py
[2026-09-19T13:43:10.605+0000] {logging_mixin.py:190} INFO - [2026-09-19T13:43:10.605+0000] {dagbag.py:387} ERROR - Failed to import: /opt/airflow/dags/dags.py
Traceback (most recent call last):
  File "/home/airflow/.local/lib/python3.12/site-packages/airflow/models/dagbag.py", line 383, in parse
    loader.exec_module(new_module)
  File "<frozen importlib._bootstrap_external>", line 995, in exec_module
  File "<frozen importlib._bootstrap>", line 488, in _call_with_frames_removed
  File "/opt/airflow/dags/dags.py", line 1, in <module>
    from extraction.extract_weather import extract_data
ModuleNotFoundError: No module named 'extraction'
[2026-09-19T13:43:10.605+0000] {processor.py:927} WARNING - No viable dags retrieved from /opt/airflow/dags/dags.py
[2026-09-19T13:43:10.616+0000] {processor.py:208} INFO - Processing /opt/airflow/dags/dags.py took 0.016 seconds
[2026-09-19T13:43:40.783+0000] {processor.py:186} INFO - Started process (PID=48) to work on /opt/airflow/dags/dags.py
[2026-09-19T13:43:40.783+0000] {processor.py:914} INFO - Processing file /opt/airflow/dags/dags.py for tasks to queue
[2026-09-19T13:43:40.784+0000] {logging_mixin.py:190} INFO - [2026-09-19T13:43:40.784+0000] {dagbag.py:588} INFO - Filling up the DagBag from /opt/airflow/dags/dags.py
[2026-09-19T13:43:40.786+0000] {logging_mixin.py:190} INFO - [2026-09-19T13:43:40.786+0000] {dagbag.py:387} ERROR - Failed to import: /opt/airflow/dags/dags.py
Traceback (most recent call last):
  File "/home/airflow/.local/lib/python3.12/site-packages/airflow/models/dagbag.py", line 383, in parse
    loader.exec_module(new_module)
  File "<frozen importlib._bootstrap_external>", line 995, in exec_module
  File "<frozen importlib._bootstrap>", line 488, in _call_with_frames_removed
  File "/opt/airflow/dags/dags.py", line 1, in <module>
    from extraction.extract_weather import extract_data
ModuleNotFoundError: No module named 'extraction'
[2026-09-19T13:43:40.787+0000] {processor.py:927} WARNING - No viable dags retrieved from /opt/airflow/dags/dags.py
[2026-09-19T13:43:40.799+0000] {processor.py:208} INFO - Processing /opt/airflow/dags/dags.py took 0.019 seconds
[2026-09-19T13:44:10.966+0000] {processor.py:186} INFO - Started process (PID=49) to work on /opt/airflow/dags/dags.py
[2026-09-19T13:44:10.967+0000] {processor.py:914} INFO - Processing file /opt/airflow/dags/dags.py for tasks to queue
[2026-09-19T13:44:10.968+0000] {logging_mixin.py:190} INFO - [2026-09-19T13:44:10.968+0000] {dagbag.py:588} INFO - Filling up the DagBag from /opt/airflow/dags/dags.py
[2026-09-19T13:44:10.970+0000] {logging_mixin.py:190} INFO - [2026-09-19T13:44:10.969+0000] {dagbag.py:387} ERROR - Failed to import: /opt/airflow/dags/dags.py
Traceback (most recent call last):
  File "/home/airflow/.local/lib/python3.12/site-packages/airflow/models/dagbag.py", line 383, in parse
    loader.exec_module(new_module)
  File "<frozen importlib._bootstrap_external>", line 995, in exec_module
  File "<frozen importlib._bootstrap>", line 488, in _call_with_frames_removed
  File "/opt/airflow/dags/dags.py", line 1, in <module>
    from extraction.extract_weather import extract_data
ModuleNotFoundError: No module named 'extraction'
[2026-09-19T13:44:10.970+0000] {processor.py:927} WARNING - No viable dags retrieved from /opt/airflow/dags/dags.py
[2026-09-19T13:44:10.987+0000] {processor.py:208} INFO - Processing /opt/airflow/dags/dags.py took 0.023 seconds
[2026-09-19T13:44:41.159+0000] {processor.py:186} INFO - Started process (PID=50) to work on /opt/airflow/dags/dags.py
[2026-09-19T13:44:41.159+0000] {processor.py:914} INFO - Processing file /opt/airflow/dags/dags.py for tasks to queue
[2026-09-19T13:44:41.160+0000] {logging_mixin.py:190} INFO - [2026-09-19T13:44:41.160+0000] {dagbag.py:588} INFO - Filling up the DagBag from /opt/airflow/dags/dags.py
[2026-09-19T13:44:41.162+0000] {logging_mixin.py:190} INFO - [2026-09-19T13:44:41.162+0000] {dagbag.py:387} ERROR - Failed to import: /opt/airflow/dags/dags.py
Traceback (most recent call last):
  File "/home/airflow/.local/lib/python3.12/site-packages/airflow/models/dagbag.py", line 383, in parse
    loader.exec_module(new_module)
  File "<frozen importlib._bootstrap_external>", line 995, in exec_module
  File "<frozen importlib._bootstrap>", line 488, in _call_with_frames_removed
  File "/opt/airflow/dags/dags.py", line 1, in <module>
    from extraction.extract_weather import extract_data
ModuleNotFoundError: No module named 'extraction'
[2026-09-19T13:44:41.162+0000] {processor.py:927} WARNING - No viable dags retrieved from /opt/airflow/dags/dags.py
[2026-09-19T13:44:41.179+0000] {processor.py:208} INFO - Processing /opt/airflow/dags/dags.py took 0.025 seconds
[2026-09-19T13:44:51.224+0000] {processor.py:186} INFO - Started process (PID=51) to work on /opt/airflow/dags/dags.py
[2026-09-19T13:44:51.224+0000] {processor.py:914} INFO - Processing file /opt/airflow/dags/dags.py for tasks to queue
[2026-09-19T13:44:51.225+0000] {logging_mixin.py:190} INFO - [2026-09-19T13:44:51.225+0000] {dagbag.py:588} INFO - Filling up the DagBag from /opt/airflow/dags/dags.py
[2026-09-19T13:44:51.227+0000] {logging_mixin.py:190} INFO - [2026-09-19T13:44:51.227+0000] {dagbag.py:387} ERROR - Failed to import: /opt/airflow/dags/dags.py
Traceback (most recent call last):
  File "/home/airflow/.local/lib/python3.12/site-packages/airflow/models/dagbag.py", line 383, in parse
    loader.exec_module(new_module)
  File "<frozen importlib._bootstrap_external>", line 995, in exec_module
  File "<frozen importlib._bootstrap>", line 488, in _call_with_frames_removed
  File "/opt/airflow/dags/dags.py", line 1, in <module>
    from extraction.extract_weather import extract_data
ModuleNotFoundError: No module named 'extraction'
[2026-09-19T13:44:51.227+0000] {processor.py:927} WARNING - No viable dags retrieved from /opt/airflow/dags/dags.py
[2026-09-19T13:44:51.247+0000] {processor.py:208} INFO - Processing /opt/airflow/dags/dags.py took 0.027 seconds
[2026-09-19T13:44:52.240+0000] {processor.py:186} INFO - Started process (PID=52) to work on /opt/airflow/dags/dags.py
[2026-09-19T13:44:52.241+0000] {processor.py:914} INFO - Processing file /opt/airflow/dags/dags.py for tasks to queue
[2026-09-19T13:44:52.242+0000] {logging_mixin.py:190} INFO - [2026-09-19T13:44:52.242+0000] {dagbag.py:588} INFO - Filling up the DagBag from /opt/airflow/dags/dags.py
[2026-09-19T13:44:52.244+0000] {logging_mixin.py:190} INFO - [2026-09-19T13:44:52.243+0000] {dagbag.py:387} ERROR - Failed to import: /opt/airflow/dags/dags.py
Traceback (most recent call last):
  File "/home/airflow/.local/lib/python3.12/site-packages/airflow/models/dagbag.py", line 383, in parse
    loader.exec_module(new_module)
  File "<frozen importlib._bootstrap_external>", line 995, in exec_module
  File "<frozen importlib._bootstrap>", line 488, in _call_with_frames_removed
  File "/opt/airflow/dags/dags.py", line 1, in <module>
    from extraction.extract_weather import extract_data
ModuleNotFoundError: No module named 'extraction'
[2026-09-19T13:44:52.244+0000] {processor.py:927} WARNING - No viable dags retrieved from /opt/airflow/dags/dags.py
[2026-09-19T13:44:52.255+0000] {processor.py:208} INFO - Processing /opt/airflow/dags/dags.py took 0.019 seconds
[2026-09-19T13:45:15.387+0000] {processor.py:186} INFO - Started process (PID=53) to work on /opt/airflow/dags/dags.py
[2026-09-19T13:45:15.390+0000] {processor.py:914} INFO - Processing file /opt/airflow/dags/dags.py for tasks to queue
[2026-09-19T13:45:15.392+0000] {logging_mixin.py:190} INFO - [2026-09-19T13:45:15.392+0000] {dagbag.py:588} INFO - Filling up the DagBag from /opt/airflow/dags/dags.py
[2026-09-19T13:45:15.394+0000] {logging_mixin.py:190} INFO - [2026-09-19T13:45:15.393+0000] {dagbag.py:387} ERROR - Failed to import: /opt/airflow/dags/dags.py
Traceback (most recent call last):
  File "/home/airflow/.local/lib/python3.12/site-packages/airflow/models/dagbag.py", line 383, in parse
    loader.exec_module(new_module)
  File "<frozen importlib._bootstrap_external>", line 995, in exec_module
  File "<frozen importlib._bootstrap>", line 488, in _call_with_frames_removed
  File "/opt/airflow/dags/dags.py", line 2, in <module>
    from transformation.transform_silver_weather import transform_silver_data
ModuleNotFoundError: No module named 'transformation'
[2026-09-19T13:45:15.394+0000] {processor.py:927} WARNING - No viable dags retrieved from /opt/airflow/dags/dags.py
[2026-09-19T13:45:15.410+0000] {processor.py:208} INFO - Processing /opt/airflow/dags/dags.py took 0.028 seconds
[2026-09-19T13:45:20.412+0000] {processor.py:186} INFO - Started process (PID=54) to work on /opt/airflow/dags/dags.py
[2026-09-19T13:45:20.413+0000] {processor.py:914} INFO - Processing file /opt/airflow/dags/dags.py for tasks to queue
[2026-09-19T13:45:20.414+0000] {logging_mixin.py:190} INFO - [2026-09-19T13:45:20.414+0000] {dagbag.py:588} INFO - Filling up the DagBag from /opt/airflow/dags/dags.py
[2026-09-19T13:45:20.416+0000] {logging_mixin.py:190} INFO - [2026-09-19T13:45:20.416+0000] {dagbag.py:387} ERROR - Failed to import: /opt/airflow/dags/dags.py
Traceback (most recent call last):
  File "/home/airflow/.local/lib/python3.12/site-packages/airflow/models/dagbag.py", line 383, in parse
    loader.exec_module(new_module)
  File "<frozen importlib._bootstrap_external>", line 995, in exec_module
  File "<frozen importlib._bootstrap>", line 488, in _call_with_frames_removed
  File "/opt/airflow/dags/dags.py", line 2, in <module>
    from transformation.transform_silver_weather import transform_silver_data
ModuleNotFoundError: No module named 'transformation'
[2026-09-19T13:45:20.416+0000] {processor.py:927} WARNING - No viable dags retrieved from /opt/airflow/dags/dags.py
[2026-09-19T13:45:20.435+0000] {processor.py:208} INFO - Processing /opt/airflow/dags/dags.py took 0.026 seconds
[2026-09-19T13:45:40.534+0000] {processor.py:186} INFO - Started process (PID=55) to work on /opt/airflow/dags/dags.py
[2026-09-19T13:45:40.535+0000] {processor.py:914} INFO - Processing file /opt/airflow/dags/dags.py for tasks to queue
[2026-09-19T13:45:40.536+0000] {logging_mixin.py:190} INFO - [2026-09-19T13:45:40.536+0000] {dagbag.py:588} INFO - Filling up the DagBag from /opt/airflow/dags/dags.py
[2026-09-19T13:45:40.538+0000] {logging_mixin.py:190} INFO - [2026-09-19T13:45:40.537+0000] {dagbag.py:387} ERROR - Failed to import: /opt/airflow/dags/dags.py
Traceback (most recent call last):
  File "/home/airflow/.local/lib/python3.12/site-packages/airflow/models/dagbag.py", line 383, in parse
    loader.exec_module(new_module)
  File "<frozen importlib._bootstrap_external>", line 995, in exec_module
  File "<frozen importlib._bootstrap>", line 488, in _call_with_frames_removed
  File "/opt/airflow/dags/dags.py", line 1, in <module>
    from extraction.extract_weather import extract_data
ModuleNotFoundError: No module named 'extraction'
[2026-09-19T13:45:40.538+0000] {processor.py:927} WARNING - No viable dags retrieved from /opt/airflow/dags/dags.py
[2026-09-19T13:45:40.553+0000] {processor.py:208} INFO - Processing /opt/airflow/dags/dags.py took 0.021 seconds
[2026-09-19T13:46:10.709+0000] {processor.py:186} INFO - Started process (PID=56) to work on /opt/airflow/dags/dags.py
[2026-09-19T13:46:10.713+0000] {processor.py:914} INFO - Processing file /opt/airflow/dags/dags.py for tasks to queue
[2026-09-19T13:46:10.714+0000] {logging_mixin.py:190} INFO - [2026-09-19T13:46:10.714+0000] {dagbag.py:588} INFO - Filling up the DagBag from /opt/airflow/dags/dags.py
[2026-09-19T13:46:10.716+0000] {logging_mixin.py:190} INFO - [2026-09-19T13:46:10.715+0000] {dagbag.py:387} ERROR - Failed to import: /opt/airflow/dags/dags.py
Traceback (most recent call last):
  File "/home/airflow/.local/lib/python3.12/site-packages/airflow/models/dagbag.py", line 383, in parse
    loader.exec_module(new_module)
  File "<frozen importlib._bootstrap_external>", line 995, in exec_module
  File "<frozen importlib._bootstrap>", line 488, in _call_with_frames_removed
  File "/opt/airflow/dags/dags.py", line 1, in <module>
    from extraction.extract_weather import extract_data
ModuleNotFoundError: No module named 'extraction'
[2026-09-19T13:46:10.716+0000] {processor.py:927} WARNING - No viable dags retrieved from /opt/airflow/dags/dags.py
[2026-09-19T13:46:10.730+0000] {processor.py:208} INFO - Processing /opt/airflow/dags/dags.py took 0.026 seconds
[2026-09-19T13:47:08.571+0000] {processor.py:186} INFO - Started process (PID=42) to work on /opt/airflow/dags/dags.py
[2026-09-19T13:47:08.572+0000] {processor.py:914} INFO - Processing file /opt/airflow/dags/dags.py for tasks to queue
[2026-09-19T13:47:08.573+0000] {logging_mixin.py:190} INFO - [2026-09-19T13:47:08.573+0000] {dagbag.py:588} INFO - Filling up the DagBag from /opt/airflow/dags/dags.py
[2026-09-19T13:47:08.575+0000] {logging_mixin.py:190} INFO - [2026-09-19T13:47:08.575+0000] {dagbag.py:387} ERROR - Failed to import: /opt/airflow/dags/dags.py
Traceback (most recent call last):
  File "/home/airflow/.local/lib/python3.12/site-packages/airflow/models/dagbag.py", line 383, in parse
    loader.exec_module(new_module)
  File "<frozen importlib._bootstrap_external>", line 995, in exec_module
  File "<frozen importlib._bootstrap>", line 488, in _call_with_frames_removed
  File "/opt/airflow/dags/dags.py", line 1, in <module>
    from extraction.extract_weather import extract_data
ModuleNotFoundError: No module named 'extraction'
[2026-09-19T13:47:08.575+0000] {processor.py:927} WARNING - No viable dags retrieved from /opt/airflow/dags/dags.py
[2026-09-19T13:47:08.589+0000] {processor.py:208} INFO - Processing /opt/airflow/dags/dags.py took 0.022 seconds
[2026-09-19T13:47:38.716+0000] {processor.py:186} INFO - Started process (PID=43) to work on /opt/airflow/dags/dags.py
[2026-09-19T13:47:38.716+0000] {processor.py:914} INFO - Processing file /opt/airflow/dags/dags.py for tasks to queue
[2026-09-19T13:47:38.717+0000] {logging_mixin.py:190} INFO - [2026-09-19T13:47:38.717+0000] {dagbag.py:588} INFO - Filling up the DagBag from /opt/airflow/dags/dags.py
[2026-09-19T13:47:38.719+0000] {logging_mixin.py:190} INFO - [2026-09-19T13:47:38.719+0000] {dagbag.py:387} ERROR - Failed to import: /opt/airflow/dags/dags.py
Traceback (most recent call last):
  File "/home/airflow/.local/lib/python3.12/site-packages/airflow/models/dagbag.py", line 383, in parse
    loader.exec_module(new_module)
  File "<frozen importlib._bootstrap_external>", line 995, in exec_module
  File "<frozen importlib._bootstrap>", line 488, in _call_with_frames_removed
  File "/opt/airflow/dags/dags.py", line 1, in <module>
    from extraction.extract_weather import extract_data
ModuleNotFoundError: No module named 'extraction'
[2026-09-19T13:47:38.719+0000] {processor.py:927} WARNING - No viable dags retrieved from /opt/airflow/dags/dags.py
[2026-09-19T13:47:38.735+0000] {processor.py:208} INFO - Processing /opt/airflow/dags/dags.py took 0.021 seconds
[2026-09-19T13:48:08.857+0000] {processor.py:186} INFO - Started process (PID=44) to work on /opt/airflow/dags/dags.py
[2026-09-19T13:48:08.858+0000] {processor.py:914} INFO - Processing file /opt/airflow/dags/dags.py for tasks to queue
[2026-09-19T13:48:08.859+0000] {logging_mixin.py:190} INFO - [2026-09-19T13:48:08.859+0000] {dagbag.py:588} INFO - Filling up the DagBag from /opt/airflow/dags/dags.py
[2026-09-19T13:48:08.861+0000] {logging_mixin.py:190} INFO - [2026-09-19T13:48:08.860+0000] {dagbag.py:387} ERROR - Failed to import: /opt/airflow/dags/dags.py
Traceback (most recent call last):
  File "/home/airflow/.local/lib/python3.12/site-packages/airflow/models/dagbag.py", line 383, in parse
    loader.exec_module(new_module)
  File "<frozen importlib._bootstrap_external>", line 995, in exec_module
  File "<frozen importlib._bootstrap>", line 488, in _call_with_frames_removed
  File "/opt/airflow/dags/dags.py", line 1, in <module>
    from extraction.extract_weather import extract_data
ModuleNotFoundError: No module named 'extraction'
[2026-09-19T13:48:08.861+0000] {processor.py:927} WARNING - No viable dags retrieved from /opt/airflow/dags/dags.py
[2026-09-19T13:48:08.877+0000] {processor.py:208} INFO - Processing /opt/airflow/dags/dags.py took 0.024 seconds
[2026-09-19T13:48:39.015+0000] {processor.py:186} INFO - Started process (PID=45) to work on /opt/airflow/dags/dags.py
[2026-09-19T13:48:39.016+0000] {processor.py:914} INFO - Processing file /opt/airflow/dags/dags.py for tasks to queue
[2026-09-19T13:48:39.017+0000] {logging_mixin.py:190} INFO - [2026-09-19T13:48:39.016+0000] {dagbag.py:588} INFO - Filling up the DagBag from /opt/airflow/dags/dags.py
[2026-09-19T13:48:39.018+0000] {logging_mixin.py:190} INFO - [2026-09-19T13:48:39.018+0000] {dagbag.py:387} ERROR - Failed to import: /opt/airflow/dags/dags.py
Traceback (most recent call last):
  File "/home/airflow/.local/lib/python3.12/site-packages/airflow/models/dagbag.py", line 383, in parse
    loader.exec_module(new_module)
  File "<frozen importlib._bootstrap_external>", line 995, in exec_module
  File "<frozen importlib._bootstrap>", line 488, in _call_with_frames_removed
  File "/opt/airflow/dags/dags.py", line 1, in <module>
    from extraction.extract_weather import extract_data
ModuleNotFoundError: No module named 'extraction'
[2026-09-19T13:48:39.019+0000] {processor.py:927} WARNING - No viable dags retrieved from /opt/airflow/dags/dags.py
[2026-09-19T13:48:39.036+0000] {processor.py:208} INFO - Processing /opt/airflow/dags/dags.py took 0.024 seconds
[2026-09-19T13:49:09.176+0000] {processor.py:186} INFO - Started process (PID=46) to work on /opt/airflow/dags/dags.py
[2026-09-19T13:49:09.179+0000] {processor.py:914} INFO - Processing file /opt/airflow/dags/dags.py for tasks to queue
[2026-09-19T13:49:09.181+0000] {logging_mixin.py:190} INFO - [2026-09-19T13:49:09.180+0000] {dagbag.py:588} INFO - Filling up the DagBag from /opt/airflow/dags/dags.py
[2026-09-19T13:49:09.182+0000] {logging_mixin.py:190} INFO - [2026-09-19T13:49:09.182+0000] {dagbag.py:387} ERROR - Failed to import: /opt/airflow/dags/dags.py
Traceback (most recent call last):
  File "/home/airflow/.local/lib/python3.12/site-packages/airflow/models/dagbag.py", line 383, in parse
    loader.exec_module(new_module)
  File "<frozen importlib._bootstrap_external>", line 995, in exec_module
  File "<frozen importlib._bootstrap>", line 488, in _call_with_frames_removed
  File "/opt/airflow/dags/dags.py", line 1, in <module>
    from extraction.extract_weather import extract_data
ModuleNotFoundError: No module named 'extraction'
[2026-09-19T13:49:09.183+0000] {processor.py:927} WARNING - No viable dags retrieved from /opt/airflow/dags/dags.py
[2026-09-19T13:49:09.199+0000] {processor.py:208} INFO - Processing /opt/airflow/dags/dags.py took 0.026 seconds
[2026-09-19T13:49:39.343+0000] {processor.py:186} INFO - Started process (PID=47) to work on /opt/airflow/dags/dags.py
[2026-09-19T13:49:39.344+0000] {processor.py:914} INFO - Processing file /opt/airflow/dags/dags.py for tasks to queue
[2026-09-19T13:49:39.345+0000] {logging_mixin.py:190} INFO - [2026-09-19T13:49:39.345+0000] {dagbag.py:588} INFO - Filling up the DagBag from /opt/airflow/dags/dags.py
[2026-09-19T13:49:39.348+0000] {logging_mixin.py:190} INFO - [2026-09-19T13:49:39.347+0000] {dagbag.py:387} ERROR - Failed to import: /opt/airflow/dags/dags.py
Traceback (most recent call last):
  File "/home/airflow/.local/lib/python3.12/site-packages/airflow/models/dagbag.py", line 383, in parse
    loader.exec_module(new_module)
  File "<frozen importlib._bootstrap_external>", line 995, in exec_module
  File "<frozen importlib._bootstrap>", line 488, in _call_with_frames_removed
  File "/opt/airflow/dags/dags.py", line 1, in <module>
    from extraction.extract_weather import extract_data
ModuleNotFoundError: No module named 'extraction'
[2026-09-19T13:49:39.348+0000] {processor.py:927} WARNING - No viable dags retrieved from /opt/airflow/dags/dags.py
[2026-09-19T13:49:39.362+0000] {processor.py:208} INFO - Processing /opt/airflow/dags/dags.py took 0.023 seconds
[2026-09-19T13:50:09.501+0000] {processor.py:186} INFO - Started process (PID=48) to work on /opt/airflow/dags/dags.py
[2026-09-19T13:50:09.504+0000] {processor.py:914} INFO - Processing file /opt/airflow/dags/dags.py for tasks to queue
[2026-09-19T13:50:09.505+0000] {logging_mixin.py:190} INFO - [2026-09-19T13:50:09.505+0000] {dagbag.py:588} INFO - Filling up the DagBag from /opt/airflow/dags/dags.py
[2026-09-19T13:50:09.507+0000] {logging_mixin.py:190} INFO - [2026-09-19T13:50:09.507+0000] {dagbag.py:387} ERROR - Failed to import: /opt/airflow/dags/dags.py
Traceback (most recent call last):
  File "/home/airflow/.local/lib/python3.12/site-packages/airflow/models/dagbag.py", line 383, in parse
    loader.exec_module(new_module)
  File "<frozen importlib._bootstrap_external>", line 995, in exec_module
  File "<frozen importlib._bootstrap>", line 488, in _call_with_frames_removed
  File "/opt/airflow/dags/dags.py", line 1, in <module>
    from extraction.extract_weather import extract_data
ModuleNotFoundError: No module named 'extraction'
[2026-09-19T13:50:09.507+0000] {processor.py:927} WARNING - No viable dags retrieved from /opt/airflow/dags/dags.py
[2026-09-19T13:50:09.523+0000] {processor.py:208} INFO - Processing /opt/airflow/dags/dags.py took 0.027 seconds
[2026-09-19T13:50:39.655+0000] {processor.py:186} INFO - Started process (PID=49) to work on /opt/airflow/dags/dags.py
[2026-09-19T13:50:39.655+0000] {processor.py:914} INFO - Processing file /opt/airflow/dags/dags.py for tasks to queue
[2026-09-19T13:50:39.657+0000] {logging_mixin.py:190} INFO - [2026-09-19T13:50:39.656+0000] {dagbag.py:588} INFO - Filling up the DagBag from /opt/airflow/dags/dags.py
[2026-09-19T13:50:39.658+0000] {logging_mixin.py:190} INFO - [2026-09-19T13:50:39.658+0000] {dagbag.py:387} ERROR - Failed to import: /opt/airflow/dags/dags.py
Traceback (most recent call last):
  File "/home/airflow/.local/lib/python3.12/site-packages/airflow/models/dagbag.py", line 383, in parse
    loader.exec_module(new_module)
  File "<frozen importlib._bootstrap_external>", line 995, in exec_module
  File "<frozen importlib._bootstrap>", line 488, in _call_with_frames_removed
  File "/opt/airflow/dags/dags.py", line 1, in <module>
    from extraction.extract_weather import extract_data
ModuleNotFoundError: No module named 'extraction'
[2026-09-19T13:50:39.659+0000] {processor.py:927} WARNING - No viable dags retrieved from /opt/airflow/dags/dags.py
[2026-09-19T13:50:39.672+0000] {processor.py:208} INFO - Processing /opt/airflow/dags/dags.py took 0.020 seconds
[2026-09-19T13:51:09.837+0000] {processor.py:186} INFO - Started process (PID=50) to work on /opt/airflow/dags/dags.py
[2026-09-19T13:51:09.841+0000] {processor.py:914} INFO - Processing file /opt/airflow/dags/dags.py for tasks to queue
[2026-09-19T13:51:09.842+0000] {logging_mixin.py:190} INFO - [2026-09-19T13:51:09.842+0000] {dagbag.py:588} INFO - Filling up the DagBag from /opt/airflow/dags/dags.py
[2026-09-19T13:51:09.844+0000] {logging_mixin.py:190} INFO - [2026-09-19T13:51:09.843+0000] {dagbag.py:387} ERROR - Failed to import: /opt/airflow/dags/dags.py
Traceback (most recent call last):
  File "/home/airflow/.local/lib/python3.12/site-packages/airflow/models/dagbag.py", line 383, in parse
    loader.exec_module(new_module)
  File "<frozen importlib._bootstrap_external>", line 995, in exec_module
  File "<frozen importlib._bootstrap>", line 488, in _call_with_frames_removed
  File "/opt/airflow/dags/dags.py", line 1, in <module>
    from extraction.extract_weather import extract_data
ModuleNotFoundError: No module named 'extraction'
[2026-09-19T13:51:09.844+0000] {processor.py:927} WARNING - No viable dags retrieved from /opt/airflow/dags/dags.py
[2026-09-19T13:51:09.860+0000] {processor.py:208} INFO - Processing /opt/airflow/dags/dags.py took 0.025 seconds
[2026-09-19T13:51:52.389+0000] {processor.py:186} INFO - Started process (PID=41) to work on /opt/airflow/dags/dags.py
[2026-09-19T13:51:52.390+0000] {processor.py:914} INFO - Processing file /opt/airflow/dags/dags.py for tasks to queue
[2026-09-19T13:51:52.391+0000] {logging_mixin.py:190} INFO - [2026-09-19T13:51:52.391+0000] {dagbag.py:588} INFO - Filling up the DagBag from /opt/airflow/dags/dags.py
[2026-09-19T13:51:52.393+0000] {logging_mixin.py:190} INFO - [2026-09-19T13:51:52.392+0000] {dagbag.py:387} ERROR - Failed to import: /opt/airflow/dags/dags.py
Traceback (most recent call last):
  File "/home/airflow/.local/lib/python3.12/site-packages/airflow/models/dagbag.py", line 383, in parse
    loader.exec_module(new_module)
  File "<frozen importlib._bootstrap_external>", line 995, in exec_module
  File "<frozen importlib._bootstrap>", line 488, in _call_with_frames_removed
  File "/opt/airflow/dags/dags.py", line 1, in <module>
    from extraction.extract_weather import extract_data
ModuleNotFoundError: No module named 'extraction'
[2026-09-19T13:51:52.393+0000] {processor.py:927} WARNING - No viable dags retrieved from /opt/airflow/dags/dags.py
[2026-09-19T13:51:52.406+0000] {processor.py:208} INFO - Processing /opt/airflow/dags/dags.py took 0.021 seconds
[2026-09-19T13:52:22.551+0000] {processor.py:186} INFO - Started process (PID=43) to work on /opt/airflow/dags/dags.py
[2026-09-19T13:52:22.552+0000] {processor.py:914} INFO - Processing file /opt/airflow/dags/dags.py for tasks to queue
[2026-09-19T13:52:22.553+0000] {logging_mixin.py:190} INFO - [2026-09-19T13:52:22.552+0000] {dagbag.py:588} INFO - Filling up the DagBag from /opt/airflow/dags/dags.py
[2026-09-19T13:52:22.554+0000] {logging_mixin.py:190} INFO - [2026-09-19T13:52:22.554+0000] {dagbag.py:387} ERROR - Failed to import: /opt/airflow/dags/dags.py
Traceback (most recent call last):
  File "/home/airflow/.local/lib/python3.12/site-packages/airflow/models/dagbag.py", line 383, in parse
    loader.exec_module(new_module)
  File "<frozen importlib._bootstrap_external>", line 995, in exec_module
  File "<frozen importlib._bootstrap>", line 488, in _call_with_frames_removed
  File "/opt/airflow/dags/dags.py", line 1, in <module>
    from extraction.extract_weather import extract_data
ModuleNotFoundError: No module named 'extraction'
[2026-09-19T13:52:22.555+0000] {processor.py:927} WARNING - No viable dags retrieved from /opt/airflow/dags/dags.py
[2026-09-19T13:52:22.574+0000] {processor.py:208} INFO - Processing /opt/airflow/dags/dags.py took 0.026 seconds
[2026-09-19T13:52:41.673+0000] {processor.py:186} INFO - Started process (PID=44) to work on /opt/airflow/dags/dags.py
[2026-09-19T13:52:41.674+0000] {processor.py:914} INFO - Processing file /opt/airflow/dags/dags.py for tasks to queue
[2026-09-19T13:52:41.677+0000] {logging_mixin.py:190} INFO - [2026-09-19T13:52:41.676+0000] {dagbag.py:588} INFO - Filling up the DagBag from /opt/airflow/dags/dags.py
[2026-09-19T13:52:41.679+0000] {logging_mixin.py:190} INFO - [2026-09-19T13:52:41.678+0000] {dagbag.py:387} ERROR - Failed to import: /opt/airflow/dags/dags.py
Traceback (most recent call last):
  File "/home/airflow/.local/lib/python3.12/site-packages/airflow/models/dagbag.py", line 383, in parse
    loader.exec_module(new_module)
  File "<frozen importlib._bootstrap_external>", line 995, in exec_module
  File "<frozen importlib._bootstrap>", line 488, in _call_with_frames_removed
  File "/opt/airflow/dags/dags.py", line 1, in <module>
    from extraction.extract_weather import extract_data
ModuleNotFoundError: No module named 'extraction'
[2026-09-19T13:52:41.679+0000] {processor.py:927} WARNING - No viable dags retrieved from /opt/airflow/dags/dags.py
[2026-09-19T13:52:41.698+0000] {processor.py:208} INFO - Processing /opt/airflow/dags/dags.py took 0.029 seconds
[2026-09-19T13:52:42.690+0000] {processor.py:186} INFO - Started process (PID=45) to work on /opt/airflow/dags/dags.py
[2026-09-19T13:52:42.690+0000] {processor.py:914} INFO - Processing file /opt/airflow/dags/dags.py for tasks to queue
[2026-09-19T13:52:42.692+0000] {logging_mixin.py:190} INFO - [2026-09-19T13:52:42.691+0000] {dagbag.py:588} INFO - Filling up the DagBag from /opt/airflow/dags/dags.py
[2026-09-19T13:52:42.693+0000] {logging_mixin.py:190} INFO - [2026-09-19T13:52:42.693+0000] {dagbag.py:387} ERROR - Failed to import: /opt/airflow/dags/dags.py
Traceback (most recent call last):
  File "/home/airflow/.local/lib/python3.12/site-packages/airflow/models/dagbag.py", line 383, in parse
    loader.exec_module(new_module)
  File "<frozen importlib._bootstrap_external>", line 995, in exec_module
  File "<frozen importlib._bootstrap>", line 488, in _call_with_frames_removed
  File "/opt/airflow/dags/dags.py", line 1, in <module>
    from extraction.extract_weather import extract_data
ModuleNotFoundError: No module named 'extraction'
[2026-09-19T13:52:42.694+0000] {processor.py:927} WARNING - No viable dags retrieved from /opt/airflow/dags/dags.py
[2026-09-19T13:52:42.706+0000] {processor.py:208} INFO - Processing /opt/airflow/dags/dags.py took 0.021 seconds
[2026-09-19T13:52:49.728+0000] {processor.py:186} INFO - Started process (PID=46) to work on /opt/airflow/dags/dags.py
[2026-09-19T13:52:49.728+0000] {processor.py:914} INFO - Processing file /opt/airflow/dags/dags.py for tasks to queue
[2026-09-19T13:52:49.729+0000] {logging_mixin.py:190} INFO - [2026-09-19T13:52:49.729+0000] {dagbag.py:588} INFO - Filling up the DagBag from /opt/airflow/dags/dags.py
[2026-09-19T13:52:49.731+0000] {logging_mixin.py:190} INFO - [2026-09-19T13:52:49.730+0000] {dagbag.py:387} ERROR - Failed to import: /opt/airflow/dags/dags.py
Traceback (most recent call last):
  File "/home/airflow/.local/lib/python3.12/site-packages/airflow/models/dagbag.py", line 383, in parse
    loader.exec_module(new_module)
  File "<frozen importlib._bootstrap_external>", line 995, in exec_module
  File "<frozen importlib._bootstrap>", line 488, in _call_with_frames_removed
  File "/opt/airflow/dags/dags.py", line 1, in <module>
    from extraction.extract_weather import extract_data
ModuleNotFoundError: No module named 'extraction'
[2026-09-19T13:52:49.731+0000] {processor.py:927} WARNING - No viable dags retrieved from /opt/airflow/dags/dags.py
[2026-09-19T13:52:49.742+0000] {processor.py:208} INFO - Processing /opt/airflow/dags/dags.py took 0.018 seconds
[2026-09-19T13:52:50.756+0000] {processor.py:186} INFO - Started process (PID=47) to work on /opt/airflow/dags/dags.py
[2026-09-19T13:52:50.756+0000] {processor.py:914} INFO - Processing file /opt/airflow/dags/dags.py for tasks to queue
[2026-09-19T13:52:50.758+0000] {logging_mixin.py:190} INFO - [2026-09-19T13:52:50.757+0000] {dagbag.py:588} INFO - Filling up the DagBag from /opt/airflow/dags/dags.py
[2026-09-19T13:52:50.760+0000] {logging_mixin.py:190} INFO - [2026-09-19T13:52:50.759+0000] {dagbag.py:387} ERROR - Failed to import: /opt/airflow/dags/dags.py
Traceback (most recent call last):
  File "/home/airflow/.local/lib/python3.12/site-packages/airflow/models/dagbag.py", line 383, in parse
    loader.exec_module(new_module)
  File "<frozen importlib._bootstrap_external>", line 995, in exec_module
  File "<frozen importlib._bootstrap>", line 488, in _call_with_frames_removed
  File "/opt/airflow/dags/dags.py", line 1, in <module>
    from extraction.extract_weather import extract_data
ModuleNotFoundError: No module named 'extraction'
[2026-09-19T13:52:50.760+0000] {processor.py:927} WARNING - No viable dags retrieved from /opt/airflow/dags/dags.py
[2026-09-19T13:52:50.775+0000] {processor.py:208} INFO - Processing /opt/airflow/dags/dags.py took 0.023 seconds
[2026-09-19T13:53:20.917+0000] {processor.py:186} INFO - Started process (PID=48) to work on /opt/airflow/dags/dags.py
[2026-09-19T13:53:20.918+0000] {processor.py:914} INFO - Processing file /opt/airflow/dags/dags.py for tasks to queue
[2026-09-19T13:53:20.920+0000] {logging_mixin.py:190} INFO - [2026-09-19T13:53:20.920+0000] {dagbag.py:588} INFO - Filling up the DagBag from /opt/airflow/dags/dags.py
[2026-09-19T13:53:20.922+0000] {logging_mixin.py:190} INFO - [2026-09-19T13:53:20.921+0000] {dagbag.py:387} ERROR - Failed to import: /opt/airflow/dags/dags.py
Traceback (most recent call last):
  File "/home/airflow/.local/lib/python3.12/site-packages/airflow/models/dagbag.py", line 383, in parse
    loader.exec_module(new_module)
  File "<frozen importlib._bootstrap_external>", line 995, in exec_module
  File "<frozen importlib._bootstrap>", line 488, in _call_with_frames_removed
  File "/opt/airflow/dags/dags.py", line 1, in <module>
    from extraction.extract_weather import extract_data
ModuleNotFoundError: No module named 'extraction'
[2026-09-19T13:53:20.922+0000] {processor.py:927} WARNING - No viable dags retrieved from /opt/airflow/dags/dags.py
[2026-09-19T13:53:20.939+0000] {processor.py:208} INFO - Processing /opt/airflow/dags/dags.py took 0.025 seconds
[2026-09-19T13:53:51.066+0000] {processor.py:186} INFO - Started process (PID=49) to work on /opt/airflow/dags/dags.py
[2026-09-19T13:53:51.067+0000] {processor.py:914} INFO - Processing file /opt/airflow/dags/dags.py for tasks to queue
[2026-09-19T13:53:51.068+0000] {logging_mixin.py:190} INFO - [2026-09-19T13:53:51.068+0000] {dagbag.py:588} INFO - Filling up the DagBag from /opt/airflow/dags/dags.py
[2026-09-19T13:53:51.070+0000] {logging_mixin.py:190} INFO - [2026-09-19T13:53:51.069+0000] {dagbag.py:387} ERROR - Failed to import: /opt/airflow/dags/dags.py
Traceback (most recent call last):
  File "/home/airflow/.local/lib/python3.12/site-packages/airflow/models/dagbag.py", line 383, in parse
    loader.exec_module(new_module)
  File "<frozen importlib._bootstrap_external>", line 995, in exec_module
  File "<frozen importlib._bootstrap>", line 488, in _call_with_frames_removed
  File "/opt/airflow/dags/dags.py", line 1, in <module>
    from extraction.extract_weather import extract_data
ModuleNotFoundError: No module named 'extraction'
[2026-09-19T13:53:51.070+0000] {processor.py:927} WARNING - No viable dags retrieved from /opt/airflow/dags/dags.py
[2026-09-19T13:53:51.084+0000] {processor.py:208} INFO - Processing /opt/airflow/dags/dags.py took 0.020 seconds
[2026-09-19T13:54:21.219+0000] {processor.py:186} INFO - Started process (PID=50) to work on /opt/airflow/dags/dags.py
[2026-09-19T13:54:21.222+0000] {processor.py:914} INFO - Processing file /opt/airflow/dags/dags.py for tasks to queue
[2026-09-19T13:54:21.224+0000] {logging_mixin.py:190} INFO - [2026-09-19T13:54:21.224+0000] {dagbag.py:588} INFO - Filling up the DagBag from /opt/airflow/dags/dags.py
[2026-09-19T13:54:21.226+0000] {logging_mixin.py:190} INFO - [2026-09-19T13:54:21.226+0000] {dagbag.py:387} ERROR - Failed to import: /opt/airflow/dags/dags.py
Traceback (most recent call last):
  File "/home/airflow/.local/lib/python3.12/site-packages/airflow/models/dagbag.py", line 383, in parse
    loader.exec_module(new_module)
  File "<frozen importlib._bootstrap_external>", line 995, in exec_module
  File "<frozen importlib._bootstrap>", line 488, in _call_with_frames_removed
  File "/opt/airflow/dags/dags.py", line 2, in <module>
    from extraction.extract_weather import extract_data
ModuleNotFoundError: No module named 'extraction'
[2026-09-19T13:54:21.227+0000] {processor.py:927} WARNING - No viable dags retrieved from /opt/airflow/dags/dags.py
[2026-09-19T13:54:21.244+0000] {processor.py:208} INFO - Processing /opt/airflow/dags/dags.py took 0.029 seconds
[2026-09-19T13:54:28.257+0000] {processor.py:186} INFO - Started process (PID=51) to work on /opt/airflow/dags/dags.py
[2026-09-19T13:54:28.257+0000] {processor.py:914} INFO - Processing file /opt/airflow/dags/dags.py for tasks to queue
[2026-09-19T13:54:28.259+0000] {logging_mixin.py:190} INFO - [2026-09-19T13:54:28.259+0000] {dagbag.py:588} INFO - Filling up the DagBag from /opt/airflow/dags/dags.py
[2026-09-19T13:54:28.262+0000] {logging_mixin.py:190} INFO - [2026-09-19T13:54:28.261+0000] {dagbag.py:387} ERROR - Failed to import: /opt/airflow/dags/dags.py
Traceback (most recent call last):
  File "/home/airflow/.local/lib/python3.12/site-packages/airflow/models/dagbag.py", line 383, in parse
    loader.exec_module(new_module)
  File "<frozen importlib._bootstrap_external>", line 995, in exec_module
  File "<frozen importlib._bootstrap>", line 488, in _call_with_frames_removed
  File "/opt/airflow/dags/dags.py", line 3, in <module>
    from extraction.extract_weather import extract_data
ModuleNotFoundError: No module named 'extraction'
[2026-09-19T13:54:28.262+0000] {processor.py:927} WARNING - No viable dags retrieved from /opt/airflow/dags/dags.py
[2026-09-19T13:54:28.279+0000] {processor.py:208} INFO - Processing /opt/airflow/dags/dags.py took 0.026 seconds
[2026-09-19T13:54:31.295+0000] {processor.py:186} INFO - Started process (PID=52) to work on /opt/airflow/dags/dags.py
[2026-09-19T13:54:31.295+0000] {processor.py:914} INFO - Processing file /opt/airflow/dags/dags.py for tasks to queue
[2026-09-19T13:54:31.296+0000] {logging_mixin.py:190} INFO - [2026-09-19T13:54:31.296+0000] {dagbag.py:588} INFO - Filling up the DagBag from /opt/airflow/dags/dags.py
[2026-09-19T13:54:31.298+0000] {logging_mixin.py:190} INFO - [2026-09-19T13:54:31.298+0000] {dagbag.py:387} ERROR - Failed to import: /opt/airflow/dags/dags.py
Traceback (most recent call last):
  File "/home/airflow/.local/lib/python3.12/site-packages/airflow/models/dagbag.py", line 383, in parse
    loader.exec_module(new_module)
  File "<frozen importlib._bootstrap_external>", line 995, in exec_module
  File "<frozen importlib._bootstrap>", line 488, in _call_with_frames_removed
  File "/opt/airflow/dags/dags.py", line 2, in <module>
    from extraction.extract_weather import extract_data
ModuleNotFoundError: No module named 'extraction'
[2026-09-19T13:54:31.299+0000] {processor.py:927} WARNING - No viable dags retrieved from /opt/airflow/dags/dags.py
[2026-09-19T13:54:31.310+0000] {processor.py:208} INFO - Processing /opt/airflow/dags/dags.py took 0.021 seconds
[2026-09-19T13:54:32.310+0000] {processor.py:186} INFO - Started process (PID=53) to work on /opt/airflow/dags/dags.py
[2026-09-19T13:54:32.311+0000] {processor.py:914} INFO - Processing file /opt/airflow/dags/dags.py for tasks to queue
[2026-09-19T13:54:32.312+0000] {logging_mixin.py:190} INFO - [2026-09-19T13:54:32.312+0000] {dagbag.py:588} INFO - Filling up the DagBag from /opt/airflow/dags/dags.py
[2026-09-19T13:54:32.314+0000] {logging_mixin.py:190} INFO - [2026-09-19T13:54:32.313+0000] {dagbag.py:387} ERROR - Failed to import: /opt/airflow/dags/dags.py
Traceback (most recent call last):
  File "/home/airflow/.local/lib/python3.12/site-packages/airflow/models/dagbag.py", line 383, in parse
    loader.exec_module(new_module)
  File "<frozen importlib._bootstrap_external>", line 995, in exec_module
  File "<frozen importlib._bootstrap>", line 488, in _call_with_frames_removed
  File "/opt/airflow/dags/dags.py", line 2, in <module>
    from extraction.extract_weather import extract_data
ModuleNotFoundError: No module named 'extraction'
[2026-09-19T13:54:32.314+0000] {processor.py:927} WARNING - No viable dags retrieved from /opt/airflow/dags/dags.py
[2026-09-19T13:54:32.334+0000] {processor.py:208} INFO - Processing /opt/airflow/dags/dags.py took 0.027 seconds
[2026-09-19T13:54:53.417+0000] {processor.py:186} INFO - Started process (PID=54) to work on /opt/airflow/dags/dags.py
[2026-09-19T13:54:53.418+0000] {processor.py:914} INFO - Processing file /opt/airflow/dags/dags.py for tasks to queue
[2026-09-19T13:54:53.418+0000] {logging_mixin.py:190} INFO - [2026-09-19T13:54:53.418+0000] {dagbag.py:588} INFO - Filling up the DagBag from /opt/airflow/dags/dags.py
[2026-09-19T13:54:53.420+0000] {logging_mixin.py:190} INFO - [2026-09-19T13:54:53.420+0000] {dagbag.py:387} ERROR - Failed to import: /opt/airflow/dags/dags.py
Traceback (most recent call last):
  File "/home/airflow/.local/lib/python3.12/site-packages/airflow/models/dagbag.py", line 383, in parse
    loader.exec_module(new_module)
  File "<frozen importlib._bootstrap_external>", line 995, in exec_module
  File "<frozen importlib._bootstrap>", line 488, in _call_with_frames_removed
  File "/opt/airflow/dags/dags.py", line 3, in <module>
    from extraction.extract_weather import extract_data
ModuleNotFoundError: No module named 'extraction'
[2026-09-19T13:54:53.420+0000] {processor.py:927} WARNING - No viable dags retrieved from /opt/airflow/dags/dags.py
[2026-09-19T13:54:53.437+0000] {processor.py:208} INFO - Processing /opt/airflow/dags/dags.py took 0.023 seconds
[2026-09-19T13:54:54.427+0000] {processor.py:186} INFO - Started process (PID=55) to work on /opt/airflow/dags/dags.py
[2026-09-19T13:54:54.428+0000] {processor.py:914} INFO - Processing file /opt/airflow/dags/dags.py for tasks to queue
[2026-09-19T13:54:54.428+0000] {logging_mixin.py:190} INFO - [2026-09-19T13:54:54.428+0000] {dagbag.py:588} INFO - Filling up the DagBag from /opt/airflow/dags/dags.py
[2026-09-19T13:54:54.430+0000] {logging_mixin.py:190} INFO - [2026-09-19T13:54:54.430+0000] {dagbag.py:387} ERROR - Failed to import: /opt/airflow/dags/dags.py
Traceback (most recent call last):
  File "/home/airflow/.local/lib/python3.12/site-packages/airflow/models/dagbag.py", line 383, in parse
    loader.exec_module(new_module)
  File "<frozen importlib._bootstrap_external>", line 995, in exec_module
  File "<frozen importlib._bootstrap>", line 488, in _call_with_frames_removed
  File "/opt/airflow/dags/dags.py", line 3, in <module>
    from extraction.extract_weather import extract_data
ModuleNotFoundError: No module named 'extraction'
[2026-09-19T13:54:54.430+0000] {processor.py:927} WARNING - No viable dags retrieved from /opt/airflow/dags/dags.py
[2026-09-19T13:54:54.452+0000] {processor.py:208} INFO - Processing /opt/airflow/dags/dags.py took 0.028 seconds
[2026-09-19T13:55:24.588+0000] {processor.py:186} INFO - Started process (PID=56) to work on /opt/airflow/dags/dags.py
[2026-09-19T13:55:24.589+0000] {processor.py:914} INFO - Processing file /opt/airflow/dags/dags.py for tasks to queue
[2026-09-19T13:55:24.590+0000] {logging_mixin.py:190} INFO - [2026-09-19T13:55:24.590+0000] {dagbag.py:588} INFO - Filling up the DagBag from /opt/airflow/dags/dags.py
[2026-09-19T13:55:24.592+0000] {logging_mixin.py:190} INFO - [2026-09-19T13:55:24.591+0000] {dagbag.py:387} ERROR - Failed to import: /opt/airflow/dags/dags.py
Traceback (most recent call last):
  File "/home/airflow/.local/lib/python3.12/site-packages/airflow/models/dagbag.py", line 383, in parse
    loader.exec_module(new_module)
  File "<frozen importlib._bootstrap_external>", line 995, in exec_module
  File "<frozen importlib._bootstrap>", line 488, in _call_with_frames_removed
  File "/opt/airflow/dags/dags.py", line 3, in <module>
    from extraction.extract_weather import extract_data
ModuleNotFoundError: No module named 'extraction'
[2026-09-19T13:55:24.592+0000] {processor.py:927} WARNING - No viable dags retrieved from /opt/airflow/dags/dags.py
[2026-09-19T13:55:24.607+0000] {processor.py:208} INFO - Processing /opt/airflow/dags/dags.py took 0.023 seconds
[2026-09-19T13:55:54.740+0000] {processor.py:186} INFO - Started process (PID=65) to work on /opt/airflow/dags/dags.py
[2026-09-19T13:55:54.741+0000] {processor.py:914} INFO - Processing file /opt/airflow/dags/dags.py for tasks to queue
[2026-09-19T13:55:54.742+0000] {logging_mixin.py:190} INFO - [2026-09-19T13:55:54.742+0000] {dagbag.py:588} INFO - Filling up the DagBag from /opt/airflow/dags/dags.py
[2026-09-19T13:55:54.744+0000] {logging_mixin.py:190} INFO - [2026-09-19T13:55:54.743+0000] {dagbag.py:387} ERROR - Failed to import: /opt/airflow/dags/dags.py
Traceback (most recent call last):
  File "/home/airflow/.local/lib/python3.12/site-packages/airflow/models/dagbag.py", line 383, in parse
    loader.exec_module(new_module)
  File "<frozen importlib._bootstrap_external>", line 995, in exec_module
  File "<frozen importlib._bootstrap>", line 488, in _call_with_frames_removed
  File "/opt/airflow/dags/dags.py", line 3, in <module>
    from extraction.extract_weather import extract_data
ModuleNotFoundError: No module named 'extraction'
[2026-09-19T13:55:54.744+0000] {processor.py:927} WARNING - No viable dags retrieved from /opt/airflow/dags/dags.py
[2026-09-19T13:55:54.762+0000] {processor.py:208} INFO - Processing /opt/airflow/dags/dags.py took 0.025 seconds
[2026-09-19T13:56:24.902+0000] {processor.py:186} INFO - Started process (PID=66) to work on /opt/airflow/dags/dags.py
[2026-09-19T13:56:24.906+0000] {processor.py:914} INFO - Processing file /opt/airflow/dags/dags.py for tasks to queue
[2026-09-19T13:56:24.908+0000] {logging_mixin.py:190} INFO - [2026-09-19T13:56:24.908+0000] {dagbag.py:588} INFO - Filling up the DagBag from /opt/airflow/dags/dags.py
[2026-09-19T13:56:24.911+0000] {logging_mixin.py:190} INFO - [2026-09-19T13:56:24.911+0000] {dagbag.py:387} ERROR - Failed to import: /opt/airflow/dags/dags.py
Traceback (most recent call last):
  File "/home/airflow/.local/lib/python3.12/site-packages/airflow/models/dagbag.py", line 383, in parse
    loader.exec_module(new_module)
  File "<frozen importlib._bootstrap_external>", line 995, in exec_module
  File "<frozen importlib._bootstrap>", line 488, in _call_with_frames_removed
  File "/opt/airflow/dags/dags.py", line 3, in <module>
    from extraction.extract_weather import extract_data
ModuleNotFoundError: No module named 'extraction'
[2026-09-19T13:56:24.912+0000] {processor.py:927} WARNING - No viable dags retrieved from /opt/airflow/dags/dags.py
[2026-09-19T13:56:24.929+0000] {processor.py:208} INFO - Processing /opt/airflow/dags/dags.py took 0.031 seconds
[2026-09-19T13:56:55.098+0000] {processor.py:186} INFO - Started process (PID=74) to work on /opt/airflow/dags/dags.py
[2026-09-19T13:56:55.098+0000] {processor.py:914} INFO - Processing file /opt/airflow/dags/dags.py for tasks to queue
[2026-09-19T13:56:55.099+0000] {logging_mixin.py:190} INFO - [2026-09-19T13:56:55.099+0000] {dagbag.py:588} INFO - Filling up the DagBag from /opt/airflow/dags/dags.py
[2026-09-19T13:56:55.101+0000] {logging_mixin.py:190} INFO - [2026-09-19T13:56:55.101+0000] {dagbag.py:387} ERROR - Failed to import: /opt/airflow/dags/dags.py
Traceback (most recent call last):
  File "/home/airflow/.local/lib/python3.12/site-packages/airflow/models/dagbag.py", line 383, in parse
    loader.exec_module(new_module)
  File "<frozen importlib._bootstrap_external>", line 995, in exec_module
  File "<frozen importlib._bootstrap>", line 488, in _call_with_frames_removed
  File "/opt/airflow/dags/dags.py", line 3, in <module>
    from extraction.extract_weather import extract_data
ModuleNotFoundError: No module named 'extraction'
[2026-09-19T13:56:55.101+0000] {processor.py:927} WARNING - No viable dags retrieved from /opt/airflow/dags/dags.py
[2026-09-19T13:56:55.118+0000] {processor.py:208} INFO - Processing /opt/airflow/dags/dags.py took 0.024 seconds
[2026-09-19T13:57:25.281+0000] {processor.py:186} INFO - Started process (PID=75) to work on /opt/airflow/dags/dags.py
[2026-09-19T13:57:25.285+0000] {processor.py:914} INFO - Processing file /opt/airflow/dags/dags.py for tasks to queue
[2026-09-19T13:57:25.286+0000] {logging_mixin.py:190} INFO - [2026-09-19T13:57:25.285+0000] {dagbag.py:588} INFO - Filling up the DagBag from /opt/airflow/dags/dags.py
[2026-09-19T13:57:25.287+0000] {logging_mixin.py:190} INFO - [2026-09-19T13:57:25.287+0000] {dagbag.py:387} ERROR - Failed to import: /opt/airflow/dags/dags.py
Traceback (most recent call last):
  File "/home/airflow/.local/lib/python3.12/site-packages/airflow/models/dagbag.py", line 383, in parse
    loader.exec_module(new_module)
  File "<frozen importlib._bootstrap_external>", line 995, in exec_module
  File "<frozen importlib._bootstrap>", line 488, in _call_with_frames_removed
  File "/opt/airflow/dags/dags.py", line 3, in <module>
    from extraction.extract_weather import extract_data
ModuleNotFoundError: No module named 'extraction'
[2026-09-19T13:57:25.288+0000] {processor.py:927} WARNING - No viable dags retrieved from /opt/airflow/dags/dags.py
[2026-09-19T13:57:25.302+0000] {processor.py:208} INFO - Processing /opt/airflow/dags/dags.py took 0.025 seconds
[2026-09-19T13:57:55.444+0000] {processor.py:186} INFO - Started process (PID=77) to work on /opt/airflow/dags/dags.py
[2026-09-19T13:57:55.445+0000] {processor.py:914} INFO - Processing file /opt/airflow/dags/dags.py for tasks to queue
[2026-09-19T13:57:55.446+0000] {logging_mixin.py:190} INFO - [2026-09-19T13:57:55.446+0000] {dagbag.py:588} INFO - Filling up the DagBag from /opt/airflow/dags/dags.py
[2026-09-19T13:57:55.448+0000] {logging_mixin.py:190} INFO - [2026-09-19T13:57:55.447+0000] {dagbag.py:387} ERROR - Failed to import: /opt/airflow/dags/dags.py
Traceback (most recent call last):
  File "/home/airflow/.local/lib/python3.12/site-packages/airflow/models/dagbag.py", line 383, in parse
    loader.exec_module(new_module)
  File "<frozen importlib._bootstrap_external>", line 995, in exec_module
  File "<frozen importlib._bootstrap>", line 488, in _call_with_frames_removed
  File "/opt/airflow/dags/dags.py", line 3, in <module>
    from extraction.extract_weather import extract_data
ModuleNotFoundError: No module named 'extraction'
[2026-09-19T13:57:55.448+0000] {processor.py:927} WARNING - No viable dags retrieved from /opt/airflow/dags/dags.py
[2026-09-19T13:57:55.462+0000] {processor.py:208} INFO - Processing /opt/airflow/dags/dags.py took 0.020 seconds
[2026-09-19T13:58:25.639+0000] {processor.py:186} INFO - Started process (PID=80) to work on /opt/airflow/dags/dags.py
[2026-09-19T13:58:25.642+0000] {processor.py:914} INFO - Processing file /opt/airflow/dags/dags.py for tasks to queue
[2026-09-19T13:58:25.644+0000] {logging_mixin.py:190} INFO - [2026-09-19T13:58:25.644+0000] {dagbag.py:588} INFO - Filling up the DagBag from /opt/airflow/dags/dags.py
[2026-09-19T13:58:25.647+0000] {logging_mixin.py:190} INFO - [2026-09-19T13:58:25.647+0000] {dagbag.py:387} ERROR - Failed to import: /opt/airflow/dags/dags.py
Traceback (most recent call last):
  File "/home/airflow/.local/lib/python3.12/site-packages/airflow/models/dagbag.py", line 383, in parse
    loader.exec_module(new_module)
  File "<frozen importlib._bootstrap_external>", line 995, in exec_module
  File "<frozen importlib._bootstrap>", line 488, in _call_with_frames_removed
  File "/opt/airflow/dags/dags.py", line 3, in <module>
    from extraction.extract_weather import extract_data
ModuleNotFoundError: No module named 'extraction'
[2026-09-19T13:58:25.647+0000] {processor.py:927} WARNING - No viable dags retrieved from /opt/airflow/dags/dags.py
[2026-09-19T13:58:25.666+0000] {processor.py:208} INFO - Processing /opt/airflow/dags/dags.py took 0.032 seconds
[2026-09-19T13:58:55.800+0000] {processor.py:186} INFO - Started process (PID=81) to work on /opt/airflow/dags/dags.py
[2026-09-19T13:58:55.801+0000] {processor.py:914} INFO - Processing file /opt/airflow/dags/dags.py for tasks to queue
[2026-09-19T13:58:55.802+0000] {logging_mixin.py:190} INFO - [2026-09-19T13:58:55.802+0000] {dagbag.py:588} INFO - Filling up the DagBag from /opt/airflow/dags/dags.py
[2026-09-19T13:58:55.806+0000] {logging_mixin.py:190} INFO - [2026-09-19T13:58:55.805+0000] {dagbag.py:387} ERROR - Failed to import: /opt/airflow/dags/dags.py
Traceback (most recent call last):
  File "/home/airflow/.local/lib/python3.12/site-packages/airflow/models/dagbag.py", line 383, in parse
    loader.exec_module(new_module)
  File "<frozen importlib._bootstrap_external>", line 995, in exec_module
  File "<frozen importlib._bootstrap>", line 488, in _call_with_frames_removed
  File "/opt/airflow/dags/dags.py", line 3, in <module>
    from extraction.extract_weather import extract_data
ModuleNotFoundError: No module named 'extraction'
[2026-09-19T13:58:55.806+0000] {processor.py:927} WARNING - No viable dags retrieved from /opt/airflow/dags/dags.py
[2026-09-19T13:58:55.825+0000] {processor.py:208} INFO - Processing /opt/airflow/dags/dags.py took 0.029 seconds
[2026-09-19T13:59:32.295+0000] {processor.py:186} INFO - Started process (PID=42) to work on /opt/airflow/dags/dags.py
[2026-09-19T13:59:32.296+0000] {processor.py:914} INFO - Processing file /opt/airflow/dags/dags.py for tasks to queue
[2026-09-19T13:59:32.297+0000] {logging_mixin.py:190} INFO - [2026-09-19T13:59:32.296+0000] {dagbag.py:588} INFO - Filling up the DagBag from /opt/airflow/dags/dags.py
[2026-09-19T13:59:33.166+0000] {processor.py:925} INFO - DAG(s) 'etl_pipeline' retrieved from /opt/airflow/dags/dags.py
[2026-09-19T13:59:33.310+0000] {logging_mixin.py:190} INFO - [2026-09-19T13:59:33.310+0000] {override.py:1911} INFO - Created Permission View: can edit on DAG:etl_pipeline
[2026-09-19T13:59:33.314+0000] {logging_mixin.py:190} INFO - [2026-09-19T13:59:33.314+0000] {override.py:1911} INFO - Created Permission View: can read on DAG:etl_pipeline
[2026-09-19T13:59:33.317+0000] {logging_mixin.py:190} INFO - [2026-09-19T13:59:33.317+0000] {override.py:1911} INFO - Created Permission View: can delete on DAG:etl_pipeline
[2026-09-19T13:59:33.321+0000] {logging_mixin.py:190} INFO - [2026-09-19T13:59:33.321+0000] {override.py:1911} INFO - Created Permission View: menu access on DAG Run:etl_pipeline
[2026-09-19T13:59:33.323+0000] {logging_mixin.py:190} INFO - [2026-09-19T13:59:33.323+0000] {override.py:1911} INFO - Created Permission View: can create on DAG Run:etl_pipeline
[2026-09-19T13:59:33.326+0000] {logging_mixin.py:190} INFO - [2026-09-19T13:59:33.326+0000] {override.py:1911} INFO - Created Permission View: can read on DAG Run:etl_pipeline
[2026-09-19T13:59:33.329+0000] {logging_mixin.py:190} INFO - [2026-09-19T13:59:33.328+0000] {override.py:1911} INFO - Created Permission View: can delete on DAG Run:etl_pipeline
[2026-09-19T13:59:33.329+0000] {logging_mixin.py:190} INFO - [2026-09-19T13:59:33.329+0000] {dag.py:3239} INFO - Sync 1 DAGs
[2026-09-19T13:59:33.336+0000] {logging_mixin.py:190} INFO - [2026-09-19T13:59:33.336+0000] {dag.py:3262} INFO - Creating ORM DAG for etl_pipeline
[2026-09-19T13:59:33.344+0000] {logging_mixin.py:190} INFO - [2026-09-19T13:59:33.344+0000] {dag.py:4180} INFO - Setting next_dagrun for etl_pipeline to 2026-09-19 00:00:00+00:00, run_after=2026-09-20 00:00:00+00:00
[2026-09-19T13:59:33.351+0000] {processor.py:208} INFO - Processing /opt/airflow/dags/dags.py took 1.060 seconds
[2026-09-19T14:00:03.450+0000] {processor.py:186} INFO - Started process (PID=44) to work on /opt/airflow/dags/dags.py
[2026-09-19T14:00:03.451+0000] {processor.py:914} INFO - Processing file /opt/airflow/dags/dags.py for tasks to queue
[2026-09-19T14:00:03.452+0000] {logging_mixin.py:190} INFO - [2026-09-19T14:00:03.452+0000] {dagbag.py:588} INFO - Filling up the DagBag from /opt/airflow/dags/dags.py
[2026-09-19T14:00:03.708+0000] {processor.py:925} INFO - DAG(s) 'etl_pipeline' retrieved from /opt/airflow/dags/dags.py
[2026-09-19T14:00:03.722+0000] {logging_mixin.py:190} INFO - [2026-09-19T14:00:03.721+0000] {dag.py:3239} INFO - Sync 1 DAGs
[2026-09-19T14:00:03.733+0000] {logging_mixin.py:190} INFO - [2026-09-19T14:00:03.733+0000] {dag.py:4180} INFO - Setting next_dagrun for etl_pipeline to 2026-09-19 00:00:00+00:00, run_after=2026-09-20 00:00:00+00:00
[2026-09-19T14:00:03.743+0000] {processor.py:208} INFO - Processing /opt/airflow/dags/dags.py took 0.297 seconds
[2026-09-19T14:00:33.906+0000] {processor.py:186} INFO - Started process (PID=98) to work on /opt/airflow/dags/dags.py
[2026-09-19T14:00:33.906+0000] {processor.py:914} INFO - Processing file /opt/airflow/dags/dags.py for tasks to queue
[2026-09-19T14:00:33.908+0000] {logging_mixin.py:190} INFO - [2026-09-19T14:00:33.907+0000] {dagbag.py:588} INFO - Filling up the DagBag from /opt/airflow/dags/dags.py
[2026-09-19T14:00:34.154+0000] {processor.py:925} INFO - DAG(s) 'etl_pipeline' retrieved from /opt/airflow/dags/dags.py
[2026-09-19T14:00:34.168+0000] {logging_mixin.py:190} INFO - [2026-09-19T14:00:34.168+0000] {dag.py:3239} INFO - Sync 1 DAGs
[2026-09-19T14:00:34.178+0000] {logging_mixin.py:190} INFO - [2026-09-19T14:00:34.178+0000] {dag.py:4180} INFO - Setting next_dagrun for etl_pipeline to 2026-09-19 00:00:00+00:00, run_after=2026-09-20 00:00:00+00:00
[2026-09-19T14:00:34.188+0000] {processor.py:208} INFO - Processing /opt/airflow/dags/dags.py took 0.286 seconds
[2026-09-19T14:01:04.352+0000] {processor.py:186} INFO - Started process (PID=100) to work on /opt/airflow/dags/dags.py
[2026-09-19T14:01:04.355+0000] {processor.py:914} INFO - Processing file /opt/airflow/dags/dags.py for tasks to queue
[2026-09-19T14:01:04.356+0000] {logging_mixin.py:190} INFO - [2026-09-19T14:01:04.356+0000] {dagbag.py:588} INFO - Filling up the DagBag from /opt/airflow/dags/dags.py
[2026-09-19T14:01:04.614+0000] {processor.py:925} INFO - DAG(s) 'etl_pipeline' retrieved from /opt/airflow/dags/dags.py
[2026-09-19T14:01:04.631+0000] {logging_mixin.py:190} INFO - [2026-09-19T14:01:04.631+0000] {dag.py:3239} INFO - Sync 1 DAGs
[2026-09-19T14:01:04.641+0000] {logging_mixin.py:190} INFO - [2026-09-19T14:01:04.641+0000] {dag.py:4180} INFO - Setting next_dagrun for etl_pipeline to 2026-09-19 00:00:00+00:00, run_after=2026-09-20 00:00:00+00:00
[2026-09-19T14:01:04.652+0000] {processor.py:208} INFO - Processing /opt/airflow/dags/dags.py took 0.304 seconds
[2026-09-19T14:01:34.799+0000] {processor.py:186} INFO - Started process (PID=102) to work on /opt/airflow/dags/dags.py
[2026-09-19T14:01:34.800+0000] {processor.py:914} INFO - Processing file /opt/airflow/dags/dags.py for tasks to queue
[2026-09-19T14:01:34.801+0000] {logging_mixin.py:190} INFO - [2026-09-19T14:01:34.801+0000] {dagbag.py:588} INFO - Filling up the DagBag from /opt/airflow/dags/dags.py
[2026-09-19T14:01:35.059+0000] {processor.py:925} INFO - DAG(s) 'etl_pipeline' retrieved from /opt/airflow/dags/dags.py
[2026-09-19T14:01:35.084+0000] {logging_mixin.py:190} INFO - [2026-09-19T14:01:35.084+0000] {dag.py:3239} INFO - Sync 1 DAGs
[2026-09-19T14:01:35.095+0000] {logging_mixin.py:190} INFO - [2026-09-19T14:01:35.095+0000] {dag.py:4180} INFO - Setting next_dagrun for etl_pipeline to 2026-09-19 00:00:00+00:00, run_after=2026-09-20 00:00:00+00:00
[2026-09-19T14:01:35.107+0000] {processor.py:208} INFO - Processing /opt/airflow/dags/dags.py took 0.311 seconds
[2026-09-19T14:02:05.266+0000] {processor.py:186} INFO - Started process (PID=104) to work on /opt/airflow/dags/dags.py
[2026-09-19T14:02:05.270+0000] {processor.py:914} INFO - Processing file /opt/airflow/dags/dags.py for tasks to queue
[2026-09-19T14:02:05.271+0000] {logging_mixin.py:190} INFO - [2026-09-19T14:02:05.271+0000] {dagbag.py:588} INFO - Filling up the DagBag from /opt/airflow/dags/dags.py
[2026-09-19T14:02:05.526+0000] {logging_mixin.py:190} INFO - [2026-09-19T14:02:05.526+0000] {dagbag.py:387} ERROR - Failed to import: /opt/airflow/dags/dags.py
Traceback (most recent call last):
  File "/home/airflow/.local/lib/python3.12/site-packages/airflow/models/dagbag.py", line 383, in parse
    loader.exec_module(new_module)
  File "<frozen importlib._bootstrap_external>", line 995, in exec_module
  File "<frozen importlib._bootstrap>", line 488, in _call_with_frames_removed
  File "/opt/airflow/dags/dags.py", line 1, in <module>
    from extraction.extract_weather import extract_data
  File "/opt/airflow/extraction/extract_weather.py", line 2, in <module>
    from pathlib import PATH
ImportError: cannot import name 'PATH' from 'pathlib' (/usr/local/lib/python3.12/pathlib.py). Did you mean: 'Path'?
[2026-09-19T14:02:05.527+0000] {processor.py:927} WARNING - No viable dags retrieved from /opt/airflow/dags/dags.py
[2026-09-19T14:02:05.544+0000] {processor.py:208} INFO - Processing /opt/airflow/dags/dags.py took 0.282 seconds
[2026-09-19T14:02:35.713+0000] {processor.py:186} INFO - Started process (PID=106) to work on /opt/airflow/dags/dags.py
[2026-09-19T14:02:35.713+0000] {processor.py:914} INFO - Processing file /opt/airflow/dags/dags.py for tasks to queue
[2026-09-19T14:02:35.715+0000] {logging_mixin.py:190} INFO - [2026-09-19T14:02:35.714+0000] {dagbag.py:588} INFO - Filling up the DagBag from /opt/airflow/dags/dags.py
[2026-09-19T14:02:35.990+0000] {logging_mixin.py:190} INFO - [2026-09-19T14:02:35.990+0000] {dagbag.py:387} ERROR - Failed to import: /opt/airflow/dags/dags.py
Traceback (most recent call last):
  File "/home/airflow/.local/lib/python3.12/site-packages/airflow/models/dagbag.py", line 383, in parse
    loader.exec_module(new_module)
  File "<frozen importlib._bootstrap_external>", line 995, in exec_module
  File "<frozen importlib._bootstrap>", line 488, in _call_with_frames_removed
  File "/opt/airflow/dags/dags.py", line 1, in <module>
    from extraction.extract_weather import extract_data
  File "/opt/airflow/extraction/extract_weather.py", line 2, in <module>
    from pathlib import PATH
ImportError: cannot import name 'PATH' from 'pathlib' (/usr/local/lib/python3.12/pathlib.py). Did you mean: 'Path'?
[2026-09-19T14:02:35.991+0000] {processor.py:927} WARNING - No viable dags retrieved from /opt/airflow/dags/dags.py
[2026-09-19T14:02:36.008+0000] {processor.py:208} INFO - Processing /opt/airflow/dags/dags.py took 0.300 seconds
[2026-09-19T14:03:06.166+0000] {processor.py:186} INFO - Started process (PID=108) to work on /opt/airflow/dags/dags.py
[2026-09-19T14:03:06.170+0000] {processor.py:914} INFO - Processing file /opt/airflow/dags/dags.py for tasks to queue
[2026-09-19T14:03:06.171+0000] {logging_mixin.py:190} INFO - [2026-09-19T14:03:06.171+0000] {dagbag.py:588} INFO - Filling up the DagBag from /opt/airflow/dags/dags.py
[2026-09-19T14:03:06.174+0000] {logging_mixin.py:190} INFO - [2026-09-19T14:03:06.173+0000] {dagbag.py:387} ERROR - Failed to import: /opt/airflow/dags/dags.py
Traceback (most recent call last):
  File "/home/airflow/.local/lib/python3.12/site-packages/airflow/models/dagbag.py", line 383, in parse
    loader.exec_module(new_module)
  File "<frozen importlib._bootstrap_external>", line 995, in exec_module
  File "<frozen importlib._bootstrap>", line 488, in _call_with_frames_removed
  File "/opt/airflow/dags/dags.py", line 1, in <module>
    from extraction.extract_weather import extract_data
  File "/opt/airflow/extraction/extract_weather.py", line 5
    root = PATH(__file__).resolve().parents[]
                                            ^
SyntaxError: invalid syntax
[2026-09-19T14:03:06.174+0000] {processor.py:927} WARNING - No viable dags retrieved from /opt/airflow/dags/dags.py
[2026-09-19T14:03:06.192+0000] {processor.py:208} INFO - Processing /opt/airflow/dags/dags.py took 0.031 seconds
[2026-09-19T14:03:36.327+0000] {processor.py:186} INFO - Started process (PID=109) to work on /opt/airflow/dags/dags.py
[2026-09-19T14:03:36.327+0000] {processor.py:914} INFO - Processing file /opt/airflow/dags/dags.py for tasks to queue
[2026-09-19T14:03:36.328+0000] {logging_mixin.py:190} INFO - [2026-09-19T14:03:36.327+0000] {dagbag.py:588} INFO - Filling up the DagBag from /opt/airflow/dags/dags.py
[2026-09-19T14:03:36.594+0000] {logging_mixin.py:190} INFO - [2026-09-19T14:03:36.593+0000] {dagbag.py:387} ERROR - Failed to import: /opt/airflow/dags/dags.py
Traceback (most recent call last):
  File "/home/airflow/.local/lib/python3.12/site-packages/airflow/models/dagbag.py", line 383, in parse
    loader.exec_module(new_module)
  File "<frozen importlib._bootstrap_external>", line 995, in exec_module
  File "<frozen importlib._bootstrap>", line 488, in _call_with_frames_removed
  File "/opt/airflow/dags/dags.py", line 1, in <module>
    from extraction.extract_weather import extract_data
  File "/opt/airflow/extraction/extract_weather.py", line 2, in <module>
    from pathlib import PATH
ImportError: cannot import name 'PATH' from 'pathlib' (/usr/local/lib/python3.12/pathlib.py). Did you mean: 'Path'?
[2026-09-19T14:03:36.594+0000] {processor.py:927} WARNING - No viable dags retrieved from /opt/airflow/dags/dags.py
[2026-09-19T14:03:36.608+0000] {processor.py:208} INFO - Processing /opt/airflow/dags/dags.py took 0.285 seconds
[2026-09-19T14:04:06.762+0000] {processor.py:186} INFO - Started process (PID=111) to work on /opt/airflow/dags/dags.py
[2026-09-19T14:04:06.766+0000] {processor.py:914} INFO - Processing file /opt/airflow/dags/dags.py for tasks to queue
[2026-09-19T14:04:06.767+0000] {logging_mixin.py:190} INFO - [2026-09-19T14:04:06.767+0000] {dagbag.py:588} INFO - Filling up the DagBag from /opt/airflow/dags/dags.py
[2026-09-19T14:04:07.027+0000] {logging_mixin.py:190} INFO - [2026-09-19T14:04:07.027+0000] {dagbag.py:387} ERROR - Failed to import: /opt/airflow/dags/dags.py
Traceback (most recent call last):
  File "/home/airflow/.local/lib/python3.12/site-packages/airflow/models/dagbag.py", line 383, in parse
    loader.exec_module(new_module)
  File "<frozen importlib._bootstrap_external>", line 995, in exec_module
  File "<frozen importlib._bootstrap>", line 488, in _call_with_frames_removed
  File "/opt/airflow/dags/dags.py", line 1, in <module>
    from extraction.extract_weather import extract_data
  File "/opt/airflow/extraction/extract_weather.py", line 2, in <module>
    from pathlib import PATH
ImportError: cannot import name 'PATH' from 'pathlib' (/usr/local/lib/python3.12/pathlib.py). Did you mean: 'Path'?
[2026-09-19T14:04:07.028+0000] {processor.py:927} WARNING - No viable dags retrieved from /opt/airflow/dags/dags.py
[2026-09-19T14:04:07.042+0000] {processor.py:208} INFO - Processing /opt/airflow/dags/dags.py took 0.283 seconds
[2026-09-19T14:04:37.210+0000] {processor.py:186} INFO - Started process (PID=113) to work on /opt/airflow/dags/dags.py
[2026-09-19T14:04:37.211+0000] {processor.py:914} INFO - Processing file /opt/airflow/dags/dags.py for tasks to queue
[2026-09-19T14:04:37.211+0000] {logging_mixin.py:190} INFO - [2026-09-19T14:04:37.211+0000] {dagbag.py:588} INFO - Filling up the DagBag from /opt/airflow/dags/dags.py
[2026-09-19T14:04:37.213+0000] {logging_mixin.py:190} INFO - [2026-09-19T14:04:37.213+0000] {dagbag.py:387} ERROR - Failed to import: /opt/airflow/dags/dags.py
Traceback (most recent call last):
  File "/home/airflow/.local/lib/python3.12/site-packages/airflow/models/dagbag.py", line 383, in parse
    loader.exec_module(new_module)
  File "<frozen importlib._bootstrap_external>", line 995, in exec_module
  File "<frozen importlib._bootstrap>", line 488, in _call_with_frames_removed
  File "/opt/airflow/dags/dags.py", line 1, in <module>
    from extraction.extract_weather import extract_data
  File "/opt/airflow/extraction/extract_weather.py", line 8
    output_file = root / "data" / 
                                  ^
SyntaxError: invalid syntax
[2026-09-19T14:04:37.213+0000] {processor.py:927} WARNING - No viable dags retrieved from /opt/airflow/dags/dags.py
[2026-09-19T14:04:37.232+0000] {processor.py:208} INFO - Processing /opt/airflow/dags/dags.py took 0.025 seconds
[2026-09-19T14:05:07.373+0000] {processor.py:186} INFO - Started process (PID=114) to work on /opt/airflow/dags/dags.py
[2026-09-19T14:05:07.377+0000] {processor.py:914} INFO - Processing file /opt/airflow/dags/dags.py for tasks to queue
[2026-09-19T14:05:07.378+0000] {logging_mixin.py:190} INFO - [2026-09-19T14:05:07.377+0000] {dagbag.py:588} INFO - Filling up the DagBag from /opt/airflow/dags/dags.py
[2026-09-19T14:05:07.636+0000] {logging_mixin.py:190} INFO - [2026-09-19T14:05:07.635+0000] {dagbag.py:387} ERROR - Failed to import: /opt/airflow/dags/dags.py
Traceback (most recent call last):
  File "/home/airflow/.local/lib/python3.12/site-packages/airflow/models/dagbag.py", line 383, in parse
    loader.exec_module(new_module)
  File "<frozen importlib._bootstrap_external>", line 995, in exec_module
  File "<frozen importlib._bootstrap>", line 488, in _call_with_frames_removed
  File "/opt/airflow/dags/dags.py", line 1, in <module>
    from extraction.extract_weather import extract_data
  File "/opt/airflow/extraction/extract_weather.py", line 2, in <module>
    from pathlib import P
ImportError: cannot import name 'P' from 'pathlib' (/usr/local/lib/python3.12/pathlib.py)
[2026-09-19T14:05:07.636+0000] {processor.py:927} WARNING - No viable dags retrieved from /opt/airflow/dags/dags.py
[2026-09-19T14:05:07.648+0000] {processor.py:208} INFO - Processing /opt/airflow/dags/dags.py took 0.278 seconds
[2026-09-19T14:05:37.800+0000] {processor.py:186} INFO - Started process (PID=116) to work on /opt/airflow/dags/dags.py
[2026-09-19T14:05:37.801+0000] {processor.py:914} INFO - Processing file /opt/airflow/dags/dags.py for tasks to queue
[2026-09-19T14:05:37.802+0000] {logging_mixin.py:190} INFO - [2026-09-19T14:05:37.801+0000] {dagbag.py:588} INFO - Filling up the DagBag from /opt/airflow/dags/dags.py
[2026-09-19T14:05:38.066+0000] {processor.py:925} INFO - DAG(s) 'etl_pipeline' retrieved from /opt/airflow/dags/dags.py
[2026-09-19T14:05:38.125+0000] {logging_mixin.py:190} INFO - [2026-09-19T14:05:38.124+0000] {dag.py:3239} INFO - Sync 1 DAGs
[2026-09-19T14:05:38.134+0000] {logging_mixin.py:190} INFO - [2026-09-19T14:05:38.133+0000] {dag.py:4180} INFO - Setting next_dagrun for etl_pipeline to 2026-09-19 00:00:00+00:00, run_after=2026-09-20 00:00:00+00:00
[2026-09-19T14:05:38.145+0000] {processor.py:208} INFO - Processing /opt/airflow/dags/dags.py took 0.349 seconds
[2026-09-19T14:06:08.328+0000] {processor.py:186} INFO - Started process (PID=118) to work on /opt/airflow/dags/dags.py
[2026-09-19T14:06:08.332+0000] {processor.py:914} INFO - Processing file /opt/airflow/dags/dags.py for tasks to queue
[2026-09-19T14:06:08.332+0000] {logging_mixin.py:190} INFO - [2026-09-19T14:06:08.332+0000] {dagbag.py:588} INFO - Filling up the DagBag from /opt/airflow/dags/dags.py
[2026-09-19T14:06:08.598+0000] {processor.py:925} INFO - DAG(s) 'etl_pipeline' retrieved from /opt/airflow/dags/dags.py
[2026-09-19T14:06:08.617+0000] {logging_mixin.py:190} INFO - [2026-09-19T14:06:08.616+0000] {dag.py:3239} INFO - Sync 1 DAGs
[2026-09-19T14:06:08.630+0000] {logging_mixin.py:190} INFO - [2026-09-19T14:06:08.630+0000] {dag.py:4180} INFO - Setting next_dagrun for etl_pipeline to 2026-09-19 00:00:00+00:00, run_after=2026-09-20 00:00:00+00:00
[2026-09-19T14:06:08.638+0000] {processor.py:208} INFO - Processing /opt/airflow/dags/dags.py took 0.313 seconds
[2026-09-19T14:06:38.800+0000] {processor.py:186} INFO - Started process (PID=120) to work on /opt/airflow/dags/dags.py
[2026-09-19T14:06:38.800+0000] {processor.py:914} INFO - Processing file /opt/airflow/dags/dags.py for tasks to queue
[2026-09-19T14:06:38.801+0000] {logging_mixin.py:190} INFO - [2026-09-19T14:06:38.801+0000] {dagbag.py:588} INFO - Filling up the DagBag from /opt/airflow/dags/dags.py
[2026-09-19T14:06:39.055+0000] {processor.py:925} INFO - DAG(s) 'etl_pipeline' retrieved from /opt/airflow/dags/dags.py
[2026-09-19T14:06:39.070+0000] {logging_mixin.py:190} INFO - [2026-09-19T14:06:39.070+0000] {dag.py:3239} INFO - Sync 1 DAGs
[2026-09-19T14:06:39.080+0000] {logging_mixin.py:190} INFO - [2026-09-19T14:06:39.079+0000] {dag.py:4180} INFO - Setting next_dagrun for etl_pipeline to 2026-09-19 00:00:00+00:00, run_after=2026-09-20 00:00:00+00:00
[2026-09-19T14:06:39.089+0000] {processor.py:208} INFO - Processing /opt/airflow/dags/dags.py took 0.292 seconds
[2026-09-19T14:07:09.242+0000] {processor.py:186} INFO - Started process (PID=122) to work on /opt/airflow/dags/dags.py
[2026-09-19T14:07:09.245+0000] {processor.py:914} INFO - Processing file /opt/airflow/dags/dags.py for tasks to queue
[2026-09-19T14:07:09.246+0000] {logging_mixin.py:190} INFO - [2026-09-19T14:07:09.246+0000] {dagbag.py:588} INFO - Filling up the DagBag from /opt/airflow/dags/dags.py
[2026-09-19T14:07:09.500+0000] {processor.py:925} INFO - DAG(s) 'etl_pipeline' retrieved from /opt/airflow/dags/dags.py
[2026-09-19T14:07:09.514+0000] {logging_mixin.py:190} INFO - [2026-09-19T14:07:09.514+0000] {dag.py:3239} INFO - Sync 1 DAGs
[2026-09-19T14:07:09.527+0000] {logging_mixin.py:190} INFO - [2026-09-19T14:07:09.527+0000] {dag.py:4180} INFO - Setting next_dagrun for etl_pipeline to 2026-09-19 00:00:00+00:00, run_after=2026-09-20 00:00:00+00:00
[2026-09-19T14:07:09.541+0000] {processor.py:208} INFO - Processing /opt/airflow/dags/dags.py took 0.302 seconds
[2026-09-19T14:07:39.704+0000] {processor.py:186} INFO - Started process (PID=124) to work on /opt/airflow/dags/dags.py
[2026-09-19T14:07:39.704+0000] {processor.py:914} INFO - Processing file /opt/airflow/dags/dags.py for tasks to queue
[2026-09-19T14:07:39.705+0000] {logging_mixin.py:190} INFO - [2026-09-19T14:07:39.705+0000] {dagbag.py:588} INFO - Filling up the DagBag from /opt/airflow/dags/dags.py
[2026-09-19T14:07:39.956+0000] {processor.py:925} INFO - DAG(s) 'etl_pipeline' retrieved from /opt/airflow/dags/dags.py
[2026-09-19T14:07:39.971+0000] {logging_mixin.py:190} INFO - [2026-09-19T14:07:39.970+0000] {dag.py:3239} INFO - Sync 1 DAGs
[2026-09-19T14:07:39.981+0000] {logging_mixin.py:190} INFO - [2026-09-19T14:07:39.981+0000] {dag.py:4180} INFO - Setting next_dagrun for etl_pipeline to 2026-09-19 00:00:00+00:00, run_after=2026-09-20 00:00:00+00:00
[2026-09-19T14:07:39.989+0000] {processor.py:208} INFO - Processing /opt/airflow/dags/dags.py took 0.288 seconds
[2026-09-19T14:08:10.142+0000] {processor.py:186} INFO - Started process (PID=126) to work on /opt/airflow/dags/dags.py
[2026-09-19T14:08:10.145+0000] {processor.py:914} INFO - Processing file /opt/airflow/dags/dags.py for tasks to queue
[2026-09-19T14:08:10.146+0000] {logging_mixin.py:190} INFO - [2026-09-19T14:08:10.146+0000] {dagbag.py:588} INFO - Filling up the DagBag from /opt/airflow/dags/dags.py
[2026-09-19T14:08:10.404+0000] {processor.py:925} INFO - DAG(s) 'etl_pipeline' retrieved from /opt/airflow/dags/dags.py
[2026-09-19T14:08:10.419+0000] {logging_mixin.py:190} INFO - [2026-09-19T14:08:10.419+0000] {dag.py:3239} INFO - Sync 1 DAGs
[2026-09-19T14:08:10.429+0000] {logging_mixin.py:190} INFO - [2026-09-19T14:08:10.429+0000] {dag.py:4180} INFO - Setting next_dagrun for etl_pipeline to 2026-09-19 00:00:00+00:00, run_after=2026-09-20 00:00:00+00:00
[2026-09-19T14:08:10.439+0000] {processor.py:208} INFO - Processing /opt/airflow/dags/dags.py took 0.300 seconds
[2026-09-19T14:08:40.613+0000] {processor.py:186} INFO - Started process (PID=128) to work on /opt/airflow/dags/dags.py
[2026-09-19T14:08:40.614+0000] {processor.py:914} INFO - Processing file /opt/airflow/dags/dags.py for tasks to queue
[2026-09-19T14:08:40.614+0000] {logging_mixin.py:190} INFO - [2026-09-19T14:08:40.614+0000] {dagbag.py:588} INFO - Filling up the DagBag from /opt/airflow/dags/dags.py
[2026-09-19T14:08:40.901+0000] {processor.py:925} INFO - DAG(s) 'etl_pipeline' retrieved from /opt/airflow/dags/dags.py
[2026-09-19T14:08:40.922+0000] {logging_mixin.py:190} INFO - [2026-09-19T14:08:40.921+0000] {dag.py:3239} INFO - Sync 1 DAGs
[2026-09-19T14:08:40.936+0000] {logging_mixin.py:190} INFO - [2026-09-19T14:08:40.935+0000] {dag.py:4180} INFO - Setting next_dagrun for etl_pipeline to 2026-09-19 00:00:00+00:00, run_after=2026-09-20 00:00:00+00:00
[2026-09-19T14:08:40.948+0000] {processor.py:208} INFO - Processing /opt/airflow/dags/dags.py took 0.338 seconds
[2026-09-19T14:09:11.105+0000] {processor.py:186} INFO - Started process (PID=130) to work on /opt/airflow/dags/dags.py
[2026-09-19T14:09:11.109+0000] {processor.py:914} INFO - Processing file /opt/airflow/dags/dags.py for tasks to queue
[2026-09-19T14:09:11.110+0000] {logging_mixin.py:190} INFO - [2026-09-19T14:09:11.109+0000] {dagbag.py:588} INFO - Filling up the DagBag from /opt/airflow/dags/dags.py
[2026-09-19T14:09:11.378+0000] {processor.py:925} INFO - DAG(s) 'etl_pipeline' retrieved from /opt/airflow/dags/dags.py
[2026-09-19T14:09:11.401+0000] {logging_mixin.py:190} INFO - [2026-09-19T14:09:11.401+0000] {dag.py:3239} INFO - Sync 1 DAGs
[2026-09-19T14:09:11.411+0000] {logging_mixin.py:190} INFO - [2026-09-19T14:09:11.411+0000] {dag.py:4180} INFO - Setting next_dagrun for etl_pipeline to 2026-09-19 00:00:00+00:00, run_after=2026-09-20 00:00:00+00:00
[2026-09-19T14:09:11.421+0000] {processor.py:208} INFO - Processing /opt/airflow/dags/dags.py took 0.320 seconds
[2026-09-19T14:09:41.581+0000] {processor.py:186} INFO - Started process (PID=132) to work on /opt/airflow/dags/dags.py
[2026-09-19T14:09:41.581+0000] {processor.py:914} INFO - Processing file /opt/airflow/dags/dags.py for tasks to queue
[2026-09-19T14:09:41.582+0000] {logging_mixin.py:190} INFO - [2026-09-19T14:09:41.582+0000] {dagbag.py:588} INFO - Filling up the DagBag from /opt/airflow/dags/dags.py
[2026-09-19T14:09:41.839+0000] {processor.py:925} INFO - DAG(s) 'etl_pipeline' retrieved from /opt/airflow/dags/dags.py
[2026-09-19T14:09:41.861+0000] {logging_mixin.py:190} INFO - [2026-09-19T14:09:41.860+0000] {dag.py:3239} INFO - Sync 1 DAGs
[2026-09-19T14:09:41.875+0000] {logging_mixin.py:190} INFO - [2026-09-19T14:09:41.875+0000] {dag.py:4180} INFO - Setting next_dagrun for etl_pipeline to 2026-09-19 00:00:00+00:00, run_after=2026-09-20 00:00:00+00:00
[2026-09-19T14:09:41.886+0000] {processor.py:208} INFO - Processing /opt/airflow/dags/dags.py took 0.310 seconds
[2026-09-19T14:10:12.027+0000] {processor.py:186} INFO - Started process (PID=134) to work on /opt/airflow/dags/dags.py
[2026-09-19T14:10:12.030+0000] {processor.py:914} INFO - Processing file /opt/airflow/dags/dags.py for tasks to queue
[2026-09-19T14:10:12.031+0000] {logging_mixin.py:190} INFO - [2026-09-19T14:10:12.031+0000] {dagbag.py:588} INFO - Filling up the DagBag from /opt/airflow/dags/dags.py
[2026-09-19T14:10:12.276+0000] {processor.py:925} INFO - DAG(s) 'etl_pipeline' retrieved from /opt/airflow/dags/dags.py
[2026-09-19T14:10:12.297+0000] {logging_mixin.py:190} INFO - [2026-09-19T14:10:12.297+0000] {dag.py:3239} INFO - Sync 1 DAGs
[2026-09-19T14:10:12.309+0000] {logging_mixin.py:190} INFO - [2026-09-19T14:10:12.309+0000] {dag.py:4180} INFO - Setting next_dagrun for etl_pipeline to 2026-09-19 00:00:00+00:00, run_after=2026-09-20 00:00:00+00:00
[2026-09-19T14:10:12.328+0000] {processor.py:208} INFO - Processing /opt/airflow/dags/dags.py took 0.306 seconds
[2026-09-19T14:10:42.469+0000] {processor.py:186} INFO - Started process (PID=136) to work on /opt/airflow/dags/dags.py
[2026-09-19T14:10:42.469+0000] {processor.py:914} INFO - Processing file /opt/airflow/dags/dags.py for tasks to queue
[2026-09-19T14:10:42.470+0000] {logging_mixin.py:190} INFO - [2026-09-19T14:10:42.470+0000] {dagbag.py:588} INFO - Filling up the DagBag from /opt/airflow/dags/dags.py
[2026-09-19T14:10:42.726+0000] {processor.py:925} INFO - DAG(s) 'etl_pipeline' retrieved from /opt/airflow/dags/dags.py
[2026-09-19T14:10:42.740+0000] {logging_mixin.py:190} INFO - [2026-09-19T14:10:42.740+0000] {dag.py:3239} INFO - Sync 1 DAGs
[2026-09-19T14:10:42.750+0000] {logging_mixin.py:190} INFO - [2026-09-19T14:10:42.750+0000] {dag.py:4180} INFO - Setting next_dagrun for etl_pipeline to 2026-09-19 00:00:00+00:00, run_after=2026-09-20 00:00:00+00:00
[2026-09-19T14:10:42.760+0000] {processor.py:208} INFO - Processing /opt/airflow/dags/dags.py took 0.296 seconds
[2026-09-19T14:11:12.918+0000] {processor.py:186} INFO - Started process (PID=138) to work on /opt/airflow/dags/dags.py
[2026-09-19T14:11:12.922+0000] {processor.py:914} INFO - Processing file /opt/airflow/dags/dags.py for tasks to queue
[2026-09-19T14:11:12.923+0000] {logging_mixin.py:190} INFO - [2026-09-19T14:11:12.923+0000] {dagbag.py:588} INFO - Filling up the DagBag from /opt/airflow/dags/dags.py
[2026-09-19T14:11:13.182+0000] {processor.py:925} INFO - DAG(s) 'etl_pipeline' retrieved from /opt/airflow/dags/dags.py
[2026-09-19T14:11:13.198+0000] {logging_mixin.py:190} INFO - [2026-09-19T14:11:13.197+0000] {dag.py:3239} INFO - Sync 1 DAGs
[2026-09-19T14:11:13.208+0000] {logging_mixin.py:190} INFO - [2026-09-19T14:11:13.207+0000] {dag.py:4180} INFO - Setting next_dagrun for etl_pipeline to 2026-09-19 00:00:00+00:00, run_after=2026-09-20 00:00:00+00:00
[2026-09-19T14:11:13.215+0000] {processor.py:208} INFO - Processing /opt/airflow/dags/dags.py took 0.300 seconds
[2026-09-19T14:11:43.381+0000] {processor.py:186} INFO - Started process (PID=140) to work on /opt/airflow/dags/dags.py
[2026-09-19T14:11:43.381+0000] {processor.py:914} INFO - Processing file /opt/airflow/dags/dags.py for tasks to queue
[2026-09-19T14:11:43.381+0000] {logging_mixin.py:190} INFO - [2026-09-19T14:11:43.381+0000] {dagbag.py:588} INFO - Filling up the DagBag from /opt/airflow/dags/dags.py
[2026-09-19T14:11:43.649+0000] {processor.py:925} INFO - DAG(s) 'etl_pipeline' retrieved from /opt/airflow/dags/dags.py
[2026-09-19T14:11:43.666+0000] {logging_mixin.py:190} INFO - [2026-09-19T14:11:43.666+0000] {dag.py:3239} INFO - Sync 1 DAGs
[2026-09-19T14:11:43.676+0000] {logging_mixin.py:190} INFO - [2026-09-19T14:11:43.676+0000] {dag.py:4180} INFO - Setting next_dagrun for etl_pipeline to 2026-09-19 00:00:00+00:00, run_after=2026-09-20 00:00:00+00:00
[2026-09-19T14:11:43.687+0000] {processor.py:208} INFO - Processing /opt/airflow/dags/dags.py took 0.309 seconds
[2026-09-19T14:12:13.857+0000] {processor.py:186} INFO - Started process (PID=142) to work on /opt/airflow/dags/dags.py
[2026-09-19T14:12:13.861+0000] {processor.py:914} INFO - Processing file /opt/airflow/dags/dags.py for tasks to queue
[2026-09-19T14:12:13.861+0000] {logging_mixin.py:190} INFO - [2026-09-19T14:12:13.861+0000] {dagbag.py:588} INFO - Filling up the DagBag from /opt/airflow/dags/dags.py
[2026-09-19T14:12:14.143+0000] {processor.py:925} INFO - DAG(s) 'etl_pipeline' retrieved from /opt/airflow/dags/dags.py
[2026-09-19T14:12:14.170+0000] {logging_mixin.py:190} INFO - [2026-09-19T14:12:14.169+0000] {dag.py:3239} INFO - Sync 1 DAGs
[2026-09-19T14:12:14.180+0000] {logging_mixin.py:190} INFO - [2026-09-19T14:12:14.179+0000] {dag.py:4180} INFO - Setting next_dagrun for etl_pipeline to 2026-09-19 00:00:00+00:00, run_after=2026-09-20 00:00:00+00:00
[2026-09-19T14:12:14.190+0000] {processor.py:208} INFO - Processing /opt/airflow/dags/dags.py took 0.337 seconds
[2026-09-19T14:12:44.371+0000] {processor.py:186} INFO - Started process (PID=144) to work on /opt/airflow/dags/dags.py
[2026-09-19T14:12:44.371+0000] {processor.py:914} INFO - Processing file /opt/airflow/dags/dags.py for tasks to queue
[2026-09-19T14:12:44.372+0000] {logging_mixin.py:190} INFO - [2026-09-19T14:12:44.372+0000] {dagbag.py:588} INFO - Filling up the DagBag from /opt/airflow/dags/dags.py
[2026-09-19T14:12:44.629+0000] {processor.py:925} INFO - DAG(s) 'etl_pipeline' retrieved from /opt/airflow/dags/dags.py
[2026-09-19T14:12:44.645+0000] {logging_mixin.py:190} INFO - [2026-09-19T14:12:44.645+0000] {dag.py:3239} INFO - Sync 1 DAGs
[2026-09-19T14:12:44.656+0000] {logging_mixin.py:190} INFO - [2026-09-19T14:12:44.656+0000] {dag.py:4180} INFO - Setting next_dagrun for etl_pipeline to 2026-09-19 00:00:00+00:00, run_after=2026-09-20 00:00:00+00:00
[2026-09-19T14:12:44.667+0000] {processor.py:208} INFO - Processing /opt/airflow/dags/dags.py took 0.301 seconds
[2026-09-19T14:13:30.414+0000] {processor.py:186} INFO - Started process (PID=42) to work on /opt/airflow/dags/dags.py
[2026-09-19T14:13:30.415+0000] {processor.py:914} INFO - Processing file /opt/airflow/dags/dags.py for tasks to queue
[2026-09-19T14:13:30.417+0000] {logging_mixin.py:190} INFO - [2026-09-19T14:13:30.417+0000] {dagbag.py:588} INFO - Filling up the DagBag from /opt/airflow/dags/dags.py
[2026-09-19T14:13:31.317+0000] {processor.py:925} INFO - DAG(s) 'etl_pipeline' retrieved from /opt/airflow/dags/dags.py
[2026-09-19T14:13:31.462+0000] {logging_mixin.py:190} INFO - [2026-09-19T14:13:31.462+0000] {override.py:1911} INFO - Created Permission View: can delete on DAG:etl_pipeline
[2026-09-19T14:13:31.467+0000] {logging_mixin.py:190} INFO - [2026-09-19T14:13:31.467+0000] {override.py:1911} INFO - Created Permission View: can read on DAG:etl_pipeline
[2026-09-19T14:13:31.470+0000] {logging_mixin.py:190} INFO - [2026-09-19T14:13:31.470+0000] {override.py:1911} INFO - Created Permission View: can edit on DAG:etl_pipeline
[2026-09-19T14:13:31.473+0000] {logging_mixin.py:190} INFO - [2026-09-19T14:13:31.473+0000] {override.py:1911} INFO - Created Permission View: can delete on DAG Run:etl_pipeline
[2026-09-19T14:13:31.475+0000] {logging_mixin.py:190} INFO - [2026-09-19T14:13:31.475+0000] {override.py:1911} INFO - Created Permission View: menu access on DAG Run:etl_pipeline
[2026-09-19T14:13:31.478+0000] {logging_mixin.py:190} INFO - [2026-09-19T14:13:31.478+0000] {override.py:1911} INFO - Created Permission View: can read on DAG Run:etl_pipeline
[2026-09-19T14:13:31.482+0000] {logging_mixin.py:190} INFO - [2026-09-19T14:13:31.482+0000] {override.py:1911} INFO - Created Permission View: can create on DAG Run:etl_pipeline
[2026-09-19T14:13:31.482+0000] {logging_mixin.py:190} INFO - [2026-09-19T14:13:31.482+0000] {dag.py:3239} INFO - Sync 1 DAGs
[2026-09-19T14:13:31.490+0000] {logging_mixin.py:190} INFO - [2026-09-19T14:13:31.490+0000] {dag.py:3262} INFO - Creating ORM DAG for etl_pipeline
[2026-09-19T14:13:31.500+0000] {logging_mixin.py:190} INFO - [2026-09-19T14:13:31.499+0000] {dag.py:4180} INFO - Setting next_dagrun for etl_pipeline to 2026-09-19 00:00:00+00:00, run_after=2026-09-20 00:00:00+00:00
[2026-09-19T14:13:31.509+0000] {processor.py:208} INFO - Processing /opt/airflow/dags/dags.py took 1.103 seconds
[2026-09-19T14:14:01.595+0000] {processor.py:186} INFO - Started process (PID=70) to work on /opt/airflow/dags/dags.py
[2026-09-19T14:14:01.595+0000] {processor.py:914} INFO - Processing file /opt/airflow/dags/dags.py for tasks to queue
[2026-09-19T14:14:01.596+0000] {logging_mixin.py:190} INFO - [2026-09-19T14:14:01.596+0000] {dagbag.py:588} INFO - Filling up the DagBag from /opt/airflow/dags/dags.py
[2026-09-19T14:14:01.870+0000] {processor.py:925} INFO - DAG(s) 'etl_pipeline' retrieved from /opt/airflow/dags/dags.py
[2026-09-19T14:14:01.892+0000] {logging_mixin.py:190} INFO - [2026-09-19T14:14:01.892+0000] {dag.py:3239} INFO - Sync 1 DAGs
[2026-09-19T14:14:01.904+0000] {logging_mixin.py:190} INFO - [2026-09-19T14:14:01.904+0000] {dag.py:4180} INFO - Setting next_dagrun for etl_pipeline to 2026-09-19 00:00:00+00:00, run_after=2026-09-20 00:00:00+00:00
[2026-09-19T14:14:01.916+0000] {processor.py:208} INFO - Processing /opt/airflow/dags/dags.py took 0.325 seconds
[2026-09-19T14:14:32.083+0000] {processor.py:186} INFO - Started process (PID=72) to work on /opt/airflow/dags/dags.py
[2026-09-19T14:14:32.087+0000] {processor.py:914} INFO - Processing file /opt/airflow/dags/dags.py for tasks to queue
[2026-09-19T14:14:32.088+0000] {logging_mixin.py:190} INFO - [2026-09-19T14:14:32.088+0000] {dagbag.py:588} INFO - Filling up the DagBag from /opt/airflow/dags/dags.py
[2026-09-19T14:14:32.335+0000] {processor.py:925} INFO - DAG(s) 'etl_pipeline' retrieved from /opt/airflow/dags/dags.py
[2026-09-19T14:14:32.351+0000] {logging_mixin.py:190} INFO - [2026-09-19T14:14:32.351+0000] {dag.py:3239} INFO - Sync 1 DAGs
[2026-09-19T14:14:32.361+0000] {logging_mixin.py:190} INFO - [2026-09-19T14:14:32.361+0000] {dag.py:4180} INFO - Setting next_dagrun for etl_pipeline to 2026-09-19 00:00:00+00:00, run_after=2026-09-20 00:00:00+00:00
[2026-09-19T14:14:32.370+0000] {processor.py:208} INFO - Processing /opt/airflow/dags/dags.py took 0.290 seconds
[2026-09-19T14:14:43.153+0000] {processor.py:186} INFO - Started process (PID=74) to work on /opt/airflow/dags/dags.py
[2026-09-19T14:14:43.153+0000] {processor.py:914} INFO - Processing file /opt/airflow/dags/dags.py for tasks to queue
[2026-09-19T14:14:43.156+0000] {logging_mixin.py:190} INFO - [2026-09-19T14:14:43.155+0000] {dagbag.py:588} INFO - Filling up the DagBag from /opt/airflow/dags/dags.py
[2026-09-19T14:14:43.428+0000] {processor.py:925} INFO - DAG(s) 'etl_pipeline' retrieved from /opt/airflow/dags/dags.py
[2026-09-19T14:14:43.443+0000] {logging_mixin.py:190} INFO - [2026-09-19T14:14:43.442+0000] {dag.py:3239} INFO - Sync 1 DAGs
[2026-09-19T14:14:43.453+0000] {logging_mixin.py:190} INFO - [2026-09-19T14:14:43.453+0000] {dag.py:4180} INFO - Setting next_dagrun for etl_pipeline to 2026-09-19 00:00:00+00:00, run_after=2026-09-20 00:00:00+00:00
[2026-09-19T14:14:43.464+0000] {processor.py:208} INFO - Processing /opt/airflow/dags/dags.py took 0.316 seconds
[2026-09-19T14:15:13.607+0000] {processor.py:186} INFO - Started process (PID=76) to work on /opt/airflow/dags/dags.py
[2026-09-19T14:15:13.611+0000] {processor.py:914} INFO - Processing file /opt/airflow/dags/dags.py for tasks to queue
[2026-09-19T14:15:13.612+0000] {logging_mixin.py:190} INFO - [2026-09-19T14:15:13.612+0000] {dagbag.py:588} INFO - Filling up the DagBag from /opt/airflow/dags/dags.py
[2026-09-19T14:15:13.877+0000] {processor.py:925} INFO - DAG(s) 'etl_pipeline' retrieved from /opt/airflow/dags/dags.py
[2026-09-19T14:15:13.889+0000] {logging_mixin.py:190} INFO - [2026-09-19T14:15:13.889+0000] {dag.py:3239} INFO - Sync 1 DAGs
[2026-09-19T14:15:13.899+0000] {logging_mixin.py:190} INFO - [2026-09-19T14:15:13.899+0000] {dag.py:4180} INFO - Setting next_dagrun for etl_pipeline to 2026-09-19 00:00:00+00:00, run_after=2026-09-20 00:00:00+00:00
[2026-09-19T14:15:13.909+0000] {processor.py:208} INFO - Processing /opt/airflow/dags/dags.py took 0.306 seconds
[2026-09-19T14:15:44.086+0000] {processor.py:186} INFO - Started process (PID=104) to work on /opt/airflow/dags/dags.py
[2026-09-19T14:15:44.086+0000] {processor.py:914} INFO - Processing file /opt/airflow/dags/dags.py for tasks to queue
[2026-09-19T14:15:44.088+0000] {logging_mixin.py:190} INFO - [2026-09-19T14:15:44.088+0000] {dagbag.py:588} INFO - Filling up the DagBag from /opt/airflow/dags/dags.py
[2026-09-19T14:15:44.336+0000] {processor.py:925} INFO - DAG(s) 'etl_pipeline' retrieved from /opt/airflow/dags/dags.py
[2026-09-19T14:15:44.358+0000] {logging_mixin.py:190} INFO - [2026-09-19T14:15:44.357+0000] {dag.py:3239} INFO - Sync 1 DAGs
[2026-09-19T14:15:44.368+0000] {logging_mixin.py:190} INFO - [2026-09-19T14:15:44.368+0000] {dag.py:4180} INFO - Setting next_dagrun for etl_pipeline to 2026-09-19 00:00:00+00:00, run_after=2026-09-20 00:00:00+00:00
[2026-09-19T14:15:44.380+0000] {processor.py:208} INFO - Processing /opt/airflow/dags/dags.py took 0.298 seconds
[2026-09-19T14:16:14.573+0000] {processor.py:186} INFO - Started process (PID=106) to work on /opt/airflow/dags/dags.py
[2026-09-19T14:16:14.577+0000] {processor.py:914} INFO - Processing file /opt/airflow/dags/dags.py for tasks to queue
[2026-09-19T14:16:14.579+0000] {logging_mixin.py:190} INFO - [2026-09-19T14:16:14.578+0000] {dagbag.py:588} INFO - Filling up the DagBag from /opt/airflow/dags/dags.py
[2026-09-19T14:16:14.835+0000] {processor.py:925} INFO - DAG(s) 'etl_pipeline' retrieved from /opt/airflow/dags/dags.py
[2026-09-19T14:16:14.848+0000] {logging_mixin.py:190} INFO - [2026-09-19T14:16:14.848+0000] {dag.py:3239} INFO - Sync 1 DAGs
[2026-09-19T14:16:14.859+0000] {logging_mixin.py:190} INFO - [2026-09-19T14:16:14.859+0000] {dag.py:4180} INFO - Setting next_dagrun for etl_pipeline to 2026-09-19 00:00:00+00:00, run_after=2026-09-20 00:00:00+00:00
[2026-09-19T14:16:14.871+0000] {processor.py:208} INFO - Processing /opt/airflow/dags/dags.py took 0.303 seconds
[2026-09-19T14:16:45.050+0000] {processor.py:186} INFO - Started process (PID=108) to work on /opt/airflow/dags/dags.py
[2026-09-19T14:16:45.051+0000] {processor.py:914} INFO - Processing file /opt/airflow/dags/dags.py for tasks to queue
[2026-09-19T14:16:45.052+0000] {logging_mixin.py:190} INFO - [2026-09-19T14:16:45.051+0000] {dagbag.py:588} INFO - Filling up the DagBag from /opt/airflow/dags/dags.py
[2026-09-19T14:16:45.307+0000] {processor.py:925} INFO - DAG(s) 'etl_pipeline' retrieved from /opt/airflow/dags/dags.py
[2026-09-19T14:16:45.321+0000] {logging_mixin.py:190} INFO - [2026-09-19T14:16:45.321+0000] {dag.py:3239} INFO - Sync 1 DAGs
[2026-09-19T14:16:45.332+0000] {logging_mixin.py:190} INFO - [2026-09-19T14:16:45.332+0000] {dag.py:4180} INFO - Setting next_dagrun for etl_pipeline to 2026-09-19 00:00:00+00:00, run_after=2026-09-20 00:00:00+00:00
[2026-09-19T14:16:45.340+0000] {processor.py:208} INFO - Processing /opt/airflow/dags/dags.py took 0.293 seconds
[2026-09-19T14:17:15.503+0000] {processor.py:186} INFO - Started process (PID=110) to work on /opt/airflow/dags/dags.py
[2026-09-19T14:17:15.504+0000] {processor.py:914} INFO - Processing file /opt/airflow/dags/dags.py for tasks to queue
[2026-09-19T14:17:15.505+0000] {logging_mixin.py:190} INFO - [2026-09-19T14:17:15.505+0000] {dagbag.py:588} INFO - Filling up the DagBag from /opt/airflow/dags/dags.py
[2026-09-19T14:17:15.760+0000] {processor.py:925} INFO - DAG(s) 'etl_pipeline' retrieved from /opt/airflow/dags/dags.py
[2026-09-19T14:17:15.777+0000] {logging_mixin.py:190} INFO - [2026-09-19T14:17:15.777+0000] {dag.py:3239} INFO - Sync 1 DAGs
[2026-09-19T14:17:15.788+0000] {logging_mixin.py:190} INFO - [2026-09-19T14:17:15.788+0000] {dag.py:4180} INFO - Setting next_dagrun for etl_pipeline to 2026-09-19 00:00:00+00:00, run_after=2026-09-20 00:00:00+00:00
[2026-09-19T14:17:15.796+0000] {processor.py:208} INFO - Processing /opt/airflow/dags/dags.py took 0.300 seconds
[2026-09-19T14:17:45.970+0000] {processor.py:186} INFO - Started process (PID=112) to work on /opt/airflow/dags/dags.py
[2026-09-19T14:17:45.970+0000] {processor.py:914} INFO - Processing file /opt/airflow/dags/dags.py for tasks to queue
[2026-09-19T14:17:45.971+0000] {logging_mixin.py:190} INFO - [2026-09-19T14:17:45.971+0000] {dagbag.py:588} INFO - Filling up the DagBag from /opt/airflow/dags/dags.py
[2026-09-19T14:17:46.220+0000] {processor.py:925} INFO - DAG(s) 'etl_pipeline' retrieved from /opt/airflow/dags/dags.py
[2026-09-19T14:17:46.235+0000] {logging_mixin.py:190} INFO - [2026-09-19T14:17:46.235+0000] {dag.py:3239} INFO - Sync 1 DAGs
[2026-09-19T14:17:46.245+0000] {logging_mixin.py:190} INFO - [2026-09-19T14:17:46.244+0000] {dag.py:4180} INFO - Setting next_dagrun for etl_pipeline to 2026-09-19 00:00:00+00:00, run_after=2026-09-20 00:00:00+00:00
[2026-09-19T14:17:46.257+0000] {processor.py:208} INFO - Processing /opt/airflow/dags/dags.py took 0.291 seconds
[2026-09-19T14:18:16.433+0000] {processor.py:186} INFO - Started process (PID=114) to work on /opt/airflow/dags/dags.py
[2026-09-19T14:18:16.434+0000] {processor.py:914} INFO - Processing file /opt/airflow/dags/dags.py for tasks to queue
[2026-09-19T14:18:16.435+0000] {logging_mixin.py:190} INFO - [2026-09-19T14:18:16.435+0000] {dagbag.py:588} INFO - Filling up the DagBag from /opt/airflow/dags/dags.py
[2026-09-19T14:18:16.697+0000] {processor.py:925} INFO - DAG(s) 'etl_pipeline' retrieved from /opt/airflow/dags/dags.py
[2026-09-19T14:18:16.711+0000] {logging_mixin.py:190} INFO - [2026-09-19T14:18:16.711+0000] {dag.py:3239} INFO - Sync 1 DAGs
[2026-09-19T14:18:16.721+0000] {logging_mixin.py:190} INFO - [2026-09-19T14:18:16.720+0000] {dag.py:4180} INFO - Setting next_dagrun for etl_pipeline to 2026-09-19 00:00:00+00:00, run_after=2026-09-20 00:00:00+00:00
[2026-09-19T14:18:16.733+0000] {processor.py:208} INFO - Processing /opt/airflow/dags/dags.py took 0.303 seconds
[2026-09-19T14:18:46.913+0000] {processor.py:186} INFO - Started process (PID=116) to work on /opt/airflow/dags/dags.py
[2026-09-19T14:18:46.914+0000] {processor.py:914} INFO - Processing file /opt/airflow/dags/dags.py for tasks to queue
[2026-09-19T14:18:46.916+0000] {logging_mixin.py:190} INFO - [2026-09-19T14:18:46.916+0000] {dagbag.py:588} INFO - Filling up the DagBag from /opt/airflow/dags/dags.py
[2026-09-19T14:18:47.187+0000] {processor.py:925} INFO - DAG(s) 'etl_pipeline' retrieved from /opt/airflow/dags/dags.py
[2026-09-19T14:18:47.203+0000] {logging_mixin.py:190} INFO - [2026-09-19T14:18:47.203+0000] {dag.py:3239} INFO - Sync 1 DAGs
[2026-09-19T14:18:47.214+0000] {logging_mixin.py:190} INFO - [2026-09-19T14:18:47.214+0000] {dag.py:4180} INFO - Setting next_dagrun for etl_pipeline to 2026-09-19 00:00:00+00:00, run_after=2026-09-20 00:00:00+00:00
[2026-09-19T14:18:47.225+0000] {processor.py:208} INFO - Processing /opt/airflow/dags/dags.py took 0.317 seconds
[2026-09-19T14:19:17.382+0000] {processor.py:186} INFO - Started process (PID=118) to work on /opt/airflow/dags/dags.py
[2026-09-19T14:19:17.383+0000] {processor.py:914} INFO - Processing file /opt/airflow/dags/dags.py for tasks to queue
[2026-09-19T14:19:17.384+0000] {logging_mixin.py:190} INFO - [2026-09-19T14:19:17.384+0000] {dagbag.py:588} INFO - Filling up the DagBag from /opt/airflow/dags/dags.py
[2026-09-19T14:19:17.636+0000] {processor.py:925} INFO - DAG(s) 'etl_pipeline' retrieved from /opt/airflow/dags/dags.py
[2026-09-19T14:19:17.652+0000] {logging_mixin.py:190} INFO - [2026-09-19T14:19:17.652+0000] {dag.py:3239} INFO - Sync 1 DAGs
[2026-09-19T14:19:17.663+0000] {logging_mixin.py:190} INFO - [2026-09-19T14:19:17.663+0000] {dag.py:4180} INFO - Setting next_dagrun for etl_pipeline to 2026-09-19 00:00:00+00:00, run_after=2026-09-20 00:00:00+00:00
[2026-09-19T14:19:17.674+0000] {processor.py:208} INFO - Processing /opt/airflow/dags/dags.py took 0.297 seconds
[2026-09-19T14:22:14.518+0000] {processor.py:186} INFO - Started process (PID=42) to work on /opt/airflow/dags/dags.py
[2026-09-19T14:22:14.519+0000] {processor.py:914} INFO - Processing file /opt/airflow/dags/dags.py for tasks to queue
[2026-09-19T14:22:14.520+0000] {logging_mixin.py:190} INFO - [2026-09-19T14:22:14.520+0000] {dagbag.py:588} INFO - Filling up the DagBag from /opt/airflow/dags/dags.py
[2026-09-19T14:22:15.405+0000] {processor.py:925} INFO - DAG(s) 'etl_pipeline' retrieved from /opt/airflow/dags/dags.py
[2026-09-19T14:22:15.530+0000] {logging_mixin.py:190} INFO - [2026-09-19T14:22:15.530+0000] {override.py:1911} INFO - Created Permission View: can read on DAG:etl_pipeline
[2026-09-19T14:22:15.534+0000] {logging_mixin.py:190} INFO - [2026-09-19T14:22:15.534+0000] {override.py:1911} INFO - Created Permission View: can delete on DAG:etl_pipeline
[2026-09-19T14:22:15.537+0000] {logging_mixin.py:190} INFO - [2026-09-19T14:22:15.537+0000] {override.py:1911} INFO - Created Permission View: can edit on DAG:etl_pipeline
[2026-09-19T14:22:15.541+0000] {logging_mixin.py:190} INFO - [2026-09-19T14:22:15.541+0000] {override.py:1911} INFO - Created Permission View: menu access on DAG Run:etl_pipeline
[2026-09-19T14:22:15.544+0000] {logging_mixin.py:190} INFO - [2026-09-19T14:22:15.544+0000] {override.py:1911} INFO - Created Permission View: can read on DAG Run:etl_pipeline
[2026-09-19T14:22:15.546+0000] {logging_mixin.py:190} INFO - [2026-09-19T14:22:15.546+0000] {override.py:1911} INFO - Created Permission View: can delete on DAG Run:etl_pipeline
[2026-09-19T14:22:15.549+0000] {logging_mixin.py:190} INFO - [2026-09-19T14:22:15.549+0000] {override.py:1911} INFO - Created Permission View: can create on DAG Run:etl_pipeline
[2026-09-19T14:22:15.549+0000] {logging_mixin.py:190} INFO - [2026-09-19T14:22:15.549+0000] {dag.py:3239} INFO - Sync 1 DAGs
[2026-09-19T14:22:15.555+0000] {logging_mixin.py:190} INFO - [2026-09-19T14:22:15.555+0000] {dag.py:3262} INFO - Creating ORM DAG for etl_pipeline
[2026-09-19T14:22:15.561+0000] {logging_mixin.py:190} INFO - [2026-09-19T14:22:15.560+0000] {dag.py:4180} INFO - Setting next_dagrun for etl_pipeline to 2026-09-19 00:00:00+00:00, run_after=2026-09-20 00:00:00+00:00
[2026-09-19T14:22:15.568+0000] {processor.py:208} INFO - Processing /opt/airflow/dags/dags.py took 1.053 seconds
[2026-09-19T14:22:45.677+0000] {processor.py:186} INFO - Started process (PID=71) to work on /opt/airflow/dags/dags.py
[2026-09-19T14:22:45.677+0000] {processor.py:914} INFO - Processing file /opt/airflow/dags/dags.py for tasks to queue
[2026-09-19T14:22:45.678+0000] {logging_mixin.py:190} INFO - [2026-09-19T14:22:45.678+0000] {dagbag.py:588} INFO - Filling up the DagBag from /opt/airflow/dags/dags.py
[2026-09-19T14:22:45.946+0000] {processor.py:925} INFO - DAG(s) 'etl_pipeline' retrieved from /opt/airflow/dags/dags.py
[2026-09-19T14:22:45.963+0000] {logging_mixin.py:190} INFO - [2026-09-19T14:22:45.963+0000] {dag.py:3239} INFO - Sync 1 DAGs
[2026-09-19T14:22:45.973+0000] {logging_mixin.py:190} INFO - [2026-09-19T14:22:45.973+0000] {dag.py:4180} INFO - Setting next_dagrun for etl_pipeline to 2026-09-19 00:00:00+00:00, run_after=2026-09-20 00:00:00+00:00
[2026-09-19T14:22:45.981+0000] {processor.py:208} INFO - Processing /opt/airflow/dags/dags.py took 0.309 seconds
[2026-09-19T14:23:16.127+0000] {processor.py:186} INFO - Started process (PID=112) to work on /opt/airflow/dags/dags.py
[2026-09-19T14:23:16.127+0000] {processor.py:914} INFO - Processing file /opt/airflow/dags/dags.py for tasks to queue
[2026-09-19T14:23:16.130+0000] {logging_mixin.py:190} INFO - [2026-09-19T14:23:16.130+0000] {dagbag.py:588} INFO - Filling up the DagBag from /opt/airflow/dags/dags.py
[2026-09-19T14:23:16.386+0000] {processor.py:925} INFO - DAG(s) 'etl_pipeline' retrieved from /opt/airflow/dags/dags.py
[2026-09-19T14:23:16.403+0000] {logging_mixin.py:190} INFO - [2026-09-19T14:23:16.403+0000] {dag.py:3239} INFO - Sync 1 DAGs
[2026-09-19T14:23:16.414+0000] {logging_mixin.py:190} INFO - [2026-09-19T14:23:16.414+0000] {dag.py:4180} INFO - Setting next_dagrun for etl_pipeline to 2026-09-19 00:00:00+00:00, run_after=2026-09-20 00:00:00+00:00
[2026-09-19T14:23:16.425+0000] {processor.py:208} INFO - Processing /opt/airflow/dags/dags.py took 0.301 seconds
[2026-09-19T14:23:46.612+0000] {processor.py:186} INFO - Started process (PID=114) to work on /opt/airflow/dags/dags.py
[2026-09-19T14:23:46.616+0000] {processor.py:914} INFO - Processing file /opt/airflow/dags/dags.py for tasks to queue
[2026-09-19T14:23:46.617+0000] {logging_mixin.py:190} INFO - [2026-09-19T14:23:46.617+0000] {dagbag.py:588} INFO - Filling up the DagBag from /opt/airflow/dags/dags.py
[2026-09-19T14:23:46.870+0000] {processor.py:925} INFO - DAG(s) 'etl_pipeline' retrieved from /opt/airflow/dags/dags.py
[2026-09-19T14:23:46.885+0000] {logging_mixin.py:190} INFO - [2026-09-19T14:23:46.885+0000] {dag.py:3239} INFO - Sync 1 DAGs
[2026-09-19T14:23:46.896+0000] {logging_mixin.py:190} INFO - [2026-09-19T14:23:46.896+0000] {dag.py:4180} INFO - Setting next_dagrun for etl_pipeline to 2026-09-19 00:00:00+00:00, run_after=2026-09-20 00:00:00+00:00
[2026-09-19T14:23:46.903+0000] {processor.py:208} INFO - Processing /opt/airflow/dags/dags.py took 0.296 seconds
[2026-09-19T14:24:17.083+0000] {processor.py:186} INFO - Started process (PID=116) to work on /opt/airflow/dags/dags.py
[2026-09-19T14:24:17.084+0000] {processor.py:914} INFO - Processing file /opt/airflow/dags/dags.py for tasks to queue
[2026-09-19T14:24:17.085+0000] {logging_mixin.py:190} INFO - [2026-09-19T14:24:17.085+0000] {dagbag.py:588} INFO - Filling up the DagBag from /opt/airflow/dags/dags.py
[2026-09-19T14:24:17.343+0000] {processor.py:925} INFO - DAG(s) 'etl_pipeline' retrieved from /opt/airflow/dags/dags.py
[2026-09-19T14:24:17.359+0000] {logging_mixin.py:190} INFO - [2026-09-19T14:24:17.358+0000] {dag.py:3239} INFO - Sync 1 DAGs
[2026-09-19T14:24:17.370+0000] {logging_mixin.py:190} INFO - [2026-09-19T14:24:17.370+0000] {dag.py:4180} INFO - Setting next_dagrun for etl_pipeline to 2026-09-19 00:00:00+00:00, run_after=2026-09-20 00:00:00+00:00
[2026-09-19T14:24:17.381+0000] {processor.py:208} INFO - Processing /opt/airflow/dags/dags.py took 0.301 seconds
[2026-09-19T14:24:47.555+0000] {processor.py:186} INFO - Started process (PID=118) to work on /opt/airflow/dags/dags.py
[2026-09-19T14:24:47.558+0000] {processor.py:914} INFO - Processing file /opt/airflow/dags/dags.py for tasks to queue
[2026-09-19T14:24:47.559+0000] {logging_mixin.py:190} INFO - [2026-09-19T14:24:47.559+0000] {dagbag.py:588} INFO - Filling up the DagBag from /opt/airflow/dags/dags.py
[2026-09-19T14:24:47.834+0000] {processor.py:925} INFO - DAG(s) 'etl_pipeline' retrieved from /opt/airflow/dags/dags.py
[2026-09-19T14:24:47.854+0000] {logging_mixin.py:190} INFO - [2026-09-19T14:24:47.853+0000] {dag.py:3239} INFO - Sync 1 DAGs
[2026-09-19T14:24:47.864+0000] {logging_mixin.py:190} INFO - [2026-09-19T14:24:47.864+0000] {dag.py:4180} INFO - Setting next_dagrun for etl_pipeline to 2026-09-19 00:00:00+00:00, run_after=2026-09-20 00:00:00+00:00
[2026-09-19T14:24:47.875+0000] {processor.py:208} INFO - Processing /opt/airflow/dags/dags.py took 0.326 seconds
[2026-09-19T14:25:18.041+0000] {processor.py:186} INFO - Started process (PID=120) to work on /opt/airflow/dags/dags.py
[2026-09-19T14:25:18.042+0000] {processor.py:914} INFO - Processing file /opt/airflow/dags/dags.py for tasks to queue
[2026-09-19T14:25:18.043+0000] {logging_mixin.py:190} INFO - [2026-09-19T14:25:18.043+0000] {dagbag.py:588} INFO - Filling up the DagBag from /opt/airflow/dags/dags.py
[2026-09-19T14:25:18.289+0000] {processor.py:925} INFO - DAG(s) 'etl_pipeline' retrieved from /opt/airflow/dags/dags.py
[2026-09-19T14:25:18.305+0000] {logging_mixin.py:190} INFO - [2026-09-19T14:25:18.305+0000] {dag.py:3239} INFO - Sync 1 DAGs
[2026-09-19T14:25:18.316+0000] {logging_mixin.py:190} INFO - [2026-09-19T14:25:18.316+0000] {dag.py:4180} INFO - Setting next_dagrun for etl_pipeline to 2026-09-19 00:00:00+00:00, run_after=2026-09-20 00:00:00+00:00
[2026-09-19T14:25:18.323+0000] {processor.py:208} INFO - Processing /opt/airflow/dags/dags.py took 0.285 seconds
[2026-09-19T14:25:48.469+0000] {processor.py:186} INFO - Started process (PID=122) to work on /opt/airflow/dags/dags.py
[2026-09-19T14:25:48.470+0000] {processor.py:914} INFO - Processing file /opt/airflow/dags/dags.py for tasks to queue
[2026-09-19T14:25:48.471+0000] {logging_mixin.py:190} INFO - [2026-09-19T14:25:48.471+0000] {dagbag.py:588} INFO - Filling up the DagBag from /opt/airflow/dags/dags.py
[2026-09-19T14:25:48.737+0000] {processor.py:925} INFO - DAG(s) 'etl_pipeline' retrieved from /opt/airflow/dags/dags.py
[2026-09-19T14:25:48.752+0000] {logging_mixin.py:190} INFO - [2026-09-19T14:25:48.752+0000] {dag.py:3239} INFO - Sync 1 DAGs
[2026-09-19T14:25:48.763+0000] {logging_mixin.py:190} INFO - [2026-09-19T14:25:48.763+0000] {dag.py:4180} INFO - Setting next_dagrun for etl_pipeline to 2026-09-19 00:00:00+00:00, run_after=2026-09-20 00:00:00+00:00
[2026-09-19T14:25:48.773+0000] {processor.py:208} INFO - Processing /opt/airflow/dags/dags.py took 0.307 seconds
[2026-09-19T14:26:18.941+0000] {processor.py:186} INFO - Started process (PID=124) to work on /opt/airflow/dags/dags.py
[2026-09-19T14:26:18.942+0000] {processor.py:914} INFO - Processing file /opt/airflow/dags/dags.py for tasks to queue
[2026-09-19T14:26:18.943+0000] {logging_mixin.py:190} INFO - [2026-09-19T14:26:18.943+0000] {dagbag.py:588} INFO - Filling up the DagBag from /opt/airflow/dags/dags.py
[2026-09-19T14:26:19.198+0000] {processor.py:925} INFO - DAG(s) 'etl_pipeline' retrieved from /opt/airflow/dags/dags.py
[2026-09-19T14:26:19.212+0000] {logging_mixin.py:190} INFO - [2026-09-19T14:26:19.212+0000] {dag.py:3239} INFO - Sync 1 DAGs
[2026-09-19T14:26:19.225+0000] {logging_mixin.py:190} INFO - [2026-09-19T14:26:19.225+0000] {dag.py:4180} INFO - Setting next_dagrun for etl_pipeline to 2026-09-19 00:00:00+00:00, run_after=2026-09-20 00:00:00+00:00
[2026-09-19T14:26:19.236+0000] {processor.py:208} INFO - Processing /opt/airflow/dags/dags.py took 0.299 seconds
[2026-09-19T14:26:49.410+0000] {processor.py:186} INFO - Started process (PID=126) to work on /opt/airflow/dags/dags.py
[2026-09-19T14:26:49.411+0000] {processor.py:914} INFO - Processing file /opt/airflow/dags/dags.py for tasks to queue
[2026-09-19T14:26:49.412+0000] {logging_mixin.py:190} INFO - [2026-09-19T14:26:49.412+0000] {dagbag.py:588} INFO - Filling up the DagBag from /opt/airflow/dags/dags.py
[2026-09-19T14:26:49.669+0000] {processor.py:925} INFO - DAG(s) 'etl_pipeline' retrieved from /opt/airflow/dags/dags.py
[2026-09-19T14:26:49.684+0000] {logging_mixin.py:190} INFO - [2026-09-19T14:26:49.684+0000] {dag.py:3239} INFO - Sync 1 DAGs
[2026-09-19T14:26:49.695+0000] {logging_mixin.py:190} INFO - [2026-09-19T14:26:49.695+0000] {dag.py:4180} INFO - Setting next_dagrun for etl_pipeline to 2026-09-19 00:00:00+00:00, run_after=2026-09-20 00:00:00+00:00
[2026-09-19T14:26:49.703+0000] {processor.py:208} INFO - Processing /opt/airflow/dags/dags.py took 0.296 seconds
[2026-09-19T14:27:19.873+0000] {processor.py:186} INFO - Started process (PID=128) to work on /opt/airflow/dags/dags.py
[2026-09-19T14:27:19.874+0000] {processor.py:914} INFO - Processing file /opt/airflow/dags/dags.py for tasks to queue
[2026-09-19T14:27:19.876+0000] {logging_mixin.py:190} INFO - [2026-09-19T14:27:19.875+0000] {dagbag.py:588} INFO - Filling up the DagBag from /opt/airflow/dags/dags.py
[2026-09-19T14:27:20.123+0000] {processor.py:925} INFO - DAG(s) 'etl_pipeline' retrieved from /opt/airflow/dags/dags.py
[2026-09-19T14:27:20.138+0000] {logging_mixin.py:190} INFO - [2026-09-19T14:27:20.137+0000] {dag.py:3239} INFO - Sync 1 DAGs
[2026-09-19T14:27:20.149+0000] {logging_mixin.py:190} INFO - [2026-09-19T14:27:20.149+0000] {dag.py:4180} INFO - Setting next_dagrun for etl_pipeline to 2026-09-19 00:00:00+00:00, run_after=2026-09-20 00:00:00+00:00
[2026-09-19T14:27:20.160+0000] {processor.py:208} INFO - Processing /opt/airflow/dags/dags.py took 0.291 seconds
[2026-09-19T14:27:50.314+0000] {processor.py:186} INFO - Started process (PID=130) to work on /opt/airflow/dags/dags.py
[2026-09-19T14:27:50.318+0000] {processor.py:914} INFO - Processing file /opt/airflow/dags/dags.py for tasks to queue
[2026-09-19T14:27:50.319+0000] {logging_mixin.py:190} INFO - [2026-09-19T14:27:50.319+0000] {dagbag.py:588} INFO - Filling up the DagBag from /opt/airflow/dags/dags.py
[2026-09-19T14:27:50.580+0000] {processor.py:925} INFO - DAG(s) 'etl_pipeline' retrieved from /opt/airflow/dags/dags.py
[2026-09-19T14:27:50.602+0000] {logging_mixin.py:190} INFO - [2026-09-19T14:27:50.602+0000] {dag.py:3239} INFO - Sync 1 DAGs
[2026-09-19T14:27:50.613+0000] {logging_mixin.py:190} INFO - [2026-09-19T14:27:50.613+0000] {dag.py:4180} INFO - Setting next_dagrun for etl_pipeline to 2026-09-19 00:00:00+00:00, run_after=2026-09-20 00:00:00+00:00
[2026-09-19T14:27:50.625+0000] {processor.py:208} INFO - Processing /opt/airflow/dags/dags.py took 0.314 seconds
[2026-09-19T14:28:20.812+0000] {processor.py:186} INFO - Started process (PID=132) to work on /opt/airflow/dags/dags.py
[2026-09-19T14:28:20.813+0000] {processor.py:914} INFO - Processing file /opt/airflow/dags/dags.py for tasks to queue
[2026-09-19T14:28:20.813+0000] {logging_mixin.py:190} INFO - [2026-09-19T14:28:20.813+0000] {dagbag.py:588} INFO - Filling up the DagBag from /opt/airflow/dags/dags.py
[2026-09-19T14:28:21.059+0000] {processor.py:925} INFO - DAG(s) 'etl_pipeline' retrieved from /opt/airflow/dags/dags.py
[2026-09-19T14:28:21.079+0000] {logging_mixin.py:190} INFO - [2026-09-19T14:28:21.078+0000] {dag.py:3239} INFO - Sync 1 DAGs
[2026-09-19T14:28:21.089+0000] {logging_mixin.py:190} INFO - [2026-09-19T14:28:21.089+0000] {dag.py:4180} INFO - Setting next_dagrun for etl_pipeline to 2026-09-19 00:00:00+00:00, run_after=2026-09-20 00:00:00+00:00
[2026-09-19T14:28:21.100+0000] {processor.py:208} INFO - Processing /opt/airflow/dags/dags.py took 0.293 seconds
[2026-09-19T14:28:51.294+0000] {processor.py:186} INFO - Started process (PID=134) to work on /opt/airflow/dags/dags.py
[2026-09-19T14:28:51.298+0000] {processor.py:914} INFO - Processing file /opt/airflow/dags/dags.py for tasks to queue
[2026-09-19T14:28:51.300+0000] {logging_mixin.py:190} INFO - [2026-09-19T14:28:51.300+0000] {dagbag.py:588} INFO - Filling up the DagBag from /opt/airflow/dags/dags.py
[2026-09-19T14:28:51.580+0000] {processor.py:925} INFO - DAG(s) 'etl_pipeline' retrieved from /opt/airflow/dags/dags.py
[2026-09-19T14:28:51.596+0000] {logging_mixin.py:190} INFO - [2026-09-19T14:28:51.596+0000] {dag.py:3239} INFO - Sync 1 DAGs
[2026-09-19T14:28:51.607+0000] {logging_mixin.py:190} INFO - [2026-09-19T14:28:51.607+0000] {dag.py:4180} INFO - Setting next_dagrun for etl_pipeline to 2026-09-19 00:00:00+00:00, run_after=2026-09-20 00:00:00+00:00
[2026-09-19T14:28:51.614+0000] {processor.py:208} INFO - Processing /opt/airflow/dags/dags.py took 0.324 seconds
[2026-09-19T14:29:21.765+0000] {processor.py:186} INFO - Started process (PID=136) to work on /opt/airflow/dags/dags.py
[2026-09-19T14:29:21.766+0000] {processor.py:914} INFO - Processing file /opt/airflow/dags/dags.py for tasks to queue
[2026-09-19T14:29:21.767+0000] {logging_mixin.py:190} INFO - [2026-09-19T14:29:21.767+0000] {dagbag.py:588} INFO - Filling up the DagBag from /opt/airflow/dags/dags.py
[2026-09-19T14:29:22.029+0000] {processor.py:925} INFO - DAG(s) 'etl_pipeline' retrieved from /opt/airflow/dags/dags.py
[2026-09-19T14:29:22.047+0000] {logging_mixin.py:190} INFO - [2026-09-19T14:29:22.047+0000] {dag.py:3239} INFO - Sync 1 DAGs
[2026-09-19T14:29:22.058+0000] {logging_mixin.py:190} INFO - [2026-09-19T14:29:22.058+0000] {dag.py:4180} INFO - Setting next_dagrun for etl_pipeline to 2026-09-19 00:00:00+00:00, run_after=2026-09-20 00:00:00+00:00
[2026-09-19T14:29:22.070+0000] {processor.py:208} INFO - Processing /opt/airflow/dags/dags.py took 0.309 seconds
[2026-09-19T14:29:52.263+0000] {processor.py:186} INFO - Started process (PID=138) to work on /opt/airflow/dags/dags.py
[2026-09-19T14:29:52.264+0000] {processor.py:914} INFO - Processing file /opt/airflow/dags/dags.py for tasks to queue
[2026-09-19T14:29:52.265+0000] {logging_mixin.py:190} INFO - [2026-09-19T14:29:52.265+0000] {dagbag.py:588} INFO - Filling up the DagBag from /opt/airflow/dags/dags.py
[2026-09-19T14:29:52.515+0000] {processor.py:925} INFO - DAG(s) 'etl_pipeline' retrieved from /opt/airflow/dags/dags.py
[2026-09-19T14:29:52.528+0000] {logging_mixin.py:190} INFO - [2026-09-19T14:29:52.528+0000] {dag.py:3239} INFO - Sync 1 DAGs
[2026-09-19T14:29:52.538+0000] {logging_mixin.py:190} INFO - [2026-09-19T14:29:52.538+0000] {dag.py:4180} INFO - Setting next_dagrun for etl_pipeline to 2026-09-19 00:00:00+00:00, run_after=2026-09-20 00:00:00+00:00
[2026-09-19T14:29:52.548+0000] {processor.py:208} INFO - Processing /opt/airflow/dags/dags.py took 0.288 seconds
[2026-09-19T14:30:22.742+0000] {processor.py:186} INFO - Started process (PID=140) to work on /opt/airflow/dags/dags.py
[2026-09-19T14:30:22.742+0000] {processor.py:914} INFO - Processing file /opt/airflow/dags/dags.py for tasks to queue
[2026-09-19T14:30:22.743+0000] {logging_mixin.py:190} INFO - [2026-09-19T14:30:22.743+0000] {dagbag.py:588} INFO - Filling up the DagBag from /opt/airflow/dags/dags.py
[2026-09-19T14:30:22.980+0000] {processor.py:925} INFO - DAG(s) 'etl_pipeline' retrieved from /opt/airflow/dags/dags.py
[2026-09-19T14:30:23.004+0000] {logging_mixin.py:190} INFO - [2026-09-19T14:30:23.003+0000] {dag.py:3239} INFO - Sync 1 DAGs
[2026-09-19T14:30:23.015+0000] {logging_mixin.py:190} INFO - [2026-09-19T14:30:23.015+0000] {dag.py:4180} INFO - Setting next_dagrun for etl_pipeline to 2026-09-19 00:00:00+00:00, run_after=2026-09-20 00:00:00+00:00
[2026-09-19T14:30:23.028+0000] {processor.py:208} INFO - Processing /opt/airflow/dags/dags.py took 0.289 seconds
[2026-09-19T14:30:53.226+0000] {processor.py:186} INFO - Started process (PID=142) to work on /opt/airflow/dags/dags.py
[2026-09-19T14:30:53.230+0000] {processor.py:914} INFO - Processing file /opt/airflow/dags/dags.py for tasks to queue
[2026-09-19T14:30:53.232+0000] {logging_mixin.py:190} INFO - [2026-09-19T14:30:53.232+0000] {dagbag.py:588} INFO - Filling up the DagBag from /opt/airflow/dags/dags.py
[2026-09-19T14:30:53.472+0000] {processor.py:925} INFO - DAG(s) 'etl_pipeline' retrieved from /opt/airflow/dags/dags.py
[2026-09-19T14:30:53.486+0000] {logging_mixin.py:190} INFO - [2026-09-19T14:30:53.486+0000] {dag.py:3239} INFO - Sync 1 DAGs
[2026-09-19T14:30:53.496+0000] {logging_mixin.py:190} INFO - [2026-09-19T14:30:53.496+0000] {dag.py:4180} INFO - Setting next_dagrun for etl_pipeline to 2026-09-19 00:00:00+00:00, run_after=2026-09-20 00:00:00+00:00
[2026-09-19T14:30:53.506+0000] {processor.py:208} INFO - Processing /opt/airflow/dags/dags.py took 0.284 seconds
[2026-09-19T14:31:23.680+0000] {processor.py:186} INFO - Started process (PID=144) to work on /opt/airflow/dags/dags.py
[2026-09-19T14:31:23.681+0000] {processor.py:914} INFO - Processing file /opt/airflow/dags/dags.py for tasks to queue
[2026-09-19T14:31:23.682+0000] {logging_mixin.py:190} INFO - [2026-09-19T14:31:23.682+0000] {dagbag.py:588} INFO - Filling up the DagBag from /opt/airflow/dags/dags.py
[2026-09-19T14:31:23.955+0000] {processor.py:925} INFO - DAG(s) 'etl_pipeline' retrieved from /opt/airflow/dags/dags.py
[2026-09-19T14:31:23.971+0000] {logging_mixin.py:190} INFO - [2026-09-19T14:31:23.971+0000] {dag.py:3239} INFO - Sync 1 DAGs
[2026-09-19T14:31:23.983+0000] {logging_mixin.py:190} INFO - [2026-09-19T14:31:23.982+0000] {dag.py:4180} INFO - Setting next_dagrun for etl_pipeline to 2026-09-19 00:00:00+00:00, run_after=2026-09-20 00:00:00+00:00
[2026-09-19T14:31:23.991+0000] {processor.py:208} INFO - Processing /opt/airflow/dags/dags.py took 0.314 seconds
[2026-09-19T14:31:54.170+0000] {processor.py:186} INFO - Started process (PID=146) to work on /opt/airflow/dags/dags.py
[2026-09-19T14:31:54.174+0000] {processor.py:914} INFO - Processing file /opt/airflow/dags/dags.py for tasks to queue
[2026-09-19T14:31:54.176+0000] {logging_mixin.py:190} INFO - [2026-09-19T14:31:54.176+0000] {dagbag.py:588} INFO - Filling up the DagBag from /opt/airflow/dags/dags.py
[2026-09-19T14:31:54.422+0000] {processor.py:925} INFO - DAG(s) 'etl_pipeline' retrieved from /opt/airflow/dags/dags.py
[2026-09-19T14:31:54.438+0000] {logging_mixin.py:190} INFO - [2026-09-19T14:31:54.437+0000] {dag.py:3239} INFO - Sync 1 DAGs
[2026-09-19T14:31:54.449+0000] {logging_mixin.py:190} INFO - [2026-09-19T14:31:54.449+0000] {dag.py:4180} INFO - Setting next_dagrun for etl_pipeline to 2026-09-19 00:00:00+00:00, run_after=2026-09-20 00:00:00+00:00
[2026-09-19T14:31:54.459+0000] {processor.py:208} INFO - Processing /opt/airflow/dags/dags.py took 0.292 seconds
[2026-09-19T14:32:24.650+0000] {processor.py:186} INFO - Started process (PID=148) to work on /opt/airflow/dags/dags.py
[2026-09-19T14:32:24.650+0000] {processor.py:914} INFO - Processing file /opt/airflow/dags/dags.py for tasks to queue
[2026-09-19T14:32:24.651+0000] {logging_mixin.py:190} INFO - [2026-09-19T14:32:24.651+0000] {dagbag.py:588} INFO - Filling up the DagBag from /opt/airflow/dags/dags.py
[2026-09-19T14:32:24.890+0000] {processor.py:925} INFO - DAG(s) 'etl_pipeline' retrieved from /opt/airflow/dags/dags.py
[2026-09-19T14:32:24.906+0000] {logging_mixin.py:190} INFO - [2026-09-19T14:32:24.905+0000] {dag.py:3239} INFO - Sync 1 DAGs
[2026-09-19T14:32:24.915+0000] {logging_mixin.py:190} INFO - [2026-09-19T14:32:24.915+0000] {dag.py:4180} INFO - Setting next_dagrun for etl_pipeline to 2026-09-19 00:00:00+00:00, run_after=2026-09-20 00:00:00+00:00
[2026-09-19T14:32:24.923+0000] {processor.py:208} INFO - Processing /opt/airflow/dags/dags.py took 0.276 seconds
[2026-09-19T14:32:55.076+0000] {processor.py:186} INFO - Started process (PID=150) to work on /opt/airflow/dags/dags.py
[2026-09-19T14:32:55.077+0000] {processor.py:914} INFO - Processing file /opt/airflow/dags/dags.py for tasks to queue
[2026-09-19T14:32:55.078+0000] {logging_mixin.py:190} INFO - [2026-09-19T14:32:55.078+0000] {dagbag.py:588} INFO - Filling up the DagBag from /opt/airflow/dags/dags.py
[2026-09-19T14:32:55.330+0000] {processor.py:925} INFO - DAG(s) 'etl_pipeline' retrieved from /opt/airflow/dags/dags.py
[2026-09-19T14:32:55.348+0000] {logging_mixin.py:190} INFO - [2026-09-19T14:32:55.347+0000] {dag.py:3239} INFO - Sync 1 DAGs
[2026-09-19T14:32:55.359+0000] {logging_mixin.py:190} INFO - [2026-09-19T14:32:55.358+0000] {dag.py:4180} INFO - Setting next_dagrun for etl_pipeline to 2026-09-19 00:00:00+00:00, run_after=2026-09-20 00:00:00+00:00
[2026-09-19T14:32:55.371+0000] {processor.py:208} INFO - Processing /opt/airflow/dags/dags.py took 0.298 seconds
[2026-09-19T14:33:25.571+0000] {processor.py:186} INFO - Started process (PID=152) to work on /opt/airflow/dags/dags.py
[2026-09-19T14:33:25.571+0000] {processor.py:914} INFO - Processing file /opt/airflow/dags/dags.py for tasks to queue
[2026-09-19T14:33:25.573+0000] {logging_mixin.py:190} INFO - [2026-09-19T14:33:25.573+0000] {dagbag.py:588} INFO - Filling up the DagBag from /opt/airflow/dags/dags.py
[2026-09-19T14:33:25.818+0000] {processor.py:925} INFO - DAG(s) 'etl_pipeline' retrieved from /opt/airflow/dags/dags.py
[2026-09-19T14:33:25.835+0000] {logging_mixin.py:190} INFO - [2026-09-19T14:33:25.835+0000] {dag.py:3239} INFO - Sync 1 DAGs
[2026-09-19T14:33:25.846+0000] {logging_mixin.py:190} INFO - [2026-09-19T14:33:25.846+0000] {dag.py:4180} INFO - Setting next_dagrun for etl_pipeline to 2026-09-19 00:00:00+00:00, run_after=2026-09-20 00:00:00+00:00
[2026-09-19T14:33:25.856+0000] {processor.py:208} INFO - Processing /opt/airflow/dags/dags.py took 0.290 seconds
[2026-09-19T14:33:56.022+0000] {processor.py:186} INFO - Started process (PID=154) to work on /opt/airflow/dags/dags.py
[2026-09-19T14:33:56.025+0000] {processor.py:914} INFO - Processing file /opt/airflow/dags/dags.py for tasks to queue
[2026-09-19T14:33:56.027+0000] {logging_mixin.py:190} INFO - [2026-09-19T14:33:56.027+0000] {dagbag.py:588} INFO - Filling up the DagBag from /opt/airflow/dags/dags.py
[2026-09-19T14:33:56.274+0000] {processor.py:925} INFO - DAG(s) 'etl_pipeline' retrieved from /opt/airflow/dags/dags.py
[2026-09-19T14:33:56.298+0000] {logging_mixin.py:190} INFO - [2026-09-19T14:33:56.298+0000] {dag.py:3239} INFO - Sync 1 DAGs
[2026-09-19T14:33:56.308+0000] {logging_mixin.py:190} INFO - [2026-09-19T14:33:56.308+0000] {dag.py:4180} INFO - Setting next_dagrun for etl_pipeline to 2026-09-19 00:00:00+00:00, run_after=2026-09-20 00:00:00+00:00
[2026-09-19T14:33:56.319+0000] {processor.py:208} INFO - Processing /opt/airflow/dags/dags.py took 0.302 seconds
[2026-09-19T14:34:26.479+0000] {processor.py:186} INFO - Started process (PID=156) to work on /opt/airflow/dags/dags.py
[2026-09-19T14:34:26.483+0000] {processor.py:914} INFO - Processing file /opt/airflow/dags/dags.py for tasks to queue
[2026-09-19T14:34:26.484+0000] {logging_mixin.py:190} INFO - [2026-09-19T14:34:26.484+0000] {dagbag.py:588} INFO - Filling up the DagBag from /opt/airflow/dags/dags.py
[2026-09-19T14:34:26.742+0000] {processor.py:925} INFO - DAG(s) 'etl_pipeline' retrieved from /opt/airflow/dags/dags.py
[2026-09-19T14:34:26.766+0000] {logging_mixin.py:190} INFO - [2026-09-19T14:34:26.765+0000] {dag.py:3239} INFO - Sync 1 DAGs
[2026-09-19T14:34:26.776+0000] {logging_mixin.py:190} INFO - [2026-09-19T14:34:26.776+0000] {dag.py:4180} INFO - Setting next_dagrun for etl_pipeline to 2026-09-19 00:00:00+00:00, run_after=2026-09-20 00:00:00+00:00
[2026-09-19T14:34:26.789+0000] {processor.py:208} INFO - Processing /opt/airflow/dags/dags.py took 0.316 seconds
[2026-09-19T14:34:56.962+0000] {processor.py:186} INFO - Started process (PID=158) to work on /opt/airflow/dags/dags.py
[2026-09-19T14:34:56.962+0000] {processor.py:914} INFO - Processing file /opt/airflow/dags/dags.py for tasks to queue
[2026-09-19T14:34:56.964+0000] {logging_mixin.py:190} INFO - [2026-09-19T14:34:56.963+0000] {dagbag.py:588} INFO - Filling up the DagBag from /opt/airflow/dags/dags.py
[2026-09-19T14:34:57.205+0000] {processor.py:925} INFO - DAG(s) 'etl_pipeline' retrieved from /opt/airflow/dags/dags.py
[2026-09-19T14:34:57.226+0000] {logging_mixin.py:190} INFO - [2026-09-19T14:34:57.226+0000] {dag.py:3239} INFO - Sync 1 DAGs
[2026-09-19T14:34:57.236+0000] {logging_mixin.py:190} INFO - [2026-09-19T14:34:57.236+0000] {dag.py:4180} INFO - Setting next_dagrun for etl_pipeline to 2026-09-19 00:00:00+00:00, run_after=2026-09-20 00:00:00+00:00
[2026-09-19T14:34:57.247+0000] {processor.py:208} INFO - Processing /opt/airflow/dags/dags.py took 0.289 seconds
[2026-09-19T14:35:27.451+0000] {processor.py:186} INFO - Started process (PID=160) to work on /opt/airflow/dags/dags.py
[2026-09-19T14:35:27.454+0000] {processor.py:914} INFO - Processing file /opt/airflow/dags/dags.py for tasks to queue
[2026-09-19T14:35:27.455+0000] {logging_mixin.py:190} INFO - [2026-09-19T14:35:27.455+0000] {dagbag.py:588} INFO - Filling up the DagBag from /opt/airflow/dags/dags.py
[2026-09-19T14:35:27.691+0000] {processor.py:925} INFO - DAG(s) 'etl_pipeline' retrieved from /opt/airflow/dags/dags.py
[2026-09-19T14:35:27.705+0000] {logging_mixin.py:190} INFO - [2026-09-19T14:35:27.705+0000] {dag.py:3239} INFO - Sync 1 DAGs
[2026-09-19T14:35:27.714+0000] {logging_mixin.py:190} INFO - [2026-09-19T14:35:27.714+0000] {dag.py:4180} INFO - Setting next_dagrun for etl_pipeline to 2026-09-19 00:00:00+00:00, run_after=2026-09-20 00:00:00+00:00
[2026-09-19T14:35:27.724+0000] {processor.py:208} INFO - Processing /opt/airflow/dags/dags.py took 0.277 seconds
[2026-09-19T14:35:57.931+0000] {processor.py:186} INFO - Started process (PID=162) to work on /opt/airflow/dags/dags.py
[2026-09-19T14:35:57.932+0000] {processor.py:914} INFO - Processing file /opt/airflow/dags/dags.py for tasks to queue
[2026-09-19T14:35:57.933+0000] {logging_mixin.py:190} INFO - [2026-09-19T14:35:57.933+0000] {dagbag.py:588} INFO - Filling up the DagBag from /opt/airflow/dags/dags.py
[2026-09-19T14:35:58.167+0000] {processor.py:925} INFO - DAG(s) 'etl_pipeline' retrieved from /opt/airflow/dags/dags.py
[2026-09-19T14:35:58.183+0000] {logging_mixin.py:190} INFO - [2026-09-19T14:35:58.182+0000] {dag.py:3239} INFO - Sync 1 DAGs
[2026-09-19T14:35:58.193+0000] {logging_mixin.py:190} INFO - [2026-09-19T14:35:58.193+0000] {dag.py:4180} INFO - Setting next_dagrun for etl_pipeline to 2026-09-19 00:00:00+00:00, run_after=2026-09-20 00:00:00+00:00
[2026-09-19T14:35:58.202+0000] {processor.py:208} INFO - Processing /opt/airflow/dags/dags.py took 0.275 seconds
[2026-09-19T14:36:28.367+0000] {processor.py:186} INFO - Started process (PID=164) to work on /opt/airflow/dags/dags.py
[2026-09-19T14:36:28.370+0000] {processor.py:914} INFO - Processing file /opt/airflow/dags/dags.py for tasks to queue
[2026-09-19T14:36:28.371+0000] {logging_mixin.py:190} INFO - [2026-09-19T14:36:28.371+0000] {dagbag.py:588} INFO - Filling up the DagBag from /opt/airflow/dags/dags.py
[2026-09-19T14:36:28.607+0000] {processor.py:925} INFO - DAG(s) 'etl_pipeline' retrieved from /opt/airflow/dags/dags.py
[2026-09-19T14:36:28.621+0000] {logging_mixin.py:190} INFO - [2026-09-19T14:36:28.621+0000] {dag.py:3239} INFO - Sync 1 DAGs
[2026-09-19T14:36:28.631+0000] {logging_mixin.py:190} INFO - [2026-09-19T14:36:28.631+0000] {dag.py:4180} INFO - Setting next_dagrun for etl_pipeline to 2026-09-19 00:00:00+00:00, run_after=2026-09-20 00:00:00+00:00
[2026-09-19T14:36:28.641+0000] {processor.py:208} INFO - Processing /opt/airflow/dags/dags.py took 0.278 seconds
[2026-09-19T14:36:58.858+0000] {processor.py:186} INFO - Started process (PID=166) to work on /opt/airflow/dags/dags.py
[2026-09-19T14:36:58.859+0000] {processor.py:914} INFO - Processing file /opt/airflow/dags/dags.py for tasks to queue
[2026-09-19T14:36:58.860+0000] {logging_mixin.py:190} INFO - [2026-09-19T14:36:58.860+0000] {dagbag.py:588} INFO - Filling up the DagBag from /opt/airflow/dags/dags.py
[2026-09-19T14:36:59.097+0000] {processor.py:925} INFO - DAG(s) 'etl_pipeline' retrieved from /opt/airflow/dags/dags.py
[2026-09-19T14:36:59.113+0000] {logging_mixin.py:190} INFO - [2026-09-19T14:36:59.112+0000] {dag.py:3239} INFO - Sync 1 DAGs
[2026-09-19T14:36:59.122+0000] {logging_mixin.py:190} INFO - [2026-09-19T14:36:59.122+0000] {dag.py:4180} INFO - Setting next_dagrun for etl_pipeline to 2026-09-19 00:00:00+00:00, run_after=2026-09-20 00:00:00+00:00
[2026-09-19T14:36:59.133+0000] {processor.py:208} INFO - Processing /opt/airflow/dags/dags.py took 0.277 seconds
[2026-09-19T14:37:29.349+0000] {processor.py:186} INFO - Started process (PID=168) to work on /opt/airflow/dags/dags.py
[2026-09-19T14:37:29.353+0000] {processor.py:914} INFO - Processing file /opt/airflow/dags/dags.py for tasks to queue
[2026-09-19T14:37:29.353+0000] {logging_mixin.py:190} INFO - [2026-09-19T14:37:29.353+0000] {dagbag.py:588} INFO - Filling up the DagBag from /opt/airflow/dags/dags.py
[2026-09-19T14:37:29.607+0000] {processor.py:925} INFO - DAG(s) 'etl_pipeline' retrieved from /opt/airflow/dags/dags.py
[2026-09-19T14:37:29.623+0000] {logging_mixin.py:190} INFO - [2026-09-19T14:37:29.623+0000] {dag.py:3239} INFO - Sync 1 DAGs
[2026-09-19T14:37:29.634+0000] {logging_mixin.py:190} INFO - [2026-09-19T14:37:29.634+0000] {dag.py:4180} INFO - Setting next_dagrun for etl_pipeline to 2026-09-19 00:00:00+00:00, run_after=2026-09-20 00:00:00+00:00
[2026-09-19T14:37:29.645+0000] {processor.py:208} INFO - Processing /opt/airflow/dags/dags.py took 0.300 seconds
[2026-09-19T14:37:59.807+0000] {processor.py:186} INFO - Started process (PID=170) to work on /opt/airflow/dags/dags.py
[2026-09-19T14:37:59.808+0000] {processor.py:914} INFO - Processing file /opt/airflow/dags/dags.py for tasks to queue
[2026-09-19T14:37:59.809+0000] {logging_mixin.py:190} INFO - [2026-09-19T14:37:59.809+0000] {dagbag.py:588} INFO - Filling up the DagBag from /opt/airflow/dags/dags.py
[2026-09-19T14:38:00.044+0000] {processor.py:925} INFO - DAG(s) 'etl_pipeline' retrieved from /opt/airflow/dags/dags.py
[2026-09-19T14:38:00.059+0000] {logging_mixin.py:190} INFO - [2026-09-19T14:38:00.059+0000] {dag.py:3239} INFO - Sync 1 DAGs
[2026-09-19T14:38:00.069+0000] {logging_mixin.py:190} INFO - [2026-09-19T14:38:00.069+0000] {dag.py:4180} INFO - Setting next_dagrun for etl_pipeline to 2026-09-19 00:00:00+00:00, run_after=2026-09-20 00:00:00+00:00
[2026-09-19T14:38:00.076+0000] {processor.py:208} INFO - Processing /opt/airflow/dags/dags.py took 0.272 seconds
[2026-09-19T14:38:30.290+0000] {processor.py:186} INFO - Started process (PID=172) to work on /opt/airflow/dags/dags.py
[2026-09-19T14:38:30.294+0000] {processor.py:914} INFO - Processing file /opt/airflow/dags/dags.py for tasks to queue
[2026-09-19T14:38:30.296+0000] {logging_mixin.py:190} INFO - [2026-09-19T14:38:30.295+0000] {dagbag.py:588} INFO - Filling up the DagBag from /opt/airflow/dags/dags.py
[2026-09-19T14:38:30.536+0000] {processor.py:925} INFO - DAG(s) 'etl_pipeline' retrieved from /opt/airflow/dags/dags.py
[2026-09-19T14:38:30.557+0000] {logging_mixin.py:190} INFO - [2026-09-19T14:38:30.557+0000] {dag.py:3239} INFO - Sync 1 DAGs
[2026-09-19T14:38:30.569+0000] {logging_mixin.py:190} INFO - [2026-09-19T14:38:30.568+0000] {dag.py:4180} INFO - Setting next_dagrun for etl_pipeline to 2026-09-19 00:00:00+00:00, run_after=2026-09-20 00:00:00+00:00
[2026-09-19T14:38:30.579+0000] {processor.py:208} INFO - Processing /opt/airflow/dags/dags.py took 0.293 seconds
[2026-09-19T14:39:00.782+0000] {processor.py:186} INFO - Started process (PID=174) to work on /opt/airflow/dags/dags.py
[2026-09-19T14:39:00.782+0000] {processor.py:914} INFO - Processing file /opt/airflow/dags/dags.py for tasks to queue
[2026-09-19T14:39:00.783+0000] {logging_mixin.py:190} INFO - [2026-09-19T14:39:00.783+0000] {dagbag.py:588} INFO - Filling up the DagBag from /opt/airflow/dags/dags.py
[2026-09-19T14:39:01.020+0000] {processor.py:925} INFO - DAG(s) 'etl_pipeline' retrieved from /opt/airflow/dags/dags.py
[2026-09-19T14:39:01.038+0000] {logging_mixin.py:190} INFO - [2026-09-19T14:39:01.037+0000] {dag.py:3239} INFO - Sync 1 DAGs
[2026-09-19T14:39:01.048+0000] {logging_mixin.py:190} INFO - [2026-09-19T14:39:01.048+0000] {dag.py:4180} INFO - Setting next_dagrun for etl_pipeline to 2026-09-19 00:00:00+00:00, run_after=2026-09-20 00:00:00+00:00
[2026-09-19T14:39:01.059+0000] {processor.py:208} INFO - Processing /opt/airflow/dags/dags.py took 0.282 seconds
[2026-09-19T14:39:31.276+0000] {processor.py:186} INFO - Started process (PID=176) to work on /opt/airflow/dags/dags.py
[2026-09-19T14:39:31.280+0000] {processor.py:914} INFO - Processing file /opt/airflow/dags/dags.py for tasks to queue
[2026-09-19T14:39:31.281+0000] {logging_mixin.py:190} INFO - [2026-09-19T14:39:31.281+0000] {dagbag.py:588} INFO - Filling up the DagBag from /opt/airflow/dags/dags.py
[2026-09-19T14:39:31.555+0000] {processor.py:925} INFO - DAG(s) 'etl_pipeline' retrieved from /opt/airflow/dags/dags.py
[2026-09-19T14:39:31.569+0000] {logging_mixin.py:190} INFO - [2026-09-19T14:39:31.569+0000] {dag.py:3239} INFO - Sync 1 DAGs
[2026-09-19T14:39:31.579+0000] {logging_mixin.py:190} INFO - [2026-09-19T14:39:31.579+0000] {dag.py:4180} INFO - Setting next_dagrun for etl_pipeline to 2026-09-19 00:00:00+00:00, run_after=2026-09-20 00:00:00+00:00
[2026-09-19T14:39:31.591+0000] {processor.py:208} INFO - Processing /opt/airflow/dags/dags.py took 0.320 seconds
[2026-09-19T14:40:01.809+0000] {processor.py:186} INFO - Started process (PID=178) to work on /opt/airflow/dags/dags.py
[2026-09-19T14:40:01.810+0000] {processor.py:914} INFO - Processing file /opt/airflow/dags/dags.py for tasks to queue
[2026-09-19T14:40:01.811+0000] {logging_mixin.py:190} INFO - [2026-09-19T14:40:01.811+0000] {dagbag.py:588} INFO - Filling up the DagBag from /opt/airflow/dags/dags.py
[2026-09-19T14:40:02.048+0000] {processor.py:925} INFO - DAG(s) 'etl_pipeline' retrieved from /opt/airflow/dags/dags.py
[2026-09-19T14:40:02.062+0000] {logging_mixin.py:190} INFO - [2026-09-19T14:40:02.062+0000] {dag.py:3239} INFO - Sync 1 DAGs
[2026-09-19T14:40:02.072+0000] {logging_mixin.py:190} INFO - [2026-09-19T14:40:02.072+0000] {dag.py:4180} INFO - Setting next_dagrun for etl_pipeline to 2026-09-19 00:00:00+00:00, run_after=2026-09-20 00:00:00+00:00
[2026-09-19T14:40:02.083+0000] {processor.py:208} INFO - Processing /opt/airflow/dags/dags.py took 0.278 seconds
[2026-09-19T14:40:32.297+0000] {processor.py:186} INFO - Started process (PID=180) to work on /opt/airflow/dags/dags.py
[2026-09-19T14:40:32.300+0000] {processor.py:914} INFO - Processing file /opt/airflow/dags/dags.py for tasks to queue
[2026-09-19T14:40:32.301+0000] {logging_mixin.py:190} INFO - [2026-09-19T14:40:32.301+0000] {dagbag.py:588} INFO - Filling up the DagBag from /opt/airflow/dags/dags.py
[2026-09-19T14:40:32.534+0000] {processor.py:925} INFO - DAG(s) 'etl_pipeline' retrieved from /opt/airflow/dags/dags.py
[2026-09-19T14:40:32.557+0000] {logging_mixin.py:190} INFO - [2026-09-19T14:40:32.557+0000] {dag.py:3239} INFO - Sync 1 DAGs
[2026-09-19T14:40:32.568+0000] {logging_mixin.py:190} INFO - [2026-09-19T14:40:32.567+0000] {dag.py:4180} INFO - Setting next_dagrun for etl_pipeline to 2026-09-19 00:00:00+00:00, run_after=2026-09-20 00:00:00+00:00
[2026-09-19T14:40:32.578+0000] {processor.py:208} INFO - Processing /opt/airflow/dags/dags.py took 0.285 seconds
[2026-09-19T14:41:02.766+0000] {processor.py:186} INFO - Started process (PID=182) to work on /opt/airflow/dags/dags.py
[2026-09-19T14:41:02.766+0000] {processor.py:914} INFO - Processing file /opt/airflow/dags/dags.py for tasks to queue
[2026-09-19T14:41:02.767+0000] {logging_mixin.py:190} INFO - [2026-09-19T14:41:02.767+0000] {dagbag.py:588} INFO - Filling up the DagBag from /opt/airflow/dags/dags.py
[2026-09-19T14:41:03.012+0000] {processor.py:925} INFO - DAG(s) 'etl_pipeline' retrieved from /opt/airflow/dags/dags.py
[2026-09-19T14:41:03.028+0000] {logging_mixin.py:190} INFO - [2026-09-19T14:41:03.027+0000] {dag.py:3239} INFO - Sync 1 DAGs
[2026-09-19T14:41:03.039+0000] {logging_mixin.py:190} INFO - [2026-09-19T14:41:03.039+0000] {dag.py:4180} INFO - Setting next_dagrun for etl_pipeline to 2026-09-19 00:00:00+00:00, run_after=2026-09-20 00:00:00+00:00
[2026-09-19T14:41:03.047+0000] {processor.py:208} INFO - Processing /opt/airflow/dags/dags.py took 0.285 seconds
[2026-09-19T14:41:33.240+0000] {processor.py:186} INFO - Started process (PID=184) to work on /opt/airflow/dags/dags.py
[2026-09-19T14:41:33.242+0000] {processor.py:914} INFO - Processing file /opt/airflow/dags/dags.py for tasks to queue
[2026-09-19T14:41:33.244+0000] {logging_mixin.py:190} INFO - [2026-09-19T14:41:33.243+0000] {dagbag.py:588} INFO - Filling up the DagBag from /opt/airflow/dags/dags.py
[2026-09-19T14:41:33.485+0000] {processor.py:925} INFO - DAG(s) 'etl_pipeline' retrieved from /opt/airflow/dags/dags.py
[2026-09-19T14:41:33.502+0000] {logging_mixin.py:190} INFO - [2026-09-19T14:41:33.502+0000] {dag.py:3239} INFO - Sync 1 DAGs
[2026-09-19T14:41:33.513+0000] {logging_mixin.py:190} INFO - [2026-09-19T14:41:33.513+0000] {dag.py:4180} INFO - Setting next_dagrun for etl_pipeline to 2026-09-19 00:00:00+00:00, run_after=2026-09-20 00:00:00+00:00
[2026-09-19T14:41:33.522+0000] {processor.py:208} INFO - Processing /opt/airflow/dags/dags.py took 0.286 seconds
[2026-09-19T14:42:03.698+0000] {processor.py:186} INFO - Started process (PID=186) to work on /opt/airflow/dags/dags.py
[2026-09-19T14:42:03.699+0000] {processor.py:914} INFO - Processing file /opt/airflow/dags/dags.py for tasks to queue
[2026-09-19T14:42:03.700+0000] {logging_mixin.py:190} INFO - [2026-09-19T14:42:03.700+0000] {dagbag.py:588} INFO - Filling up the DagBag from /opt/airflow/dags/dags.py
[2026-09-19T14:42:03.941+0000] {processor.py:925} INFO - DAG(s) 'etl_pipeline' retrieved from /opt/airflow/dags/dags.py
[2026-09-19T14:42:03.959+0000] {logging_mixin.py:190} INFO - [2026-09-19T14:42:03.959+0000] {dag.py:3239} INFO - Sync 1 DAGs
[2026-09-19T14:42:03.970+0000] {logging_mixin.py:190} INFO - [2026-09-19T14:42:03.970+0000] {dag.py:4180} INFO - Setting next_dagrun for etl_pipeline to 2026-09-19 00:00:00+00:00, run_after=2026-09-20 00:00:00+00:00
[2026-09-19T14:42:03.980+0000] {processor.py:208} INFO - Processing /opt/airflow/dags/dags.py took 0.285 seconds
[2026-09-19T14:42:34.192+0000] {processor.py:186} INFO - Started process (PID=188) to work on /opt/airflow/dags/dags.py
[2026-09-19T14:42:34.196+0000] {processor.py:914} INFO - Processing file /opt/airflow/dags/dags.py for tasks to queue
[2026-09-19T14:42:34.198+0000] {logging_mixin.py:190} INFO - [2026-09-19T14:42:34.197+0000] {dagbag.py:588} INFO - Filling up the DagBag from /opt/airflow/dags/dags.py
[2026-09-19T14:42:34.430+0000] {processor.py:925} INFO - DAG(s) 'etl_pipeline' retrieved from /opt/airflow/dags/dags.py
[2026-09-19T14:42:34.445+0000] {logging_mixin.py:190} INFO - [2026-09-19T14:42:34.445+0000] {dag.py:3239} INFO - Sync 1 DAGs
[2026-09-19T14:42:34.457+0000] {logging_mixin.py:190} INFO - [2026-09-19T14:42:34.457+0000] {dag.py:4180} INFO - Setting next_dagrun for etl_pipeline to 2026-09-19 00:00:00+00:00, run_after=2026-09-20 00:00:00+00:00
[2026-09-19T14:42:34.467+0000] {processor.py:208} INFO - Processing /opt/airflow/dags/dags.py took 0.279 seconds
[2026-09-19T14:43:04.674+0000] {processor.py:186} INFO - Started process (PID=190) to work on /opt/airflow/dags/dags.py
[2026-09-19T14:43:04.674+0000] {processor.py:914} INFO - Processing file /opt/airflow/dags/dags.py for tasks to queue
[2026-09-19T14:43:04.675+0000] {logging_mixin.py:190} INFO - [2026-09-19T14:43:04.675+0000] {dagbag.py:588} INFO - Filling up the DagBag from /opt/airflow/dags/dags.py
[2026-09-19T14:43:04.917+0000] {processor.py:925} INFO - DAG(s) 'etl_pipeline' retrieved from /opt/airflow/dags/dags.py
[2026-09-19T14:43:04.939+0000] {logging_mixin.py:190} INFO - [2026-09-19T14:43:04.938+0000] {dag.py:3239} INFO - Sync 1 DAGs
[2026-09-19T14:43:04.950+0000] {logging_mixin.py:190} INFO - [2026-09-19T14:43:04.950+0000] {dag.py:4180} INFO - Setting next_dagrun for etl_pipeline to 2026-09-19 00:00:00+00:00, run_after=2026-09-20 00:00:00+00:00
[2026-09-19T14:43:04.958+0000] {processor.py:208} INFO - Processing /opt/airflow/dags/dags.py took 0.287 seconds
[2026-09-19T14:43:35.145+0000] {processor.py:186} INFO - Started process (PID=192) to work on /opt/airflow/dags/dags.py
[2026-09-19T14:43:35.150+0000] {processor.py:914} INFO - Processing file /opt/airflow/dags/dags.py for tasks to queue
[2026-09-19T14:43:35.151+0000] {logging_mixin.py:190} INFO - [2026-09-19T14:43:35.151+0000] {dagbag.py:588} INFO - Filling up the DagBag from /opt/airflow/dags/dags.py
[2026-09-19T14:43:35.382+0000] {processor.py:925} INFO - DAG(s) 'etl_pipeline' retrieved from /opt/airflow/dags/dags.py
[2026-09-19T14:43:35.396+0000] {logging_mixin.py:190} INFO - [2026-09-19T14:43:35.396+0000] {dag.py:3239} INFO - Sync 1 DAGs
[2026-09-19T14:43:35.407+0000] {logging_mixin.py:190} INFO - [2026-09-19T14:43:35.407+0000] {dag.py:4180} INFO - Setting next_dagrun for etl_pipeline to 2026-09-19 00:00:00+00:00, run_after=2026-09-20 00:00:00+00:00
[2026-09-19T14:43:35.416+0000] {processor.py:208} INFO - Processing /opt/airflow/dags/dags.py took 0.274 seconds
[2026-09-19T14:44:05.615+0000] {processor.py:186} INFO - Started process (PID=194) to work on /opt/airflow/dags/dags.py
[2026-09-19T14:44:05.616+0000] {processor.py:914} INFO - Processing file /opt/airflow/dags/dags.py for tasks to queue
[2026-09-19T14:44:05.617+0000] {logging_mixin.py:190} INFO - [2026-09-19T14:44:05.617+0000] {dagbag.py:588} INFO - Filling up the DagBag from /opt/airflow/dags/dags.py
[2026-09-19T14:44:05.856+0000] {processor.py:925} INFO - DAG(s) 'etl_pipeline' retrieved from /opt/airflow/dags/dags.py
[2026-09-19T14:44:05.876+0000] {logging_mixin.py:190} INFO - [2026-09-19T14:44:05.876+0000] {dag.py:3239} INFO - Sync 1 DAGs
[2026-09-19T14:44:05.887+0000] {logging_mixin.py:190} INFO - [2026-09-19T14:44:05.887+0000] {dag.py:4180} INFO - Setting next_dagrun for etl_pipeline to 2026-09-19 00:00:00+00:00, run_after=2026-09-20 00:00:00+00:00
[2026-09-19T14:44:05.898+0000] {processor.py:208} INFO - Processing /opt/airflow/dags/dags.py took 0.288 seconds
[2026-09-19T14:44:36.114+0000] {processor.py:186} INFO - Started process (PID=196) to work on /opt/airflow/dags/dags.py
[2026-09-19T14:44:36.118+0000] {processor.py:914} INFO - Processing file /opt/airflow/dags/dags.py for tasks to queue
[2026-09-19T14:44:36.120+0000] {logging_mixin.py:190} INFO - [2026-09-19T14:44:36.120+0000] {dagbag.py:588} INFO - Filling up the DagBag from /opt/airflow/dags/dags.py
[2026-09-19T14:44:36.357+0000] {processor.py:925} INFO - DAG(s) 'etl_pipeline' retrieved from /opt/airflow/dags/dags.py
[2026-09-19T14:44:36.374+0000] {logging_mixin.py:190} INFO - [2026-09-19T14:44:36.374+0000] {dag.py:3239} INFO - Sync 1 DAGs
[2026-09-19T14:44:36.384+0000] {logging_mixin.py:190} INFO - [2026-09-19T14:44:36.384+0000] {dag.py:4180} INFO - Setting next_dagrun for etl_pipeline to 2026-09-19 00:00:00+00:00, run_after=2026-09-20 00:00:00+00:00
[2026-09-19T14:44:36.394+0000] {processor.py:208} INFO - Processing /opt/airflow/dags/dags.py took 0.285 seconds
[2026-09-19T14:45:06.603+0000] {processor.py:186} INFO - Started process (PID=198) to work on /opt/airflow/dags/dags.py
[2026-09-19T14:45:06.603+0000] {processor.py:914} INFO - Processing file /opt/airflow/dags/dags.py for tasks to queue
[2026-09-19T14:45:06.604+0000] {logging_mixin.py:190} INFO - [2026-09-19T14:45:06.604+0000] {dagbag.py:588} INFO - Filling up the DagBag from /opt/airflow/dags/dags.py
[2026-09-19T14:45:06.836+0000] {processor.py:925} INFO - DAG(s) 'etl_pipeline' retrieved from /opt/airflow/dags/dags.py
[2026-09-19T14:45:06.852+0000] {logging_mixin.py:190} INFO - [2026-09-19T14:45:06.852+0000] {dag.py:3239} INFO - Sync 1 DAGs
[2026-09-19T14:45:06.862+0000] {logging_mixin.py:190} INFO - [2026-09-19T14:45:06.862+0000] {dag.py:4180} INFO - Setting next_dagrun for etl_pipeline to 2026-09-19 00:00:00+00:00, run_after=2026-09-20 00:00:00+00:00
[2026-09-19T14:45:06.872+0000] {processor.py:208} INFO - Processing /opt/airflow/dags/dags.py took 0.273 seconds
[2026-09-19T14:45:37.062+0000] {processor.py:186} INFO - Started process (PID=200) to work on /opt/airflow/dags/dags.py
[2026-09-19T14:45:37.066+0000] {processor.py:914} INFO - Processing file /opt/airflow/dags/dags.py for tasks to queue
[2026-09-19T14:45:37.067+0000] {logging_mixin.py:190} INFO - [2026-09-19T14:45:37.067+0000] {dagbag.py:588} INFO - Filling up the DagBag from /opt/airflow/dags/dags.py
[2026-09-19T14:45:37.300+0000] {processor.py:925} INFO - DAG(s) 'etl_pipeline' retrieved from /opt/airflow/dags/dags.py
[2026-09-19T14:45:37.315+0000] {logging_mixin.py:190} INFO - [2026-09-19T14:45:37.315+0000] {dag.py:3239} INFO - Sync 1 DAGs
[2026-09-19T14:45:37.326+0000] {logging_mixin.py:190} INFO - [2026-09-19T14:45:37.326+0000] {dag.py:4180} INFO - Setting next_dagrun for etl_pipeline to 2026-09-19 00:00:00+00:00, run_after=2026-09-20 00:00:00+00:00
[2026-09-19T14:45:37.336+0000] {processor.py:208} INFO - Processing /opt/airflow/dags/dags.py took 0.278 seconds
[2026-09-19T14:46:07.530+0000] {processor.py:186} INFO - Started process (PID=202) to work on /opt/airflow/dags/dags.py
[2026-09-19T14:46:07.530+0000] {processor.py:914} INFO - Processing file /opt/airflow/dags/dags.py for tasks to queue
[2026-09-19T14:46:07.532+0000] {logging_mixin.py:190} INFO - [2026-09-19T14:46:07.532+0000] {dagbag.py:588} INFO - Filling up the DagBag from /opt/airflow/dags/dags.py
[2026-09-19T14:46:07.766+0000] {processor.py:925} INFO - DAG(s) 'etl_pipeline' retrieved from /opt/airflow/dags/dags.py
[2026-09-19T14:46:07.790+0000] {logging_mixin.py:190} INFO - [2026-09-19T14:46:07.789+0000] {dag.py:3239} INFO - Sync 1 DAGs
[2026-09-19T14:46:07.801+0000] {logging_mixin.py:190} INFO - [2026-09-19T14:46:07.801+0000] {dag.py:4180} INFO - Setting next_dagrun for etl_pipeline to 2026-09-19 00:00:00+00:00, run_after=2026-09-20 00:00:00+00:00
[2026-09-19T14:46:07.812+0000] {processor.py:208} INFO - Processing /opt/airflow/dags/dags.py took 0.286 seconds
[2026-09-19T14:46:38.009+0000] {processor.py:186} INFO - Started process (PID=204) to work on /opt/airflow/dags/dags.py
[2026-09-19T14:46:38.013+0000] {processor.py:914} INFO - Processing file /opt/airflow/dags/dags.py for tasks to queue
[2026-09-19T14:46:38.015+0000] {logging_mixin.py:190} INFO - [2026-09-19T14:46:38.014+0000] {dagbag.py:588} INFO - Filling up the DagBag from /opt/airflow/dags/dags.py
[2026-09-19T14:46:38.247+0000] {processor.py:925} INFO - DAG(s) 'etl_pipeline' retrieved from /opt/airflow/dags/dags.py
[2026-09-19T14:46:38.261+0000] {logging_mixin.py:190} INFO - [2026-09-19T14:46:38.261+0000] {dag.py:3239} INFO - Sync 1 DAGs
[2026-09-19T14:46:38.272+0000] {logging_mixin.py:190} INFO - [2026-09-19T14:46:38.272+0000] {dag.py:4180} INFO - Setting next_dagrun for etl_pipeline to 2026-09-19 00:00:00+00:00, run_after=2026-09-20 00:00:00+00:00
[2026-09-19T14:46:38.282+0000] {processor.py:208} INFO - Processing /opt/airflow/dags/dags.py took 0.277 seconds
[2026-09-19T14:47:08.502+0000] {processor.py:186} INFO - Started process (PID=206) to work on /opt/airflow/dags/dags.py
[2026-09-19T14:47:08.502+0000] {processor.py:914} INFO - Processing file /opt/airflow/dags/dags.py for tasks to queue
[2026-09-19T14:47:08.503+0000] {logging_mixin.py:190} INFO - [2026-09-19T14:47:08.503+0000] {dagbag.py:588} INFO - Filling up the DagBag from /opt/airflow/dags/dags.py
[2026-09-19T14:47:08.743+0000] {processor.py:925} INFO - DAG(s) 'etl_pipeline' retrieved from /opt/airflow/dags/dags.py
[2026-09-19T14:47:08.763+0000] {logging_mixin.py:190} INFO - [2026-09-19T14:47:08.763+0000] {dag.py:3239} INFO - Sync 1 DAGs
[2026-09-19T14:47:08.775+0000] {logging_mixin.py:190} INFO - [2026-09-19T14:47:08.775+0000] {dag.py:4180} INFO - Setting next_dagrun for etl_pipeline to 2026-09-19 00:00:00+00:00, run_after=2026-09-20 00:00:00+00:00
[2026-09-19T14:47:08.782+0000] {processor.py:208} INFO - Processing /opt/airflow/dags/dags.py took 0.284 seconds
[2026-09-19T14:47:38.992+0000] {processor.py:186} INFO - Started process (PID=208) to work on /opt/airflow/dags/dags.py
[2026-09-19T14:47:38.996+0000] {processor.py:914} INFO - Processing file /opt/airflow/dags/dags.py for tasks to queue
[2026-09-19T14:47:38.997+0000] {logging_mixin.py:190} INFO - [2026-09-19T14:47:38.997+0000] {dagbag.py:588} INFO - Filling up the DagBag from /opt/airflow/dags/dags.py
[2026-09-19T14:47:39.229+0000] {processor.py:925} INFO - DAG(s) 'etl_pipeline' retrieved from /opt/airflow/dags/dags.py
[2026-09-19T14:47:39.242+0000] {logging_mixin.py:190} INFO - [2026-09-19T14:47:39.242+0000] {dag.py:3239} INFO - Sync 1 DAGs
[2026-09-19T14:47:39.252+0000] {logging_mixin.py:190} INFO - [2026-09-19T14:47:39.252+0000] {dag.py:4180} INFO - Setting next_dagrun for etl_pipeline to 2026-09-19 00:00:00+00:00, run_after=2026-09-20 00:00:00+00:00
[2026-09-19T14:47:39.263+0000] {processor.py:208} INFO - Processing /opt/airflow/dags/dags.py took 0.275 seconds
[2026-09-19T14:48:09.469+0000] {processor.py:186} INFO - Started process (PID=210) to work on /opt/airflow/dags/dags.py
[2026-09-19T14:48:09.470+0000] {processor.py:914} INFO - Processing file /opt/airflow/dags/dags.py for tasks to queue
[2026-09-19T14:48:09.471+0000] {logging_mixin.py:190} INFO - [2026-09-19T14:48:09.471+0000] {dagbag.py:588} INFO - Filling up the DagBag from /opt/airflow/dags/dags.py
[2026-09-19T14:48:09.704+0000] {processor.py:925} INFO - DAG(s) 'etl_pipeline' retrieved from /opt/airflow/dags/dags.py
[2026-09-19T14:48:09.725+0000] {logging_mixin.py:190} INFO - [2026-09-19T14:48:09.724+0000] {dag.py:3239} INFO - Sync 1 DAGs
[2026-09-19T14:48:09.736+0000] {logging_mixin.py:190} INFO - [2026-09-19T14:48:09.736+0000] {dag.py:4180} INFO - Setting next_dagrun for etl_pipeline to 2026-09-19 00:00:00+00:00, run_after=2026-09-20 00:00:00+00:00
[2026-09-19T14:48:09.747+0000] {processor.py:208} INFO - Processing /opt/airflow/dags/dags.py took 0.281 seconds
[2026-09-19T14:48:39.926+0000] {processor.py:186} INFO - Started process (PID=212) to work on /opt/airflow/dags/dags.py
[2026-09-19T14:48:39.930+0000] {processor.py:914} INFO - Processing file /opt/airflow/dags/dags.py for tasks to queue
[2026-09-19T14:48:39.931+0000] {logging_mixin.py:190} INFO - [2026-09-19T14:48:39.931+0000] {dagbag.py:588} INFO - Filling up the DagBag from /opt/airflow/dags/dags.py
[2026-09-19T14:48:40.169+0000] {processor.py:925} INFO - DAG(s) 'etl_pipeline' retrieved from /opt/airflow/dags/dags.py
[2026-09-19T14:48:40.184+0000] {logging_mixin.py:190} INFO - [2026-09-19T14:48:40.183+0000] {dag.py:3239} INFO - Sync 1 DAGs
[2026-09-19T14:48:40.193+0000] {logging_mixin.py:190} INFO - [2026-09-19T14:48:40.193+0000] {dag.py:4180} INFO - Setting next_dagrun for etl_pipeline to 2026-09-19 00:00:00+00:00, run_after=2026-09-20 00:00:00+00:00
[2026-09-19T14:48:40.204+0000] {processor.py:208} INFO - Processing /opt/airflow/dags/dags.py took 0.283 seconds
[2026-09-19T14:49:10.371+0000] {processor.py:186} INFO - Started process (PID=214) to work on /opt/airflow/dags/dags.py
[2026-09-19T14:49:10.371+0000] {processor.py:914} INFO - Processing file /opt/airflow/dags/dags.py for tasks to queue
[2026-09-19T14:49:10.372+0000] {logging_mixin.py:190} INFO - [2026-09-19T14:49:10.372+0000] {dagbag.py:588} INFO - Filling up the DagBag from /opt/airflow/dags/dags.py
[2026-09-19T14:49:10.620+0000] {processor.py:925} INFO - DAG(s) 'etl_pipeline' retrieved from /opt/airflow/dags/dags.py
[2026-09-19T14:49:10.643+0000] {logging_mixin.py:190} INFO - [2026-09-19T14:49:10.643+0000] {dag.py:3239} INFO - Sync 1 DAGs
[2026-09-19T14:49:10.656+0000] {logging_mixin.py:190} INFO - [2026-09-19T14:49:10.656+0000] {dag.py:4180} INFO - Setting next_dagrun for etl_pipeline to 2026-09-19 00:00:00+00:00, run_after=2026-09-20 00:00:00+00:00
[2026-09-19T14:49:10.665+0000] {processor.py:208} INFO - Processing /opt/airflow/dags/dags.py took 0.298 seconds
[2026-09-19T14:49:40.866+0000] {processor.py:186} INFO - Started process (PID=216) to work on /opt/airflow/dags/dags.py
[2026-09-19T14:49:40.870+0000] {processor.py:914} INFO - Processing file /opt/airflow/dags/dags.py for tasks to queue
[2026-09-19T14:49:40.871+0000] {logging_mixin.py:190} INFO - [2026-09-19T14:49:40.871+0000] {dagbag.py:588} INFO - Filling up the DagBag from /opt/airflow/dags/dags.py
[2026-09-19T14:49:41.103+0000] {processor.py:925} INFO - DAG(s) 'etl_pipeline' retrieved from /opt/airflow/dags/dags.py
[2026-09-19T14:49:41.120+0000] {logging_mixin.py:190} INFO - [2026-09-19T14:49:41.119+0000] {dag.py:3239} INFO - Sync 1 DAGs
[2026-09-19T14:49:41.129+0000] {logging_mixin.py:190} INFO - [2026-09-19T14:49:41.129+0000] {dag.py:4180} INFO - Setting next_dagrun for etl_pipeline to 2026-09-19 00:00:00+00:00, run_after=2026-09-20 00:00:00+00:00
[2026-09-19T14:49:41.140+0000] {processor.py:208} INFO - Processing /opt/airflow/dags/dags.py took 0.279 seconds
[2026-09-19T16:52:00.906+0000] {processor.py:186} INFO - Started process (PID=218) to work on /opt/airflow/dags/dags.py
[2026-09-19T16:52:00.910+0000] {processor.py:914} INFO - Processing file /opt/airflow/dags/dags.py for tasks to queue
[2026-09-19T16:52:00.912+0000] {logging_mixin.py:190} INFO - [2026-09-19T16:52:00.911+0000] {dagbag.py:588} INFO - Filling up the DagBag from /opt/airflow/dags/dags.py
[2026-09-19T16:52:01.220+0000] {processor.py:925} INFO - DAG(s) 'etl_pipeline' retrieved from /opt/airflow/dags/dags.py
[2026-09-19T16:52:01.241+0000] {logging_mixin.py:190} INFO - [2026-09-19T16:52:01.240+0000] {dag.py:3239} INFO - Sync 1 DAGs
[2026-09-19T16:52:01.252+0000] {logging_mixin.py:190} INFO - [2026-09-19T16:52:01.252+0000] {dag.py:4180} INFO - Setting next_dagrun for etl_pipeline to 2026-09-19 00:00:00+00:00, run_after=2026-09-20 00:00:00+00:00
[2026-09-19T16:52:01.263+0000] {processor.py:208} INFO - Processing /opt/airflow/dags/dags.py took 0.360 seconds
[2026-09-19T16:52:31.417+0000] {processor.py:186} INFO - Started process (PID=220) to work on /opt/airflow/dags/dags.py
[2026-09-19T16:52:31.418+0000] {processor.py:914} INFO - Processing file /opt/airflow/dags/dags.py for tasks to queue
[2026-09-19T16:52:31.419+0000] {logging_mixin.py:190} INFO - [2026-09-19T16:52:31.419+0000] {dagbag.py:588} INFO - Filling up the DagBag from /opt/airflow/dags/dags.py
[2026-09-19T16:52:31.649+0000] {processor.py:925} INFO - DAG(s) 'etl_pipeline' retrieved from /opt/airflow/dags/dags.py
[2026-09-19T16:52:31.667+0000] {logging_mixin.py:190} INFO - [2026-09-19T16:52:31.667+0000] {dag.py:3239} INFO - Sync 1 DAGs
[2026-09-19T16:52:31.679+0000] {logging_mixin.py:190} INFO - [2026-09-19T16:52:31.679+0000] {dag.py:4180} INFO - Setting next_dagrun for etl_pipeline to 2026-09-19 00:00:00+00:00, run_after=2026-09-20 00:00:00+00:00
[2026-09-19T16:52:31.690+0000] {processor.py:208} INFO - Processing /opt/airflow/dags/dags.py took 0.278 seconds
