[2026-09-19T12:54:44.390+0000] {manager.py:483} INFO - Processing files using up to 2 processes at a time 
[2026-09-19T12:54:44.390+0000] {manager.py:484} INFO - Process each file at most once every 30 seconds
[2026-09-19T12:54:44.390+0000] {manager.py:485} INFO - Checking for new files in /opt/airflow/dags every 300 seconds
[2026-09-19T12:54:44.391+0000] {manager.py:821} INFO - Searching for files in /opt/airflow/dags
[2026-09-19T12:54:44.391+0000] {manager.py:824} INFO - There are 0 files in /opt/airflow/dags
[2026-09-19T12:59:45.124+0000] {manager.py:821} INFO - Searching for files in /opt/airflow/dags
[2026-09-19T12:59:45.124+0000] {manager.py:824} INFO - There are 0 files in /opt/airflow/dags
[2026-09-19T13:04:45.910+0000] {manager.py:821} INFO - Searching for files in /opt/airflow/dags
[2026-09-19T13:04:45.911+0000] {manager.py:824} INFO - There are 0 files in /opt/airflow/dags
[2026-09-19T13:09:46.723+0000] {manager.py:821} INFO - Searching for files in /opt/airflow/dags
[2026-09-19T13:09:46.724+0000] {manager.py:824} INFO - There are 0 files in /opt/airflow/dags
[2026-09-19T13:14:47.301+0000] {manager.py:821} INFO - Searching for files in /opt/airflow/dags
[2026-09-19T13:14:47.302+0000] {manager.py:824} INFO - There are 0 files in /opt/airflow/dags
[2026-09-19T13:19:47.808+0000] {manager.py:821} INFO - Searching for files in /opt/airflow/dags
[2026-09-19T13:19:47.810+0000] {manager.py:824} INFO - There are 1 files in /opt/airflow/dags
[2026-09-19T13:19:52.877+0000] {manager.py:997} INFO - 
================================================================================
DAG File Processing Stats

File Path                  PID    Runtime      # DAGs    # Errors  Last Runtime    Last Run               Last # of DB Queries
-------------------------  -----  ---------  --------  ----------  --------------  -------------------  ----------------------
/opt/airflow/dags/dags.py                           0           1  0.03s           2026-09-19T13:19:49                       5
================================================================================
[2026-09-19T13:20:23.103+0000] {manager.py:997} INFO - 
================================================================================
DAG File Processing Stats

File Path                    PID  Runtime      # DAGs    # Errors  Last Runtime    Last Run               Last # of DB Queries
-------------------------  -----  ---------  --------  ----------  --------------  -------------------  ----------------------
/opt/airflow/dags/dags.py     49  0.00s             0           1  0.03s           2026-09-19T13:20:14                       5
================================================================================
[2026-09-19T13:20:53.368+0000] {manager.py:997} INFO - 
================================================================================
DAG File Processing Stats

File Path                  PID    Runtime      # DAGs    # Errors  Last Runtime    Last Run               Last # of DB Queries
-------------------------  -----  ---------  --------  ----------  --------------  -------------------  ----------------------
/opt/airflow/dags/dags.py                           0           1  0.03s           2026-09-19T13:20:41                       5
================================================================================
[2026-09-19T13:21:23.636+0000] {manager.py:997} INFO - 
================================================================================
DAG File Processing Stats

File Path                  PID    Runtime      # DAGs    # Errors  Last Runtime    Last Run               Last # of DB Queries
-------------------------  -----  ---------  --------  ----------  --------------  -------------------  ----------------------
/opt/airflow/dags/dags.py                           0           1  0.03s           2026-09-19T13:21:20                       5
================================================================================
[2026-09-19T13:21:53.855+0000] {manager.py:997} INFO - 
================================================================================
DAG File Processing Stats

File Path                  PID    Runtime      # DAGs    # Errors  Last Runtime    Last Run               Last # of DB Queries
-------------------------  -----  ---------  --------  ----------  --------------  -------------------  ----------------------
/opt/airflow/dags/dags.py                           0           1  0.03s           2026-09-19T13:21:52                       5
================================================================================
[2026-09-19T13:22:24.111+0000] {manager.py:997} INFO - 
================================================================================
DAG File Processing Stats

File Path                    PID  Runtime      # DAGs    # Errors  Last Runtime    Last Run               Last # of DB Queries
-------------------------  -----  ---------  --------  ----------  --------------  -------------------  ----------------------
/opt/airflow/dags/dags.py     71  0.00s             0           1  0.04s           2026-09-19T13:22:19                       5
================================================================================
[2026-09-19T13:22:54.363+0000] {manager.py:997} INFO - 
================================================================================
DAG File Processing Stats

File Path                  PID    Runtime      # DAGs    # Errors  Last Runtime    Last Run               Last # of DB Queries
-------------------------  -----  ---------  --------  ----------  --------------  -------------------  ----------------------
/opt/airflow/dags/dags.py                           0           1  0.03s           2026-09-19T13:22:44                       5
================================================================================
[2026-09-19T13:23:24.528+0000] {manager.py:997} INFO - 
================================================================================
DAG File Processing Stats

File Path                  PID    Runtime      # DAGs    # Errors  Last Runtime    Last Run               Last # of DB Queries
-------------------------  -----  ---------  --------  ----------  --------------  -------------------  ----------------------
/opt/airflow/dags/dags.py                           0           1  0.03s           2026-09-19T13:23:22                       5
================================================================================
[2026-09-19T13:23:54.789+0000] {manager.py:997} INFO - 
================================================================================
DAG File Processing Stats

File Path                  PID    Runtime      # DAGs    # Errors  Last Runtime    Last Run               Last # of DB Queries
-------------------------  -----  ---------  --------  ----------  --------------  -------------------  ----------------------
/opt/airflow/dags/dags.py                           0           1  0.04s           2026-09-19T13:23:53                       5
================================================================================
[2026-09-19T13:24:25.075+0000] {manager.py:997} INFO - 
================================================================================
DAG File Processing Stats

File Path                  PID    Runtime      # DAGs    # Errors  Last Runtime    Last Run               Last # of DB Queries
-------------------------  -----  ---------  --------  ----------  --------------  -------------------  ----------------------
/opt/airflow/dags/dags.py                           0           1  0.03s           2026-09-19T13:24:21                       5
================================================================================
[2026-09-19T13:24:48.251+0000] {manager.py:821} INFO - Searching for files in /opt/airflow/dags
[2026-09-19T13:24:48.252+0000] {manager.py:824} INFO - There are 1 files in /opt/airflow/dags
[2026-09-19T13:24:55.332+0000] {manager.py:997} INFO - 
================================================================================
DAG File Processing Stats

File Path                    PID  Runtime      # DAGs    # Errors  Last Runtime    Last Run               Last # of DB Queries
-------------------------  -----  ---------  --------  ----------  --------------  -------------------  ----------------------
/opt/airflow/dags/dags.py     99  0.00s             0           1  0.03s           2026-09-19T13:24:51                       5
================================================================================
[2026-09-19T13:25:25.597+0000] {manager.py:997} INFO - 
================================================================================
DAG File Processing Stats

File Path                  PID    Runtime      # DAGs    # Errors  Last Runtime    Last Run               Last # of DB Queries
-------------------------  -----  ---------  --------  ----------  --------------  -------------------  ----------------------
/opt/airflow/dags/dags.py                           0           1  0.04s           2026-09-19T13:25:19                       5
================================================================================
[2026-09-19T13:25:55.800+0000] {manager.py:997} INFO - 
================================================================================
DAG File Processing Stats

File Path                  PID    Runtime      # DAGs    # Errors  Last Runtime    Last Run               Last # of DB Queries
-------------------------  -----  ---------  --------  ----------  --------------  -------------------  ----------------------
/opt/airflow/dags/dags.py                           0           1  0.03s           2026-09-19T13:25:40                       5
================================================================================
[2026-09-19T13:26:25.990+0000] {manager.py:997} INFO - 
================================================================================
DAG File Processing Stats

File Path                  PID    Runtime      # DAGs    # Errors  Last Runtime    Last Run               Last # of DB Queries
-------------------------  -----  ---------  --------  ----------  --------------  -------------------  ----------------------
/opt/airflow/dags/dags.py                           0           1  0.03s           2026-09-19T13:26:10                       5
================================================================================
[2026-09-19T13:26:56.183+0000] {manager.py:997} INFO - 
================================================================================
DAG File Processing Stats

File Path                  PID    Runtime      # DAGs    # Errors  Last Runtime    Last Run               Last # of DB Queries
-------------------------  -----  ---------  --------  ----------  --------------  -------------------  ----------------------
/opt/airflow/dags/dags.py                           0           1  0.03s           2026-09-19T13:26:41                       5
================================================================================
[2026-09-19T13:27:26.377+0000] {manager.py:997} INFO - 
================================================================================
DAG File Processing Stats

File Path                  PID    Runtime      # DAGs    # Errors  Last Runtime    Last Run               Last # of DB Queries
-------------------------  -----  ---------  --------  ----------  --------------  -------------------  ----------------------
/opt/airflow/dags/dags.py                           0           1  0.03s           2026-09-19T13:27:11                       5
================================================================================
[2026-09-19T13:27:56.595+0000] {manager.py:997} INFO - 
================================================================================
DAG File Processing Stats

File Path                  PID    Runtime      # DAGs    # Errors  Last Runtime    Last Run               Last # of DB Queries
-------------------------  -----  ---------  --------  ----------  --------------  -------------------  ----------------------
/opt/airflow/dags/dags.py                           0           1  0.03s           2026-09-19T13:27:41                       5
================================================================================
[2026-09-19T13:28:26.819+0000] {manager.py:997} INFO - 
================================================================================
DAG File Processing Stats

File Path                  PID    Runtime      # DAGs    # Errors  Last Runtime    Last Run               Last # of DB Queries
-------------------------  -----  ---------  --------  ----------  --------------  -------------------  ----------------------
/opt/airflow/dags/dags.py                           0           1  0.03s           2026-09-19T13:28:11                       5
================================================================================
[2026-09-19T13:28:57.035+0000] {manager.py:997} INFO - 
================================================================================
DAG File Processing Stats

File Path                  PID    Runtime      # DAGs    # Errors  Last Runtime    Last Run               Last # of DB Queries
-------------------------  -----  ---------  --------  ----------  --------------  -------------------  ----------------------
/opt/airflow/dags/dags.py                           0           1  0.04s           2026-09-19T13:28:41                       5
================================================================================
[2026-09-19T13:29:27.227+0000] {manager.py:997} INFO - 
================================================================================
DAG File Processing Stats

File Path                  PID    Runtime      # DAGs    # Errors  Last Runtime    Last Run               Last # of DB Queries
-------------------------  -----  ---------  --------  ----------  --------------  -------------------  ----------------------
/opt/airflow/dags/dags.py                           0           1  0.04s           2026-09-19T13:29:12                       5
================================================================================
[2026-09-19T13:29:48.354+0000] {manager.py:821} INFO - Searching for files in /opt/airflow/dags
[2026-09-19T13:29:48.355+0000] {manager.py:824} INFO - There are 1 files in /opt/airflow/dags
[2026-09-19T13:29:57.415+0000] {manager.py:997} INFO - 
================================================================================
DAG File Processing Stats

File Path                  PID    Runtime      # DAGs    # Errors  Last Runtime    Last Run               Last # of DB Queries
-------------------------  -----  ---------  --------  ----------  --------------  -------------------  ----------------------
/opt/airflow/dags/dags.py                           0           1  0.04s           2026-09-19T13:29:42                       5
================================================================================
[2026-09-19T13:30:27.593+0000] {manager.py:997} INFO - 
================================================================================
DAG File Processing Stats

File Path                  PID    Runtime      # DAGs    # Errors  Last Runtime    Last Run               Last # of DB Queries
-------------------------  -----  ---------  --------  ----------  --------------  -------------------  ----------------------
/opt/airflow/dags/dags.py                           0           1  0.04s           2026-09-19T13:30:12                       5
================================================================================
[2026-09-19T13:30:57.787+0000] {manager.py:997} INFO - 
================================================================================
DAG File Processing Stats

File Path                  PID    Runtime      # DAGs    # Errors  Last Runtime    Last Run               Last # of DB Queries
-------------------------  -----  ---------  --------  ----------  --------------  -------------------  ----------------------
/opt/airflow/dags/dags.py                           0           1  0.04s           2026-09-19T13:30:42                       5
================================================================================
[2026-09-19T13:31:27.966+0000] {manager.py:997} INFO - 
================================================================================
DAG File Processing Stats

File Path                  PID    Runtime      # DAGs    # Errors  Last Runtime    Last Run               Last # of DB Queries
-------------------------  -----  ---------  --------  ----------  --------------  -------------------  ----------------------
/opt/airflow/dags/dags.py                           0           1  0.03s           2026-09-19T13:31:12                       5
================================================================================
[2026-09-19T13:31:58.131+0000] {manager.py:997} INFO - 
================================================================================
DAG File Processing Stats

File Path                  PID    Runtime      # DAGs    # Errors  Last Runtime    Last Run               Last # of DB Queries
-------------------------  -----  ---------  --------  ----------  --------------  -------------------  ----------------------
/opt/airflow/dags/dags.py                           0           1  0.03s           2026-09-19T13:31:43                       5
================================================================================
[2026-09-19T13:32:28.316+0000] {manager.py:997} INFO - 
================================================================================
DAG File Processing Stats

File Path                  PID    Runtime      # DAGs    # Errors  Last Runtime    Last Run               Last # of DB Queries
-------------------------  -----  ---------  --------  ----------  --------------  -------------------  ----------------------
/opt/airflow/dags/dags.py                           0           1  0.04s           2026-09-19T13:32:13                       5
================================================================================
[2026-09-19T13:32:58.488+0000] {manager.py:997} INFO - 
================================================================================
DAG File Processing Stats

File Path                  PID    Runtime      # DAGs    # Errors  Last Runtime    Last Run               Last # of DB Queries
-------------------------  -----  ---------  --------  ----------  --------------  -------------------  ----------------------
/opt/airflow/dags/dags.py                           0           1  0.03s           2026-09-19T13:32:43                       5
================================================================================
[2026-09-19T13:33:28.654+0000] {manager.py:997} INFO - 
================================================================================
DAG File Processing Stats

File Path                  PID    Runtime      # DAGs    # Errors  Last Runtime    Last Run               Last # of DB Queries
-------------------------  -----  ---------  --------  ----------  --------------  -------------------  ----------------------
/opt/airflow/dags/dags.py                           0           1  0.03s           2026-09-19T13:33:13                       5
================================================================================
[2026-09-19T13:33:58.817+0000] {manager.py:997} INFO - 
================================================================================
DAG File Processing Stats

File Path                  PID    Runtime      # DAGs    # Errors  Last Runtime    Last Run               Last # of DB Queries
-------------------------  -----  ---------  --------  ----------  --------------  -------------------  ----------------------
/opt/airflow/dags/dags.py                           0           1  0.04s           2026-09-19T13:33:43                       5
================================================================================
[2026-09-19T13:34:28.983+0000] {manager.py:997} INFO - 
================================================================================
DAG File Processing Stats

File Path                  PID    Runtime      # DAGs    # Errors  Last Runtime    Last Run               Last # of DB Queries
-------------------------  -----  ---------  --------  ----------  --------------  -------------------  ----------------------
/opt/airflow/dags/dags.py                           0           1  0.04s           2026-09-19T13:34:13                       5
================================================================================
[2026-09-19T13:34:42.581+0000] {manager.py:465} INFO - Exiting gracefully upon receiving signal 15
[2026-09-19T13:35:17.861+0000] {manager.py:483} INFO - Processing files using up to 2 processes at a time 
[2026-09-19T13:35:17.862+0000] {manager.py:484} INFO - Process each file at most once every 30 seconds
[2026-09-19T13:35:17.862+0000] {manager.py:485} INFO - Checking for new files in /opt/airflow/dags every 300 seconds
[2026-09-19T13:35:17.862+0000] {manager.py:821} INFO - Searching for files in /opt/airflow/dags
[2026-09-19T13:35:17.862+0000] {manager.py:824} INFO - There are 1 files in /opt/airflow/dags
[2026-09-19T13:35:17.889+0000] {manager.py:997} INFO - 
================================================================================
DAG File Processing Stats

File Path                    PID  Runtime      # DAGs    # Errors  Last Runtime    Last Run      Last # of DB Queries
-------------------------  -----  ---------  --------  ----------  --------------  ----------  ----------------------
/opt/airflow/dags/dags.py     42  0.01s             0           0                                                   0
================================================================================
[2026-09-19T13:35:48.047+0000] {manager.py:997} INFO - 
================================================================================
DAG File Processing Stats

File Path                    PID  Runtime      # DAGs    # Errors  Last Runtime    Last Run               Last # of DB Queries
-------------------------  -----  ---------  --------  ----------  --------------  -------------------  ----------------------
/opt/airflow/dags/dags.py     43  0.00s             0           1  0.04s           2026-09-19T13:35:17                       3
================================================================================
[2026-09-19T13:36:18.199+0000] {manager.py:997} INFO - 
================================================================================
DAG File Processing Stats

File Path                    PID  Runtime      # DAGs    # Errors  Last Runtime    Last Run               Last # of DB Queries
-------------------------  -----  ---------  --------  ----------  --------------  -------------------  ----------------------
/opt/airflow/dags/dags.py     44  0.00s             0           1  0.04s           2026-09-19T13:35:48                       5
================================================================================
[2026-09-19T13:36:48.359+0000] {manager.py:997} INFO - 
================================================================================
DAG File Processing Stats

File Path                    PID  Runtime      # DAGs    # Errors  Last Runtime    Last Run               Last # of DB Queries
-------------------------  -----  ---------  --------  ----------  --------------  -------------------  ----------------------
/opt/airflow/dags/dags.py     45  0.00s             0           1  0.03s           2026-09-19T13:36:18                       5
================================================================================
[2026-09-19T13:37:18.545+0000] {manager.py:997} INFO - 
================================================================================
DAG File Processing Stats

File Path                    PID  Runtime      # DAGs    # Errors  Last Runtime    Last Run               Last # of DB Queries
-------------------------  -----  ---------  --------  ----------  --------------  -------------------  ----------------------
/opt/airflow/dags/dags.py     46  0.00s             0           1  0.04s           2026-09-19T13:36:48                       5
================================================================================
[2026-09-19T13:37:48.728+0000] {manager.py:997} INFO - 
================================================================================
DAG File Processing Stats

File Path                    PID  Runtime      # DAGs    # Errors  Last Runtime    Last Run               Last # of DB Queries
-------------------------  -----  ---------  --------  ----------  --------------  -------------------  ----------------------
/opt/airflow/dags/dags.py     47  0.00s             0           1  0.03s           2026-09-19T13:37:18                       5
================================================================================
[2026-09-19T13:38:18.891+0000] {manager.py:997} INFO - 
================================================================================
DAG File Processing Stats

File Path                    PID  Runtime      # DAGs    # Errors  Last Runtime    Last Run               Last # of DB Queries
-------------------------  -----  ---------  --------  ----------  --------------  -------------------  ----------------------
/opt/airflow/dags/dags.py     48  0.00s             0           1  0.04s           2026-09-19T13:37:48                       5
================================================================================
[2026-09-19T13:38:49.057+0000] {manager.py:997} INFO - 
================================================================================
DAG File Processing Stats

File Path                    PID  Runtime      # DAGs    # Errors  Last Runtime    Last Run               Last # of DB Queries
-------------------------  -----  ---------  --------  ----------  --------------  -------------------  ----------------------
/opt/airflow/dags/dags.py     49  0.00s             0           1  0.03s           2026-09-19T13:38:18                       5
================================================================================
[2026-09-19T13:38:51.092+0000] {manager.py:465} INFO - Exiting gracefully upon receiving signal 15
[2026-09-19T13:39:27.295+0000] {manager.py:483} INFO - Processing files using up to 2 processes at a time 
[2026-09-19T13:39:27.296+0000] {manager.py:484} INFO - Process each file at most once every 30 seconds
[2026-09-19T13:39:27.296+0000] {manager.py:485} INFO - Checking for new files in /opt/airflow/dags every 300 seconds
[2026-09-19T13:39:27.296+0000] {manager.py:821} INFO - Searching for files in /opt/airflow/dags
[2026-09-19T13:39:27.296+0000] {manager.py:824} INFO - There are 1 files in /opt/airflow/dags
[2026-09-19T13:39:27.324+0000] {manager.py:997} INFO - 
================================================================================
DAG File Processing Stats

File Path                    PID  Runtime      # DAGs    # Errors  Last Runtime    Last Run      Last # of DB Queries
-------------------------  -----  ---------  --------  ----------  --------------  ----------  ----------------------
/opt/airflow/dags/dags.py     42  0.01s             0           0                                                   0
================================================================================
[2026-09-19T13:39:57.475+0000] {manager.py:997} INFO - 
================================================================================
DAG File Processing Stats

File Path                    PID  Runtime      # DAGs    # Errors  Last Runtime    Last Run               Last # of DB Queries
-------------------------  -----  ---------  --------  ----------  --------------  -------------------  ----------------------
/opt/airflow/dags/dags.py     44  0.00s             0           1  0.03s           2026-09-19T13:39:27                       3
================================================================================
[2026-09-19T13:40:04.880+0000] {manager.py:465} INFO - Exiting gracefully upon receiving signal 15
[2026-09-19T13:40:39.685+0000] {manager.py:483} INFO - Processing files using up to 2 processes at a time 
[2026-09-19T13:40:39.685+0000] {manager.py:484} INFO - Process each file at most once every 30 seconds
[2026-09-19T13:40:39.685+0000] {manager.py:485} INFO - Checking for new files in /opt/airflow/dags every 300 seconds
[2026-09-19T13:40:39.685+0000] {manager.py:821} INFO - Searching for files in /opt/airflow/dags
[2026-09-19T13:40:39.686+0000] {manager.py:824} INFO - There are 1 files in /opt/airflow/dags
[2026-09-19T13:40:39.714+0000] {manager.py:997} INFO - 
================================================================================
DAG File Processing Stats

File Path                    PID  Runtime      # DAGs    # Errors  Last Runtime    Last Run      Last # of DB Queries
-------------------------  -----  ---------  --------  ----------  --------------  ----------  ----------------------
/opt/airflow/dags/dags.py     41  0.01s             0           0                                                   0
================================================================================
[2026-09-19T13:41:09.849+0000] {manager.py:997} INFO - 
================================================================================
DAG File Processing Stats

File Path                    PID  Runtime      # DAGs    # Errors  Last Runtime    Last Run               Last # of DB Queries
-------------------------  -----  ---------  --------  ----------  --------------  -------------------  ----------------------
/opt/airflow/dags/dags.py     43  0.00s             0           1  0.04s           2026-09-19T13:40:39                       3
================================================================================
[2026-09-19T13:41:40.014+0000] {manager.py:997} INFO - 
================================================================================
DAG File Processing Stats

File Path                    PID  Runtime      # DAGs    # Errors  Last Runtime    Last Run               Last # of DB Queries
-------------------------  -----  ---------  --------  ----------  --------------  -------------------  ----------------------
/opt/airflow/dags/dags.py     44  0.00s             0           1  0.03s           2026-09-19T13:41:09                       5
================================================================================
[2026-09-19T13:42:10.206+0000] {manager.py:997} INFO - 
================================================================================
DAG File Processing Stats

File Path                    PID  Runtime      # DAGs    # Errors  Last Runtime    Last Run               Last # of DB Queries
-------------------------  -----  ---------  --------  ----------  --------------  -------------------  ----------------------
/opt/airflow/dags/dags.py     45  0.00s             0           1  0.04s           2026-09-19T13:41:40                       5
================================================================================
[2026-09-19T13:42:40.408+0000] {manager.py:997} INFO - 
================================================================================
DAG File Processing Stats

File Path                    PID  Runtime      # DAGs    # Errors  Last Runtime    Last Run               Last # of DB Queries
-------------------------  -----  ---------  --------  ----------  --------------  -------------------  ----------------------
/opt/airflow/dags/dags.py     46  0.00s             0           1  0.03s           2026-09-19T13:42:10                       5
================================================================================
[2026-09-19T13:43:10.597+0000] {manager.py:997} INFO - 
================================================================================
DAG File Processing Stats

File Path                    PID  Runtime      # DAGs    # Errors  Last Runtime    Last Run               Last # of DB Queries
-------------------------  -----  ---------  --------  ----------  --------------  -------------------  ----------------------
/opt/airflow/dags/dags.py     47  0.00s             0           1  0.03s           2026-09-19T13:42:40                       5
================================================================================
[2026-09-19T13:43:40.777+0000] {manager.py:997} INFO - 
================================================================================
DAG File Processing Stats

File Path                    PID  Runtime      # DAGs    # Errors  Last Runtime    Last Run               Last # of DB Queries
-------------------------  -----  ---------  --------  ----------  --------------  -------------------  ----------------------
/opt/airflow/dags/dags.py     48  0.00s             0           1  0.03s           2026-09-19T13:43:10                       5
================================================================================
[2026-09-19T13:44:10.962+0000] {manager.py:997} INFO - 
================================================================================
DAG File Processing Stats

File Path                    PID  Runtime      # DAGs    # Errors  Last Runtime    Last Run               Last # of DB Queries
-------------------------  -----  ---------  --------  ----------  --------------  -------------------  ----------------------
/opt/airflow/dags/dags.py     49  0.00s             0           1  0.03s           2026-09-19T13:43:40                       5
================================================================================
[2026-09-19T13:44:41.150+0000] {manager.py:997} INFO - 
================================================================================
DAG File Processing Stats

File Path                    PID  Runtime      # DAGs    # Errors  Last Runtime    Last Run               Last # of DB Queries
-------------------------  -----  ---------  --------  ----------  --------------  -------------------  ----------------------
/opt/airflow/dags/dags.py     50  0.00s             0           1  0.03s           2026-09-19T13:44:10                       5
================================================================================
[2026-09-19T13:45:11.354+0000] {manager.py:997} INFO - 
================================================================================
DAG File Processing Stats

File Path                  PID    Runtime      # DAGs    # Errors  Last Runtime    Last Run               Last # of DB Queries
-------------------------  -----  ---------  --------  ----------  --------------  -------------------  ----------------------
/opt/airflow/dags/dags.py                           0           1  0.03s           2026-09-19T13:44:52                       5
================================================================================
[2026-09-19T13:45:40.520+0000] {manager.py:821} INFO - Searching for files in /opt/airflow/dags
[2026-09-19T13:45:40.521+0000] {manager.py:824} INFO - There are 1 files in /opt/airflow/dags
[2026-09-19T13:45:41.538+0000] {manager.py:997} INFO - 
================================================================================
DAG File Processing Stats

File Path                  PID    Runtime      # DAGs    # Errors  Last Runtime    Last Run               Last # of DB Queries
-------------------------  -----  ---------  --------  ----------  --------------  -------------------  ----------------------
/opt/airflow/dags/dags.py                           0           1  0.03s           2026-09-19T13:45:40                       5
================================================================================
[2026-09-19T13:46:11.711+0000] {manager.py:997} INFO - 
================================================================================
DAG File Processing Stats

File Path                  PID    Runtime      # DAGs    # Errors  Last Runtime    Last Run               Last # of DB Queries
-------------------------  -----  ---------  --------  ----------  --------------  -------------------  ----------------------
/opt/airflow/dags/dags.py                           0           1  0.04s           2026-09-19T13:46:10                       5
================================================================================
[2026-09-19T13:46:36.857+0000] {manager.py:465} INFO - Exiting gracefully upon receiving signal 15
[2026-09-19T13:47:08.521+0000] {manager.py:483} INFO - Processing files using up to 2 processes at a time 
[2026-09-19T13:47:08.522+0000] {manager.py:484} INFO - Process each file at most once every 30 seconds
[2026-09-19T13:47:08.522+0000] {manager.py:485} INFO - Checking for new files in /opt/airflow/dags every 300 seconds
[2026-09-19T13:47:08.522+0000] {manager.py:821} INFO - Searching for files in /opt/airflow/dags
[2026-09-19T13:47:08.524+0000] {manager.py:824} INFO - There are 1 files in /opt/airflow/dags
[2026-09-19T13:47:08.575+0000] {manager.py:997} INFO - 
================================================================================
DAG File Processing Stats

File Path                    PID  Runtime      # DAGs    # Errors  Last Runtime    Last Run      Last # of DB Queries
-------------------------  -----  ---------  --------  ----------  --------------  ----------  ----------------------
/opt/airflow/dags/dags.py     42  0.02s             0           0                                                   0
================================================================================
[2026-09-19T13:47:38.712+0000] {manager.py:997} INFO - 
================================================================================
DAG File Processing Stats

File Path                    PID  Runtime      # DAGs    # Errors  Last Runtime    Last Run               Last # of DB Queries
-------------------------  -----  ---------  --------  ----------  --------------  -------------------  ----------------------
/opt/airflow/dags/dags.py     43  0.00s             0           1  0.04s           2026-09-19T13:47:08                       3
================================================================================
[2026-09-19T13:48:08.851+0000] {manager.py:997} INFO - 
================================================================================
DAG File Processing Stats

File Path                    PID  Runtime      # DAGs    # Errors  Last Runtime    Last Run               Last # of DB Queries
-------------------------  -----  ---------  --------  ----------  --------------  -------------------  ----------------------
/opt/airflow/dags/dags.py     44  0.00s             0           1  0.03s           2026-09-19T13:47:38                       5
================================================================================
[2026-09-19T13:48:39.008+0000] {manager.py:997} INFO - 
================================================================================
DAG File Processing Stats

File Path                    PID  Runtime      # DAGs    # Errors  Last Runtime    Last Run               Last # of DB Queries
-------------------------  -----  ---------  --------  ----------  --------------  -------------------  ----------------------
/opt/airflow/dags/dags.py     45  0.00s             0           1  0.03s           2026-09-19T13:48:08                       5
================================================================================
[2026-09-19T13:49:09.170+0000] {manager.py:997} INFO - 
================================================================================
DAG File Processing Stats

File Path                    PID  Runtime      # DAGs    # Errors  Last Runtime    Last Run               Last # of DB Queries
-------------------------  -----  ---------  --------  ----------  --------------  -------------------  ----------------------
/opt/airflow/dags/dags.py     46  0.00s             0           1  0.04s           2026-09-19T13:48:39                       5
================================================================================
[2026-09-19T13:49:39.336+0000] {manager.py:997} INFO - 
================================================================================
DAG File Processing Stats

File Path                    PID  Runtime      # DAGs    # Errors  Last Runtime    Last Run               Last # of DB Queries
-------------------------  -----  ---------  --------  ----------  --------------  -------------------  ----------------------
/opt/airflow/dags/dags.py     47  0.00s             0           1  0.04s           2026-09-19T13:49:09                       5
================================================================================
[2026-09-19T13:50:09.493+0000] {manager.py:997} INFO - 
================================================================================
DAG File Processing Stats

File Path                    PID  Runtime      # DAGs    # Errors  Last Runtime    Last Run               Last # of DB Queries
-------------------------  -----  ---------  --------  ----------  --------------  -------------------  ----------------------
/opt/airflow/dags/dags.py     48  0.00s             0           1  0.03s           2026-09-19T13:49:39                       5
================================================================================
[2026-09-19T13:50:39.649+0000] {manager.py:997} INFO - 
================================================================================
DAG File Processing Stats

File Path                    PID  Runtime      # DAGs    # Errors  Last Runtime    Last Run               Last # of DB Queries
-------------------------  -----  ---------  --------  ----------  --------------  -------------------  ----------------------
/opt/airflow/dags/dags.py     49  0.00s             0           1  0.04s           2026-09-19T13:50:09                       5
================================================================================
[2026-09-19T13:51:09.832+0000] {manager.py:997} INFO - 
================================================================================
DAG File Processing Stats

File Path                    PID  Runtime      # DAGs    # Errors  Last Runtime    Last Run               Last # of DB Queries
-------------------------  -----  ---------  --------  ----------  --------------  -------------------  ----------------------
/opt/airflow/dags/dags.py     50  0.00s             0           1  0.03s           2026-09-19T13:50:39                       5
================================================================================
[2026-09-19T13:51:17.819+0000] {manager.py:465} INFO - Exiting gracefully upon receiving signal 15
[2026-09-19T13:51:52.358+0000] {manager.py:483} INFO - Processing files using up to 2 processes at a time 
[2026-09-19T13:51:52.359+0000] {manager.py:484} INFO - Process each file at most once every 30 seconds
[2026-09-19T13:51:52.359+0000] {manager.py:485} INFO - Checking for new files in /opt/airflow/dags every 300 seconds
[2026-09-19T13:51:52.359+0000] {manager.py:821} INFO - Searching for files in /opt/airflow/dags
[2026-09-19T13:51:52.360+0000] {manager.py:824} INFO - There are 1 files in /opt/airflow/dags
[2026-09-19T13:51:52.389+0000] {manager.py:997} INFO - 
================================================================================
DAG File Processing Stats

File Path                    PID  Runtime      # DAGs    # Errors  Last Runtime    Last Run      Last # of DB Queries
-------------------------  -----  ---------  --------  ----------  --------------  ----------  ----------------------
/opt/airflow/dags/dags.py     41  0.01s             0           0                                                   0
================================================================================
[2026-09-19T13:52:22.546+0000] {manager.py:997} INFO - 
================================================================================
DAG File Processing Stats

File Path                    PID  Runtime      # DAGs    # Errors  Last Runtime    Last Run               Last # of DB Queries
-------------------------  -----  ---------  --------  ----------  --------------  -------------------  ----------------------
/opt/airflow/dags/dags.py     43  0.00s             0           1  0.03s           2026-09-19T13:51:52                       3
================================================================================
[2026-09-19T13:52:52.760+0000] {manager.py:997} INFO - 
================================================================================
DAG File Processing Stats

File Path                  PID    Runtime      # DAGs    # Errors  Last Runtime    Last Run               Last # of DB Queries
-------------------------  -----  ---------  --------  ----------  --------------  -------------------  ----------------------
/opt/airflow/dags/dags.py                           0           1  0.03s           2026-09-19T13:52:50                       5
================================================================================
[2026-09-19T13:53:22.928+0000] {manager.py:997} INFO - 
================================================================================
DAG File Processing Stats

File Path                  PID    Runtime      # DAGs    # Errors  Last Runtime    Last Run               Last # of DB Queries
-------------------------  -----  ---------  --------  ----------  --------------  -------------------  ----------------------
/opt/airflow/dags/dags.py                           0           1  0.04s           2026-09-19T13:53:20                       5
================================================================================
[2026-09-19T13:53:53.072+0000] {manager.py:997} INFO - 
================================================================================
DAG File Processing Stats

File Path                  PID    Runtime      # DAGs    # Errors  Last Runtime    Last Run               Last # of DB Queries
-------------------------  -----  ---------  --------  ----------  --------------  -------------------  ----------------------
/opt/airflow/dags/dags.py                           0           1  0.03s           2026-09-19T13:53:51                       5
================================================================================
[2026-09-19T13:54:23.224+0000] {manager.py:997} INFO - 
================================================================================
DAG File Processing Stats

File Path                  PID    Runtime      # DAGs    # Errors  Last Runtime    Last Run               Last # of DB Queries
-------------------------  -----  ---------  --------  ----------  --------------  -------------------  ----------------------
/opt/airflow/dags/dags.py                           0           1  0.04s           2026-09-19T13:54:21                       5
================================================================================
[2026-09-19T13:54:53.411+0000] {manager.py:997} INFO - 
================================================================================
DAG File Processing Stats

File Path                    PID  Runtime      # DAGs    # Errors  Last Runtime    Last Run               Last # of DB Queries
-------------------------  -----  ---------  --------  ----------  --------------  -------------------  ----------------------
/opt/airflow/dags/dags.py     54  0.00s             0           1  0.04s           2026-09-19T13:54:32                       5
================================================================================
[2026-09-19T13:55:23.573+0000] {manager.py:997} INFO - 
================================================================================
DAG File Processing Stats

File Path                  PID    Runtime      # DAGs    # Errors  Last Runtime    Last Run               Last # of DB Queries
-------------------------  -----  ---------  --------  ----------  --------------  -------------------  ----------------------
/opt/airflow/dags/dags.py                           0           1  0.04s           2026-09-19T13:54:54                       5
================================================================================
[2026-09-19T13:55:53.726+0000] {manager.py:997} INFO - 
================================================================================
DAG File Processing Stats

File Path                  PID    Runtime      # DAGs    # Errors  Last Runtime    Last Run               Last # of DB Queries
-------------------------  -----  ---------  --------  ----------  --------------  -------------------  ----------------------
/opt/airflow/dags/dags.py                           0           1  0.03s           2026-09-19T13:55:24                       5
================================================================================
[2026-09-19T13:56:23.885+0000] {manager.py:997} INFO - 
================================================================================
DAG File Processing Stats

File Path                  PID    Runtime      # DAGs    # Errors  Last Runtime    Last Run               Last # of DB Queries
-------------------------  -----  ---------  --------  ----------  --------------  -------------------  ----------------------
/opt/airflow/dags/dags.py                           0           1  0.04s           2026-09-19T13:55:54                       5
================================================================================
[2026-09-19T13:56:53.066+0000] {manager.py:821} INFO - Searching for files in /opt/airflow/dags
[2026-09-19T13:56:53.068+0000] {manager.py:824} INFO - There are 1 files in /opt/airflow/dags
[2026-09-19T13:56:54.080+0000] {manager.py:997} INFO - 
================================================================================
DAG File Processing Stats

File Path                  PID    Runtime      # DAGs    # Errors  Last Runtime    Last Run               Last # of DB Queries
-------------------------  -----  ---------  --------  ----------  --------------  -------------------  ----------------------
/opt/airflow/dags/dags.py                           0           1  0.04s           2026-09-19T13:56:24                       5
================================================================================
[2026-09-19T13:57:24.263+0000] {manager.py:997} INFO - 
================================================================================
DAG File Processing Stats

File Path                  PID    Runtime      # DAGs    # Errors  Last Runtime    Last Run               Last # of DB Queries
-------------------------  -----  ---------  --------  ----------  --------------  -------------------  ----------------------
/opt/airflow/dags/dags.py                           0           1  0.03s           2026-09-19T13:56:55                       5
================================================================================
[2026-09-19T13:57:54.428+0000] {manager.py:997} INFO - 
================================================================================
DAG File Processing Stats

File Path                  PID    Runtime      # DAGs    # Errors  Last Runtime    Last Run               Last # of DB Queries
-------------------------  -----  ---------  --------  ----------  --------------  -------------------  ----------------------
/opt/airflow/dags/dags.py                           0           1  0.04s           2026-09-19T13:57:25                       5
================================================================================
[2026-09-19T13:58:24.619+0000] {manager.py:997} INFO - 
================================================================================
DAG File Processing Stats

File Path                  PID    Runtime      # DAGs    # Errors  Last Runtime    Last Run               Last # of DB Queries
-------------------------  -----  ---------  --------  ----------  --------------  -------------------  ----------------------
/opt/airflow/dags/dags.py                           0           1  0.03s           2026-09-19T13:57:55                       5
================================================================================
[2026-09-19T13:58:54.783+0000] {manager.py:997} INFO - 
================================================================================
DAG File Processing Stats

File Path                  PID    Runtime      # DAGs    # Errors  Last Runtime    Last Run               Last # of DB Queries
-------------------------  -----  ---------  --------  ----------  --------------  -------------------  ----------------------
/opt/airflow/dags/dags.py                           0           1  0.04s           2026-09-19T13:58:25                       5
================================================================================
[2026-09-19T13:58:59.954+0000] {manager.py:465} INFO - Exiting gracefully upon receiving signal 15
[2026-09-19T13:59:32.227+0000] {manager.py:483} INFO - Processing files using up to 2 processes at a time 
[2026-09-19T13:59:32.228+0000] {manager.py:484} INFO - Process each file at most once every 30 seconds
[2026-09-19T13:59:32.228+0000] {manager.py:485} INFO - Checking for new files in /opt/airflow/dags every 300 seconds
[2026-09-19T13:59:32.228+0000] {manager.py:821} INFO - Searching for files in /opt/airflow/dags
[2026-09-19T13:59:32.229+0000] {manager.py:824} INFO - There are 1 files in /opt/airflow/dags
[2026-09-19T13:59:32.298+0000] {manager.py:997} INFO - 
================================================================================
DAG File Processing Stats

File Path                    PID  Runtime      # DAGs    # Errors  Last Runtime    Last Run      Last # of DB Queries
-------------------------  -----  ---------  --------  ----------  --------------  ----------  ----------------------
/opt/airflow/dags/dags.py     42  0.01s             0           0                                                   0
================================================================================
[2026-09-19T14:00:02.436+0000] {manager.py:997} INFO - 
================================================================================
DAG File Processing Stats

File Path                  PID    Runtime      # DAGs    # Errors  Last Runtime    Last Run               Last # of DB Queries
-------------------------  -----  ---------  --------  ----------  --------------  -------------------  ----------------------
/opt/airflow/dags/dags.py                           1           0  1.08s           2026-09-19T13:59:33                      45
================================================================================
[2026-09-19T14:00:32.655+0000] {manager.py:997} INFO - 
================================================================================
DAG File Processing Stats

File Path                  PID    Runtime      # DAGs    # Errors  Last Runtime    Last Run               Last # of DB Queries
-------------------------  -----  ---------  --------  ----------  --------------  -------------------  ----------------------
/opt/airflow/dags/dags.py                           1           0  0.31s           2026-09-19T14:00:03                      12
================================================================================
[2026-09-19T14:01:03.066+0000] {manager.py:997} INFO - 
================================================================================
DAG File Processing Stats

File Path                  PID    Runtime      # DAGs    # Errors  Last Runtime    Last Run               Last # of DB Queries
-------------------------  -----  ---------  --------  ----------  --------------  -------------------  ----------------------
/opt/airflow/dags/dags.py                           1           0  0.31s           2026-09-19T14:00:34                      12
================================================================================
[2026-09-19T14:01:33.478+0000] {manager.py:997} INFO - 
================================================================================
DAG File Processing Stats

File Path                  PID    Runtime      # DAGs    # Errors  Last Runtime    Last Run               Last # of DB Queries
-------------------------  -----  ---------  --------  ----------  --------------  -------------------  ----------------------
/opt/airflow/dags/dags.py                           1           0  0.32s           2026-09-19T14:01:04                      12
================================================================================
[2026-09-19T14:02:03.939+0000] {manager.py:997} INFO - 
================================================================================
DAG File Processing Stats

File Path                  PID    Runtime      # DAGs    # Errors  Last Runtime    Last Run               Last # of DB Queries
-------------------------  -----  ---------  --------  ----------  --------------  -------------------  ----------------------
/opt/airflow/dags/dags.py                           1           0  0.32s           2026-09-19T14:01:35                      12
================================================================================
[2026-09-19T14:02:34.412+0000] {manager.py:997} INFO - 
================================================================================
DAG File Processing Stats

File Path                  PID    Runtime      # DAGs    # Errors  Last Runtime    Last Run               Last # of DB Queries
-------------------------  -----  ---------  --------  ----------  --------------  -------------------  ----------------------
/opt/airflow/dags/dags.py                           0           1  0.30s           2026-09-19T14:02:05                       3
================================================================================
[2026-09-19T14:03:04.850+0000] {manager.py:997} INFO - 
================================================================================
DAG File Processing Stats

File Path                  PID    Runtime      # DAGs    # Errors  Last Runtime    Last Run               Last # of DB Queries
-------------------------  -----  ---------  --------  ----------  --------------  -------------------  ----------------------
/opt/airflow/dags/dags.py                           0           1  0.32s           2026-09-19T14:02:36                       5
================================================================================
[2026-09-19T14:03:35.311+0000] {manager.py:997} INFO - 
================================================================================
DAG File Processing Stats

File Path                  PID    Runtime      # DAGs    # Errors  Last Runtime    Last Run               Last # of DB Queries
-------------------------  -----  ---------  --------  ----------  --------------  -------------------  ----------------------
/opt/airflow/dags/dags.py                           0           1  0.04s           2026-09-19T14:03:06                       5
================================================================================
[2026-09-19T14:04:05.463+0000] {manager.py:997} INFO - 
================================================================================
DAG File Processing Stats

File Path                  PID    Runtime      # DAGs    # Errors  Last Runtime    Last Run               Last # of DB Queries
-------------------------  -----  ---------  --------  ----------  --------------  -------------------  ----------------------
/opt/airflow/dags/dags.py                           0           1  0.30s           2026-09-19T14:03:36                       5
================================================================================
[2026-09-19T14:04:32.885+0000] {manager.py:821} INFO - Searching for files in /opt/airflow/dags
[2026-09-19T14:04:32.887+0000] {manager.py:824} INFO - There are 1 files in /opt/airflow/dags
[2026-09-19T14:04:35.914+0000] {manager.py:997} INFO - 
================================================================================
DAG File Processing Stats

File Path                  PID    Runtime      # DAGs    # Errors  Last Runtime    Last Run               Last # of DB Queries
-------------------------  -----  ---------  --------  ----------  --------------  -------------------  ----------------------
/opt/airflow/dags/dags.py                           0           1  0.30s           2026-09-19T14:04:07                       5
================================================================================
[2026-09-19T14:05:06.359+0000] {manager.py:997} INFO - 
================================================================================
DAG File Processing Stats

File Path                  PID    Runtime      # DAGs    # Errors  Last Runtime    Last Run               Last # of DB Queries
-------------------------  -----  ---------  --------  ----------  --------------  -------------------  ----------------------
/opt/airflow/dags/dags.py                           0           1  0.04s           2026-09-19T14:04:37                       5
================================================================================
[2026-09-19T14:05:36.506+0000] {manager.py:997} INFO - 
================================================================================
DAG File Processing Stats

File Path                  PID    Runtime      # DAGs    # Errors  Last Runtime    Last Run               Last # of DB Queries
-------------------------  -----  ---------  --------  ----------  --------------  -------------------  ----------------------
/opt/airflow/dags/dags.py                           0           1  0.30s           2026-09-19T14:05:07                       5
================================================================================
[2026-09-19T14:06:06.945+0000] {manager.py:997} INFO - 
================================================================================
DAG File Processing Stats

File Path                  PID    Runtime      # DAGs    # Errors  Last Runtime    Last Run               Last # of DB Queries
-------------------------  -----  ---------  --------  ----------  --------------  -------------------  ----------------------
/opt/airflow/dags/dags.py                           1           0  0.37s           2026-09-19T14:05:38                      34
================================================================================
[2026-09-19T14:06:37.481+0000] {manager.py:997} INFO - 
================================================================================
DAG File Processing Stats

File Path                  PID    Runtime      # DAGs    # Errors  Last Runtime    Last Run               Last # of DB Queries
-------------------------  -----  ---------  --------  ----------  --------------  -------------------  ----------------------
/opt/airflow/dags/dags.py                           1           0  0.33s           2026-09-19T14:06:08                      12
================================================================================
[2026-09-19T14:07:07.945+0000] {manager.py:997} INFO - 
================================================================================
DAG File Processing Stats

File Path                  PID    Runtime      # DAGs    # Errors  Last Runtime    Last Run               Last # of DB Queries
-------------------------  -----  ---------  --------  ----------  --------------  -------------------  ----------------------
/opt/airflow/dags/dags.py                           1           0  0.31s           2026-09-19T14:06:39                      12
================================================================================
[2026-09-19T14:07:38.389+0000] {manager.py:997} INFO - 
================================================================================
DAG File Processing Stats

File Path                  PID    Runtime      # DAGs    # Errors  Last Runtime    Last Run               Last # of DB Queries
-------------------------  -----  ---------  --------  ----------  --------------  -------------------  ----------------------
/opt/airflow/dags/dags.py                           1           0  0.32s           2026-09-19T14:07:09                      12
================================================================================
[2026-09-19T14:08:08.836+0000] {manager.py:997} INFO - 
================================================================================
DAG File Processing Stats

File Path                  PID    Runtime      # DAGs    # Errors  Last Runtime    Last Run               Last # of DB Queries
-------------------------  -----  ---------  --------  ----------  --------------  -------------------  ----------------------
/opt/airflow/dags/dags.py                           1           0  0.30s           2026-09-19T14:07:39                      12
================================================================================
[2026-09-19T14:08:39.279+0000] {manager.py:997} INFO - 
================================================================================
DAG File Processing Stats

File Path                  PID    Runtime      # DAGs    # Errors  Last Runtime    Last Run               Last # of DB Queries
-------------------------  -----  ---------  --------  ----------  --------------  -------------------  ----------------------
/opt/airflow/dags/dags.py                           1           0  0.32s           2026-09-19T14:08:10                      12
================================================================================
[2026-09-19T14:09:09.739+0000] {manager.py:997} INFO - 
================================================================================
DAG File Processing Stats

File Path                  PID    Runtime      # DAGs    # Errors  Last Runtime    Last Run               Last # of DB Queries
-------------------------  -----  ---------  --------  ----------  --------------  -------------------  ----------------------
/opt/airflow/dags/dags.py                           1           0  0.36s           2026-09-19T14:08:40                      12
================================================================================
[2026-09-19T14:09:33.196+0000] {manager.py:821} INFO - Searching for files in /opt/airflow/dags
[2026-09-19T14:09:33.198+0000] {manager.py:824} INFO - There are 1 files in /opt/airflow/dags
[2026-09-19T14:09:40.236+0000] {manager.py:997} INFO - 
================================================================================
DAG File Processing Stats

File Path                  PID    Runtime      # DAGs    # Errors  Last Runtime    Last Run               Last # of DB Queries
-------------------------  -----  ---------  --------  ----------  --------------  -------------------  ----------------------
/opt/airflow/dags/dags.py                           1           0  0.34s           2026-09-19T14:09:11                      12
================================================================================
[2026-09-19T14:10:10.709+0000] {manager.py:997} INFO - 
================================================================================
DAG File Processing Stats

File Path                  PID    Runtime      # DAGs    # Errors  Last Runtime    Last Run               Last # of DB Queries
-------------------------  -----  ---------  --------  ----------  --------------  -------------------  ----------------------
/opt/airflow/dags/dags.py                           1           0  0.33s           2026-09-19T14:09:41                      12
================================================================================
[2026-09-19T14:10:41.156+0000] {manager.py:997} INFO - 
================================================================================
DAG File Processing Stats

File Path                  PID    Runtime      # DAGs    # Errors  Last Runtime    Last Run               Last # of DB Queries
-------------------------  -----  ---------  --------  ----------  --------------  -------------------  ----------------------
/opt/airflow/dags/dags.py                           1           0  0.32s           2026-09-19T14:10:12                      12
================================================================================
[2026-09-19T14:11:11.598+0000] {manager.py:997} INFO - 
================================================================================
DAG File Processing Stats

File Path                  PID    Runtime      # DAGs    # Errors  Last Runtime    Last Run               Last # of DB Queries
-------------------------  -----  ---------  --------  ----------  --------------  -------------------  ----------------------
/opt/airflow/dags/dags.py                           1           0  0.31s           2026-09-19T14:10:42                      12
================================================================================
[2026-09-19T14:11:42.056+0000] {manager.py:997} INFO - 
================================================================================
DAG File Processing Stats

File Path                  PID    Runtime      # DAGs    # Errors  Last Runtime    Last Run               Last # of DB Queries
-------------------------  -----  ---------  --------  ----------  --------------  -------------------  ----------------------
/opt/airflow/dags/dags.py                           1           0  0.32s           2026-09-19T14:11:13                      12
================================================================================
[2026-09-19T14:12:12.520+0000] {manager.py:997} INFO - 
================================================================================
DAG File Processing Stats

File Path                  PID    Runtime      # DAGs    # Errors  Last Runtime    Last Run               Last # of DB Queries
-------------------------  -----  ---------  --------  ----------  --------------  -------------------  ----------------------
/opt/airflow/dags/dags.py                           1           0  0.32s           2026-09-19T14:11:43                      12
================================================================================
[2026-09-19T14:12:42.995+0000] {manager.py:997} INFO - 
================================================================================
DAG File Processing Stats

File Path                  PID    Runtime      # DAGs    # Errors  Last Runtime    Last Run               Last # of DB Queries
-------------------------  -----  ---------  --------  ----------  --------------  -------------------  ----------------------
/opt/airflow/dags/dags.py                           1           0  0.35s           2026-09-19T14:12:14                      12
================================================================================
[2026-09-19T14:12:56.764+0000] {manager.py:465} INFO - Exiting gracefully upon receiving signal 15
[2026-09-19T14:13:30.341+0000] {manager.py:483} INFO - Processing files using up to 2 processes at a time 
[2026-09-19T14:13:30.342+0000] {manager.py:484} INFO - Process each file at most once every 30 seconds
[2026-09-19T14:13:30.342+0000] {manager.py:485} INFO - Checking for new files in /opt/airflow/dags every 300 seconds
[2026-09-19T14:13:30.342+0000] {manager.py:821} INFO - Searching for files in /opt/airflow/dags
[2026-09-19T14:13:30.343+0000] {manager.py:824} INFO - There are 1 files in /opt/airflow/dags
[2026-09-19T14:13:30.422+0000] {manager.py:997} INFO - 
================================================================================
DAG File Processing Stats

File Path                    PID  Runtime      # DAGs    # Errors  Last Runtime    Last Run      Last # of DB Queries
-------------------------  -----  ---------  --------  ----------  --------------  ----------  ----------------------
/opt/airflow/dags/dags.py     42  0.02s             0           0                                                   0
================================================================================
[2026-09-19T14:14:00.575+0000] {manager.py:997} INFO - 
================================================================================
DAG File Processing Stats

File Path                  PID    Runtime      # DAGs    # Errors  Last Runtime    Last Run               Last # of DB Queries
-------------------------  -----  ---------  --------  ----------  --------------  -------------------  ----------------------
/opt/airflow/dags/dags.py                           1           0  1.12s           2026-09-19T14:13:31                      45
================================================================================
[2026-09-19T14:14:30.798+0000] {manager.py:997} INFO - 
================================================================================
DAG File Processing Stats

File Path                  PID    Runtime      # DAGs    # Errors  Last Runtime    Last Run               Last # of DB Queries
-------------------------  -----  ---------  --------  ----------  --------------  -------------------  ----------------------
/opt/airflow/dags/dags.py                           1           0  0.34s           2026-09-19T14:14:01                      12
================================================================================
[2026-09-19T14:15:01.527+0000] {manager.py:997} INFO - 
================================================================================
DAG File Processing Stats

File Path                  PID    Runtime      # DAGs    # Errors  Last Runtime    Last Run               Last # of DB Queries
-------------------------  -----  ---------  --------  ----------  --------------  -------------------  ----------------------
/opt/airflow/dags/dags.py                           1           0  0.34s           2026-09-19T14:14:43                      12
================================================================================
[2026-09-19T14:15:31.691+0000] {manager.py:997} INFO - 
================================================================================
DAG File Processing Stats

File Path                  PID    Runtime      # DAGs    # Errors  Last Runtime    Last Run               Last # of DB Queries
-------------------------  -----  ---------  --------  ----------  --------------  -------------------  ----------------------
/opt/airflow/dags/dags.py                           1           0  0.32s           2026-09-19T14:15:13                      12
================================================================================
[2026-09-19T14:16:02.176+0000] {manager.py:997} INFO - 
================================================================================
DAG File Processing Stats

File Path                  PID    Runtime      # DAGs    # Errors  Last Runtime    Last Run               Last # of DB Queries
-------------------------  -----  ---------  --------  ----------  --------------  -------------------  ----------------------
/opt/airflow/dags/dags.py                           1           0  0.32s           2026-09-19T14:15:44                      12
================================================================================
[2026-09-19T14:16:32.674+0000] {manager.py:997} INFO - 
================================================================================
DAG File Processing Stats

File Path                  PID    Runtime      # DAGs    # Errors  Last Runtime    Last Run               Last # of DB Queries
-------------------------  -----  ---------  --------  ----------  --------------  -------------------  ----------------------
/opt/airflow/dags/dags.py                           1           0  0.32s           2026-09-19T14:16:14                      12
================================================================================
[2026-09-19T14:17:03.130+0000] {manager.py:997} INFO - 
================================================================================
DAG File Processing Stats

File Path                  PID    Runtime      # DAGs    # Errors  Last Runtime    Last Run               Last # of DB Queries
-------------------------  -----  ---------  --------  ----------  --------------  -------------------  ----------------------
/opt/airflow/dags/dags.py                           1           0  0.31s           2026-09-19T14:16:45                      12
================================================================================
[2026-09-19T14:17:33.591+0000] {manager.py:997} INFO - 
================================================================================
DAG File Processing Stats

File Path                  PID    Runtime      # DAGs    # Errors  Last Runtime    Last Run               Last # of DB Queries
-------------------------  -----  ---------  --------  ----------  --------------  -------------------  ----------------------
/opt/airflow/dags/dags.py                           1           0  0.32s           2026-09-19T14:17:15                      12
================================================================================
[2026-09-19T14:18:04.052+0000] {manager.py:997} INFO - 
================================================================================
DAG File Processing Stats

File Path                  PID    Runtime      # DAGs    # Errors  Last Runtime    Last Run               Last # of DB Queries
-------------------------  -----  ---------  --------  ----------  --------------  -------------------  ----------------------
/opt/airflow/dags/dags.py                           1           0  0.31s           2026-09-19T14:17:46                      12
================================================================================
[2026-09-19T14:18:30.499+0000] {manager.py:821} INFO - Searching for files in /opt/airflow/dags
[2026-09-19T14:18:30.501+0000] {manager.py:824} INFO - There are 1 files in /opt/airflow/dags
[2026-09-19T14:18:34.529+0000] {manager.py:997} INFO - 
================================================================================
DAG File Processing Stats

File Path                  PID    Runtime      # DAGs    # Errors  Last Runtime    Last Run               Last # of DB Queries
-------------------------  -----  ---------  --------  ----------  --------------  -------------------  ----------------------
/opt/airflow/dags/dags.py                           1           0  0.32s           2026-09-19T14:18:16                      12
================================================================================
[2026-09-19T14:19:04.988+0000] {manager.py:997} INFO - 
================================================================================
DAG File Processing Stats

File Path                  PID    Runtime      # DAGs    # Errors  Last Runtime    Last Run               Last # of DB Queries
-------------------------  -----  ---------  --------  ----------  --------------  -------------------  ----------------------
/opt/airflow/dags/dags.py                           1           0  0.33s           2026-09-19T14:18:47                      12
================================================================================
[2026-09-19T14:19:35.455+0000] {manager.py:997} INFO - 
================================================================================
DAG File Processing Stats

File Path                  PID    Runtime      # DAGs    # Errors  Last Runtime    Last Run               Last # of DB Queries
-------------------------  -----  ---------  --------  ----------  --------------  -------------------  ----------------------
/opt/airflow/dags/dags.py                           1           0  0.32s           2026-09-19T14:19:17                      12
================================================================================
[2026-09-19T14:19:41.999+0000] {manager.py:465} INFO - Exiting gracefully upon receiving signal 15
[2026-09-19T14:22:14.465+0000] {manager.py:483} INFO - Processing files using up to 2 processes at a time 
[2026-09-19T14:22:14.466+0000] {manager.py:484} INFO - Process each file at most once every 30 seconds
[2026-09-19T14:22:14.466+0000] {manager.py:485} INFO - Checking for new files in /opt/airflow/dags every 300 seconds
[2026-09-19T14:22:14.466+0000] {manager.py:821} INFO - Searching for files in /opt/airflow/dags
[2026-09-19T14:22:14.467+0000] {manager.py:824} INFO - There are 1 files in /opt/airflow/dags
[2026-09-19T14:22:14.520+0000] {manager.py:997} INFO - 
================================================================================
DAG File Processing Stats

File Path                    PID  Runtime      # DAGs    # Errors  Last Runtime    Last Run      Last # of DB Queries
-------------------------  -----  ---------  --------  ----------  --------------  ----------  ----------------------
/opt/airflow/dags/dags.py     42  0.01s             0           0                                                   0
================================================================================
[2026-09-19T14:22:44.660+0000] {manager.py:997} INFO - 
================================================================================
DAG File Processing Stats

File Path                  PID    Runtime      # DAGs    # Errors  Last Runtime    Last Run               Last # of DB Queries
-------------------------  -----  ---------  --------  ----------  --------------  -------------------  ----------------------
/opt/airflow/dags/dags.py                           1           0  1.07s           2026-09-19T14:22:15                      45
================================================================================
[2026-09-19T14:23:14.818+0000] {manager.py:997} INFO - 
================================================================================
DAG File Processing Stats

File Path                  PID    Runtime      # DAGs    # Errors  Last Runtime    Last Run               Last # of DB Queries
-------------------------  -----  ---------  --------  ----------  --------------  -------------------  ----------------------
/opt/airflow/dags/dags.py                           1           0  0.33s           2026-09-19T14:22:45                      12
================================================================================
[2026-09-19T14:23:45.288+0000] {manager.py:997} INFO - 
================================================================================
DAG File Processing Stats

File Path                  PID    Runtime      # DAGs    # Errors  Last Runtime    Last Run               Last # of DB Queries
-------------------------  -----  ---------  --------  ----------  --------------  -------------------  ----------------------
/opt/airflow/dags/dags.py                           1           0  0.32s           2026-09-19T14:23:16                      12
================================================================================
[2026-09-19T14:24:15.762+0000] {manager.py:997} INFO - 
================================================================================
DAG File Processing Stats

File Path                  PID    Runtime      # DAGs    # Errors  Last Runtime    Last Run               Last # of DB Queries
-------------------------  -----  ---------  --------  ----------  --------------  -------------------  ----------------------
/opt/airflow/dags/dags.py                           1           0  0.31s           2026-09-19T14:23:46                      12
================================================================================
[2026-09-19T14:24:46.226+0000] {manager.py:997} INFO - 
================================================================================
DAG File Processing Stats

File Path                  PID    Runtime      # DAGs    # Errors  Last Runtime    Last Run               Last # of DB Queries
-------------------------  -----  ---------  --------  ----------  --------------  -------------------  ----------------------
/opt/airflow/dags/dags.py                           1           0  0.32s           2026-09-19T14:24:17                      12
================================================================================
[2026-09-19T14:25:16.700+0000] {manager.py:997} INFO - 
================================================================================
DAG File Processing Stats

File Path                  PID    Runtime      # DAGs    # Errors  Last Runtime    Last Run               Last # of DB Queries
-------------------------  -----  ---------  --------  ----------  --------------  -------------------  ----------------------
/opt/airflow/dags/dags.py                           1           0  0.35s           2026-09-19T14:24:47                      12
================================================================================
[2026-09-19T14:25:47.178+0000] {manager.py:997} INFO - 
================================================================================
DAG File Processing Stats

File Path                  PID    Runtime      # DAGs    # Errors  Last Runtime    Last Run               Last # of DB Queries
-------------------------  -----  ---------  --------  ----------  --------------  -------------------  ----------------------
/opt/airflow/dags/dags.py                           1           0  0.30s           2026-09-19T14:25:18                      12
================================================================================
[2026-09-19T14:26:17.591+0000] {manager.py:997} INFO - 
================================================================================
DAG File Processing Stats

File Path                  PID    Runtime      # DAGs    # Errors  Last Runtime    Last Run               Last # of DB Queries
-------------------------  -----  ---------  --------  ----------  --------------  -------------------  ----------------------
/opt/airflow/dags/dags.py                           1           0  0.32s           2026-09-19T14:25:48                      12
================================================================================
[2026-09-19T14:26:48.097+0000] {manager.py:997} INFO - 
================================================================================
DAG File Processing Stats

File Path                  PID    Runtime      # DAGs    # Errors  Last Runtime    Last Run               Last # of DB Queries
-------------------------  -----  ---------  --------  ----------  --------------  -------------------  ----------------------
/opt/airflow/dags/dags.py                           1           0  0.31s           2026-09-19T14:26:19                      12
================================================================================
[2026-09-19T14:27:14.539+0000] {manager.py:821} INFO - Searching for files in /opt/airflow/dags
[2026-09-19T14:27:14.541+0000] {manager.py:824} INFO - There are 1 files in /opt/airflow/dags
[2026-09-19T14:27:18.572+0000] {manager.py:997} INFO - 
================================================================================
DAG File Processing Stats

File Path                  PID    Runtime      # DAGs    # Errors  Last Runtime    Last Run               Last # of DB Queries
-------------------------  -----  ---------  --------  ----------  --------------  -------------------  ----------------------
/opt/airflow/dags/dags.py                           1           0  0.31s           2026-09-19T14:26:49                      12
================================================================================
[2026-09-19T14:27:49.011+0000] {manager.py:997} INFO - 
================================================================================
DAG File Processing Stats

File Path                  PID    Runtime      # DAGs    # Errors  Last Runtime    Last Run               Last # of DB Queries
-------------------------  -----  ---------  --------  ----------  --------------  -------------------  ----------------------
/opt/airflow/dags/dags.py                           1           0  0.31s           2026-09-19T14:27:20                      12
================================================================================
[2026-09-19T14:28:19.499+0000] {manager.py:997} INFO - 
================================================================================
DAG File Processing Stats

File Path                  PID    Runtime      # DAGs    # Errors  Last Runtime    Last Run               Last # of DB Queries
-------------------------  -----  ---------  --------  ----------  --------------  -------------------  ----------------------
/opt/airflow/dags/dags.py                           1           0  0.33s           2026-09-19T14:27:50                      12
================================================================================
[2026-09-19T14:28:49.976+0000] {manager.py:997} INFO - 
================================================================================
DAG File Processing Stats

File Path                  PID    Runtime      # DAGs    # Errors  Last Runtime    Last Run               Last # of DB Queries
-------------------------  -----  ---------  --------  ----------  --------------  -------------------  ----------------------
/opt/airflow/dags/dags.py                           1           0  0.31s           2026-09-19T14:28:21                      12
================================================================================
[2026-09-19T14:29:20.439+0000] {manager.py:997} INFO - 
================================================================================
DAG File Processing Stats

File Path                  PID    Runtime      # DAGs    # Errors  Last Runtime    Last Run               Last # of DB Queries
-------------------------  -----  ---------  --------  ----------  --------------  -------------------  ----------------------
/opt/airflow/dags/dags.py                           1           0  0.34s           2026-09-19T14:28:51                      12
================================================================================
[2026-09-19T14:29:50.896+0000] {manager.py:997} INFO - 
================================================================================
DAG File Processing Stats

File Path                  PID    Runtime      # DAGs    # Errors  Last Runtime    Last Run               Last # of DB Queries
-------------------------  -----  ---------  --------  ----------  --------------  -------------------  ----------------------
/opt/airflow/dags/dags.py                           1           0  0.33s           2026-09-19T14:29:22                      12
================================================================================
[2026-09-19T14:30:21.438+0000] {manager.py:997} INFO - 
================================================================================
DAG File Processing Stats

File Path                  PID    Runtime      # DAGs    # Errors  Last Runtime    Last Run               Last # of DB Queries
-------------------------  -----  ---------  --------  ----------  --------------  -------------------  ----------------------
/opt/airflow/dags/dags.py                           1           0  0.31s           2026-09-19T14:29:52                      12
================================================================================
[2026-09-19T14:30:51.897+0000] {manager.py:997} INFO - 
================================================================================
DAG File Processing Stats

File Path                  PID    Runtime      # DAGs    # Errors  Last Runtime    Last Run               Last # of DB Queries
-------------------------  -----  ---------  --------  ----------  --------------  -------------------  ----------------------
/opt/airflow/dags/dags.py                           1           0  0.31s           2026-09-19T14:30:23                      12
================================================================================
[2026-09-19T14:31:22.381+0000] {manager.py:997} INFO - 
================================================================================
DAG File Processing Stats

File Path                  PID    Runtime      # DAGs    # Errors  Last Runtime    Last Run               Last # of DB Queries
-------------------------  -----  ---------  --------  ----------  --------------  -------------------  ----------------------
/opt/airflow/dags/dags.py                           1           0  0.30s           2026-09-19T14:30:53                      12
================================================================================
[2026-09-19T14:31:52.844+0000] {manager.py:997} INFO - 
================================================================================
DAG File Processing Stats

File Path                  PID    Runtime      # DAGs    # Errors  Last Runtime    Last Run               Last # of DB Queries
-------------------------  -----  ---------  --------  ----------  --------------  -------------------  ----------------------
/opt/airflow/dags/dags.py                           1           0  0.33s           2026-09-19T14:31:24                      12
================================================================================
[2026-09-19T14:32:14.575+0000] {manager.py:821} INFO - Searching for files in /opt/airflow/dags
[2026-09-19T14:32:14.576+0000] {manager.py:824} INFO - There are 1 files in /opt/airflow/dags
[2026-09-19T14:32:23.324+0000] {manager.py:997} INFO - 
================================================================================
DAG File Processing Stats

File Path                  PID    Runtime      # DAGs    # Errors  Last Runtime    Last Run               Last # of DB Queries
-------------------------  -----  ---------  --------  ----------  --------------  -------------------  ----------------------
/opt/airflow/dags/dags.py                           1           0  0.31s           2026-09-19T14:31:54                      12
================================================================================
[2026-09-19T14:32:53.805+0000] {manager.py:997} INFO - 
================================================================================
DAG File Processing Stats

File Path                  PID    Runtime      # DAGs    # Errors  Last Runtime    Last Run               Last # of DB Queries
-------------------------  -----  ---------  --------  ----------  --------------  -------------------  ----------------------
/opt/airflow/dags/dags.py                           1           0  0.29s           2026-09-19T14:32:24                      12
================================================================================
[2026-09-19T14:33:24.236+0000] {manager.py:997} INFO - 
================================================================================
DAG File Processing Stats

File Path                  PID    Runtime      # DAGs    # Errors  Last Runtime    Last Run               Last # of DB Queries
-------------------------  -----  ---------  --------  ----------  --------------  -------------------  ----------------------
/opt/airflow/dags/dags.py                           1           0  0.32s           2026-09-19T14:32:55                      12
================================================================================
[2026-09-19T14:33:54.748+0000] {manager.py:997} INFO - 
================================================================================
DAG File Processing Stats

File Path                  PID    Runtime      # DAGs    # Errors  Last Runtime    Last Run               Last # of DB Queries
-------------------------  -----  ---------  --------  ----------  --------------  -------------------  ----------------------
/opt/airflow/dags/dags.py                           1           0  0.31s           2026-09-19T14:33:25                      12
================================================================================
[2026-09-19T14:34:25.176+0000] {manager.py:997} INFO - 
================================================================================
DAG File Processing Stats

File Path                  PID    Runtime      # DAGs    # Errors  Last Runtime    Last Run               Last # of DB Queries
-------------------------  -----  ---------  --------  ----------  --------------  -------------------  ----------------------
/opt/airflow/dags/dags.py                           1           0  0.32s           2026-09-19T14:33:56                      12
================================================================================
[2026-09-19T14:34:55.631+0000] {manager.py:997} INFO - 
================================================================================
DAG File Processing Stats

File Path                  PID    Runtime      # DAGs    # Errors  Last Runtime    Last Run               Last # of DB Queries
-------------------------  -----  ---------  --------  ----------  --------------  -------------------  ----------------------
/opt/airflow/dags/dags.py                           1           0  0.33s           2026-09-19T14:34:26                      12
================================================================================
[2026-09-19T14:35:26.121+0000] {manager.py:997} INFO - 
================================================================================
DAG File Processing Stats

File Path                  PID    Runtime      # DAGs    # Errors  Last Runtime    Last Run               Last # of DB Queries
-------------------------  -----  ---------  --------  ----------  --------------  -------------------  ----------------------
/opt/airflow/dags/dags.py                           1           0  0.30s           2026-09-19T14:34:57                      12
================================================================================
[2026-09-19T14:35:56.650+0000] {manager.py:997} INFO - 
================================================================================
DAG File Processing Stats

File Path                  PID    Runtime      # DAGs    # Errors  Last Runtime    Last Run               Last # of DB Queries
-------------------------  -----  ---------  --------  ----------  --------------  -------------------  ----------------------
/opt/airflow/dags/dags.py                           1           0  0.29s           2026-09-19T14:35:27                      12
================================================================================
[2026-09-19T14:36:27.126+0000] {manager.py:997} INFO - 
================================================================================
DAG File Processing Stats

File Path                  PID    Runtime      # DAGs    # Errors  Last Runtime    Last Run               Last # of DB Queries
-------------------------  -----  ---------  --------  ----------  --------------  -------------------  ----------------------
/opt/airflow/dags/dags.py                           1           0  0.29s           2026-09-19T14:35:58                      12
================================================================================
[2026-09-19T14:36:57.546+0000] {manager.py:997} INFO - 
================================================================================
DAG File Processing Stats

File Path                  PID    Runtime      # DAGs    # Errors  Last Runtime    Last Run               Last # of DB Queries
-------------------------  -----  ---------  --------  ----------  --------------  -------------------  ----------------------
/opt/airflow/dags/dags.py                           1           0  0.30s           2026-09-19T14:36:28                      12
================================================================================
[2026-09-19T14:37:14.952+0000] {manager.py:821} INFO - Searching for files in /opt/airflow/dags
[2026-09-19T14:37:14.953+0000] {manager.py:824} INFO - There are 1 files in /opt/airflow/dags
[2026-09-19T14:37:28.051+0000] {manager.py:997} INFO - 
================================================================================
DAG File Processing Stats

File Path                  PID    Runtime      # DAGs    # Errors  Last Runtime    Last Run               Last # of DB Queries
-------------------------  -----  ---------  --------  ----------  --------------  -------------------  ----------------------
/opt/airflow/dags/dags.py                           1           0  0.29s           2026-09-19T14:36:59                      12
================================================================================
[2026-09-19T14:37:58.499+0000] {manager.py:997} INFO - 
================================================================================
DAG File Processing Stats

File Path                  PID    Runtime      # DAGs    # Errors  Last Runtime    Last Run               Last # of DB Queries
-------------------------  -----  ---------  --------  ----------  --------------  -------------------  ----------------------
/opt/airflow/dags/dags.py                           1           0  0.32s           2026-09-19T14:37:29                      12
================================================================================
[2026-09-19T14:38:28.974+0000] {manager.py:997} INFO - 
================================================================================
DAG File Processing Stats

File Path                  PID    Runtime      # DAGs    # Errors  Last Runtime    Last Run               Last # of DB Queries
-------------------------  -----  ---------  --------  ----------  --------------  -------------------  ----------------------
/opt/airflow/dags/dags.py                           1           0  0.29s           2026-09-19T14:38:00                      12
================================================================================
[2026-09-19T14:38:59.462+0000] {manager.py:997} INFO - 
================================================================================
DAG File Processing Stats

File Path                  PID    Runtime      # DAGs    # Errors  Last Runtime    Last Run               Last # of DB Queries
-------------------------  -----  ---------  --------  ----------  --------------  -------------------  ----------------------
/opt/airflow/dags/dags.py                           1           0  0.31s           2026-09-19T14:38:30                      12
================================================================================
[2026-09-19T14:39:29.970+0000] {manager.py:997} INFO - 
================================================================================
DAG File Processing Stats

File Path                  PID    Runtime      # DAGs    # Errors  Last Runtime    Last Run               Last # of DB Queries
-------------------------  -----  ---------  --------  ----------  --------------  -------------------  ----------------------
/opt/airflow/dags/dags.py                           1           0  0.30s           2026-09-19T14:39:01                      12
================================================================================
[2026-09-19T14:40:00.457+0000] {manager.py:997} INFO - 
================================================================================
DAG File Processing Stats

File Path                  PID    Runtime      # DAGs    # Errors  Last Runtime    Last Run               Last # of DB Queries
-------------------------  -----  ---------  --------  ----------  --------------  -------------------  ----------------------
/opt/airflow/dags/dags.py                           1           0  0.34s           2026-09-19T14:39:31                      12
================================================================================
[2026-09-19T14:40:30.991+0000] {manager.py:997} INFO - 
================================================================================
DAG File Processing Stats

File Path                  PID    Runtime      # DAGs    # Errors  Last Runtime    Last Run               Last # of DB Queries
-------------------------  -----  ---------  --------  ----------  --------------  -------------------  ----------------------
/opt/airflow/dags/dags.py                           1           0  0.30s           2026-09-19T14:40:02                      12
================================================================================
[2026-09-19T14:41:01.481+0000] {manager.py:997} INFO - 
================================================================================
DAG File Processing Stats

File Path                  PID    Runtime      # DAGs    # Errors  Last Runtime    Last Run               Last # of DB Queries
-------------------------  -----  ---------  --------  ----------  --------------  -------------------  ----------------------
/opt/airflow/dags/dags.py                           1           0  0.30s           2026-09-19T14:40:32                      12
================================================================================
[2026-09-19T14:41:31.927+0000] {manager.py:997} INFO - 
================================================================================
DAG File Processing Stats

File Path                  PID    Runtime      # DAGs    # Errors  Last Runtime    Last Run               Last # of DB Queries
-------------------------  -----  ---------  --------  ----------  --------------  -------------------  ----------------------
/opt/airflow/dags/dags.py                           1           0  0.30s           2026-09-19T14:41:03                      12
================================================================================
[2026-09-19T14:42:02.420+0000] {manager.py:997} INFO - 
================================================================================
DAG File Processing Stats

File Path                  PID    Runtime      # DAGs    # Errors  Last Runtime    Last Run               Last # of DB Queries
-------------------------  -----  ---------  --------  ----------  --------------  -------------------  ----------------------
/opt/airflow/dags/dags.py                           1           0  0.30s           2026-09-19T14:41:33                      12
================================================================================
[2026-09-19T14:42:15.061+0000] {manager.py:821} INFO - Searching for files in /opt/airflow/dags
[2026-09-19T14:42:15.062+0000] {manager.py:824} INFO - There are 1 files in /opt/airflow/dags
[2026-09-19T14:42:32.869+0000] {manager.py:997} INFO - 
================================================================================
DAG File Processing Stats

File Path                  PID    Runtime      # DAGs    # Errors  Last Runtime    Last Run               Last # of DB Queries
-------------------------  -----  ---------  --------  ----------  --------------  -------------------  ----------------------
/opt/airflow/dags/dags.py                           1           0  0.30s           2026-09-19T14:42:03                      12
================================================================================
[2026-09-19T14:43:03.386+0000] {manager.py:997} INFO - 
================================================================================
DAG File Processing Stats

File Path                  PID    Runtime      # DAGs    # Errors  Last Runtime    Last Run               Last # of DB Queries
-------------------------  -----  ---------  --------  ----------  --------------  -------------------  ----------------------
/opt/airflow/dags/dags.py                           1           0  0.29s           2026-09-19T14:42:34                      12
================================================================================
[2026-09-19T14:43:33.837+0000] {manager.py:997} INFO - 
================================================================================
DAG File Processing Stats

File Path                  PID    Runtime      # DAGs    # Errors  Last Runtime    Last Run               Last # of DB Queries
-------------------------  -----  ---------  --------  ----------  --------------  -------------------  ----------------------
/opt/airflow/dags/dags.py                           1           0  0.30s           2026-09-19T14:43:04                      12
================================================================================
[2026-09-19T14:44:04.342+0000] {manager.py:997} INFO - 
================================================================================
DAG File Processing Stats

File Path                  PID    Runtime      # DAGs    # Errors  Last Runtime    Last Run               Last # of DB Queries
-------------------------  -----  ---------  --------  ----------  --------------  -------------------  ----------------------
/opt/airflow/dags/dags.py                           1           0  0.29s           2026-09-19T14:43:35                      12
================================================================================
[2026-09-19T14:44:34.790+0000] {manager.py:997} INFO - 
================================================================================
DAG File Processing Stats

File Path                  PID    Runtime      # DAGs    # Errors  Last Runtime    Last Run               Last # of DB Queries
-------------------------  -----  ---------  --------  ----------  --------------  -------------------  ----------------------
/opt/airflow/dags/dags.py                           1           0  0.30s           2026-09-19T14:44:05                      12
================================================================================
[2026-09-19T14:45:05.294+0000] {manager.py:997} INFO - 
================================================================================
DAG File Processing Stats

File Path                  PID    Runtime      # DAGs    # Errors  Last Runtime    Last Run               Last # of DB Queries
-------------------------  -----  ---------  --------  ----------  --------------  -------------------  ----------------------
/opt/airflow/dags/dags.py                           1           0  0.30s           2026-09-19T14:44:36                      12
================================================================================
[2026-09-19T14:45:35.792+0000] {manager.py:997} INFO - 
================================================================================
DAG File Processing Stats

File Path                  PID    Runtime      # DAGs    # Errors  Last Runtime    Last Run               Last # of DB Queries
-------------------------  -----  ---------  --------  ----------  --------------  -------------------  ----------------------
/opt/airflow/dags/dags.py                           1           0  0.29s           2026-09-19T14:45:06                      12
================================================================================
[2026-09-19T14:46:06.235+0000] {manager.py:997} INFO - 
================================================================================
DAG File Processing Stats

File Path                  PID    Runtime      # DAGs    # Errors  Last Runtime    Last Run               Last # of DB Queries
-------------------------  -----  ---------  --------  ----------  --------------  -------------------  ----------------------
/opt/airflow/dags/dags.py                           1           0  0.30s           2026-09-19T14:45:37                      12
================================================================================
[2026-09-19T14:46:36.714+0000] {manager.py:997} INFO - 
================================================================================
DAG File Processing Stats

File Path                  PID    Runtime      # DAGs    # Errors  Last Runtime    Last Run               Last # of DB Queries
-------------------------  -----  ---------  --------  ----------  --------------  -------------------  ----------------------
/opt/airflow/dags/dags.py                           1           0  0.30s           2026-09-19T14:46:07                      12
================================================================================
[2026-09-19T14:47:07.162+0000] {manager.py:997} INFO - 
================================================================================
DAG File Processing Stats

File Path                  PID    Runtime      # DAGs    # Errors  Last Runtime    Last Run               Last # of DB Queries
-------------------------  -----  ---------  --------  ----------  --------------  -------------------  ----------------------
/opt/airflow/dags/dags.py                           1           0  0.30s           2026-09-19T14:46:38                      12
================================================================================
[2026-09-19T14:47:15.539+0000] {manager.py:821} INFO - Searching for files in /opt/airflow/dags
[2026-09-19T14:47:15.541+0000] {manager.py:824} INFO - There are 1 files in /opt/airflow/dags
[2026-09-19T14:47:37.692+0000] {manager.py:997} INFO - 
================================================================================
DAG File Processing Stats

File Path                  PID    Runtime      # DAGs    # Errors  Last Runtime    Last Run               Last # of DB Queries
-------------------------  -----  ---------  --------  ----------  --------------  -------------------  ----------------------
/opt/airflow/dags/dags.py                           1           0  0.30s           2026-09-19T14:47:08                      12
================================================================================
[2026-09-19T14:48:08.187+0000] {manager.py:997} INFO - 
================================================================================
DAG File Processing Stats

File Path                  PID    Runtime      # DAGs    # Errors  Last Runtime    Last Run               Last # of DB Queries
-------------------------  -----  ---------  --------  ----------  --------------  -------------------  ----------------------
/opt/airflow/dags/dags.py                           1           0  0.29s           2026-09-19T14:47:39                      12
================================================================================
[2026-09-19T14:48:38.640+0000] {manager.py:997} INFO - 
================================================================================
DAG File Processing Stats

File Path                  PID    Runtime      # DAGs    # Errors  Last Runtime    Last Run               Last # of DB Queries
-------------------------  -----  ---------  --------  ----------  --------------  -------------------  ----------------------
/opt/airflow/dags/dags.py                           1           0  0.30s           2026-09-19T14:48:09                      12
================================================================================
[2026-09-19T14:49:09.088+0000] {manager.py:997} INFO - 
================================================================================
DAG File Processing Stats

File Path                  PID    Runtime      # DAGs    # Errors  Last Runtime    Last Run               Last # of DB Queries
-------------------------  -----  ---------  --------  ----------  --------------  -------------------  ----------------------
/opt/airflow/dags/dags.py                           1           0  0.30s           2026-09-19T14:48:40                      12
================================================================================
[2026-09-19T14:49:39.554+0000] {manager.py:997} INFO - 
================================================================================
DAG File Processing Stats

File Path                  PID    Runtime      # DAGs    # Errors  Last Runtime    Last Run               Last # of DB Queries
-------------------------  -----  ---------  --------  ----------  --------------  -------------------  ----------------------
/opt/airflow/dags/dags.py                           1           0  0.31s           2026-09-19T14:49:10                      12
================================================================================
[2026-09-19T16:52:00.892+0000] {manager.py:821} INFO - Searching for files in /opt/airflow/dags
[2026-09-19T16:52:00.893+0000] {manager.py:824} INFO - There are 1 files in /opt/airflow/dags
[2026-09-19T16:52:06.940+0000] {manager.py:997} INFO - 
================================================================================
DAG File Processing Stats

File Path                  PID    Runtime      # DAGs    # Errors  Last Runtime    Last Run               Last # of DB Queries
-------------------------  -----  ---------  --------  ----------  --------------  -------------------  ----------------------
/opt/airflow/dags/dags.py                           1           0  0.38s           2026-09-19T16:52:01                      12
================================================================================
[2026-09-19T16:52:37.441+0000] {manager.py:997} INFO - 
================================================================================
DAG File Processing Stats

File Path                  PID    Runtime      # DAGs    # Errors  Last Runtime    Last Run               Last # of DB Queries
-------------------------  -----  ---------  --------  ----------  --------------  -------------------  ----------------------
/opt/airflow/dags/dags.py                           1           0  0.29s           2026-09-19T16:52:31                      12
================================================================================
[2026-09-19T16:53:07.919+0000] {manager.py:997} INFO - 
================================================================================
DAG File Processing Stats

File Path                  PID    Runtime      # DAGs    # Errors  Last Runtime    Last Run               Last # of DB Queries
-------------------------  -----  ---------  --------  ----------  --------------  -------------------  ----------------------
/opt/airflow/dags/dags.py                           1           0  0.30s           2026-09-19T16:53:02                      12
================================================================================
[2026-09-19T16:53:38.367+0000] {manager.py:997} INFO - 
================================================================================
DAG File Processing Stats

File Path                  PID    Runtime      # DAGs    # Errors  Last Runtime    Last Run               Last # of DB Queries
-------------------------  -----  ---------  --------  ----------  --------------  -------------------  ----------------------
/opt/airflow/dags/dags.py                           1           0  0.30s           2026-09-19T16:53:32                      12
================================================================================
[2026-09-19T16:54:08.785+0000] {manager.py:997} INFO - 
================================================================================
DAG File Processing Stats

File Path                  PID    Runtime      # DAGs    # Errors  Last Runtime    Last Run               Last # of DB Queries
-------------------------  -----  ---------  --------  ----------  --------------  -------------------  ----------------------
/opt/airflow/dags/dags.py                           1           0  0.32s           2026-09-19T16:54:03                      12
================================================================================
[2026-09-19T16:54:39.239+0000] {manager.py:997} INFO - 
================================================================================
DAG File Processing Stats

File Path                  PID    Runtime      # DAGs    # Errors  Last Runtime    Last Run               Last # of DB Queries
-------------------------  -----  ---------  --------  ----------  --------------  -------------------  ----------------------
/opt/airflow/dags/dags.py                           1           0  0.32s           2026-09-19T16:54:33                      12
================================================================================
[2026-09-19T16:55:09.691+0000] {manager.py:997} INFO - 
================================================================================
DAG File Processing Stats

File Path                  PID    Runtime      # DAGs    # Errors  Last Runtime    Last Run               Last # of DB Queries
-------------------------  -----  ---------  --------  ----------  --------------  -------------------  ----------------------
/opt/airflow/dags/dags.py                           1           0  0.30s           2026-09-19T16:55:03                      12
================================================================================
[2026-09-19T16:55:40.143+0000] {manager.py:997} INFO - 
================================================================================
DAG File Processing Stats

File Path                  PID    Runtime      # DAGs    # Errors  Last Runtime    Last Run               Last # of DB Queries
-------------------------  -----  ---------  --------  ----------  --------------  -------------------  ----------------------
/opt/airflow/dags/dags.py                           1           0  0.32s           2026-09-19T16:55:34                      12
================================================================================
[2026-09-19T16:56:10.613+0000] {manager.py:997} INFO - 
================================================================================
DAG File Processing Stats

File Path                  PID    Runtime      # DAGs    # Errors  Last Runtime    Last Run               Last # of DB Queries
-------------------------  -----  ---------  --------  ----------  --------------  -------------------  ----------------------
/opt/airflow/dags/dags.py                           1           0  0.29s           2026-09-19T16:56:04                      12
================================================================================
[2026-09-19T16:56:41.068+0000] {manager.py:997} INFO - 
================================================================================
DAG File Processing Stats

File Path                  PID    Runtime      # DAGs    # Errors  Last Runtime    Last Run               Last # of DB Queries
-------------------------  -----  ---------  --------  ----------  --------------  -------------------  ----------------------
/opt/airflow/dags/dags.py                           1           0  0.30s           2026-09-19T16:56:35                      12
================================================================================
[2026-09-19T16:57:01.182+0000] {manager.py:821} INFO - Searching for files in /opt/airflow/dags
[2026-09-19T16:57:01.184+0000] {manager.py:824} INFO - There are 1 files in /opt/airflow/dags
[2026-09-19T16:57:11.507+0000] {manager.py:997} INFO - 
================================================================================
DAG File Processing Stats

File Path                  PID    Runtime      # DAGs    # Errors  Last Runtime    Last Run               Last # of DB Queries
-------------------------  -----  ---------  --------  ----------  --------------  -------------------  ----------------------
/opt/airflow/dags/dags.py                           1           0  0.29s           2026-09-19T16:57:05                      12
================================================================================
[2026-09-19T16:57:41.947+0000] {manager.py:997} INFO - 
================================================================================
DAG File Processing Stats

File Path                  PID    Runtime      # DAGs    # Errors  Last Runtime    Last Run               Last # of DB Queries
-------------------------  -----  ---------  --------  ----------  --------------  -------------------  ----------------------
/opt/airflow/dags/dags.py                           1           0  0.30s           2026-09-19T16:57:36                      12
================================================================================
[2026-09-19T16:58:12.401+0000] {manager.py:997} INFO - 
================================================================================
DAG File Processing Stats

File Path                  PID    Runtime      # DAGs    # Errors  Last Runtime    Last Run               Last # of DB Queries
-------------------------  -----  ---------  --------  ----------  --------------  -------------------  ----------------------
/opt/airflow/dags/dags.py                           1           0  0.31s           2026-09-19T16:58:06                      12
================================================================================
[2026-09-19T16:58:42.902+0000] {manager.py:997} INFO - 
================================================================================
DAG File Processing Stats

File Path                  PID    Runtime      # DAGs    # Errors  Last Runtime    Last Run               Last # of DB Queries
-------------------------  -----  ---------  --------  ----------  --------------  -------------------  ----------------------
/opt/airflow/dags/dags.py                           1           0  0.30s           2026-09-19T16:58:37                      12
================================================================================
[2026-09-19T16:59:13.347+0000] {manager.py:997} INFO - 
================================================================================
DAG File Processing Stats

File Path                  PID    Runtime      # DAGs    # Errors  Last Runtime    Last Run               Last # of DB Queries
-------------------------  -----  ---------  --------  ----------  --------------  -------------------  ----------------------
/opt/airflow/dags/dags.py                           1           0  0.30s           2026-09-19T16:59:07                      12
================================================================================
[2026-09-19T16:59:43.781+0000] {manager.py:997} INFO - 
================================================================================
DAG File Processing Stats

File Path                  PID    Runtime      # DAGs    # Errors  Last Runtime    Last Run               Last # of DB Queries
-------------------------  -----  ---------  --------  ----------  --------------  -------------------  ----------------------
/opt/airflow/dags/dags.py                           1           0  0.31s           2026-09-19T16:59:38                      12
================================================================================
[2026-09-19T17:00:14.288+0000] {manager.py:997} INFO - 
================================================================================
DAG File Processing Stats

File Path                  PID    Runtime      # DAGs    # Errors  Last Runtime    Last Run               Last # of DB Queries
-------------------------  -----  ---------  --------  ----------  --------------  -------------------  ----------------------
/opt/airflow/dags/dags.py                           1           0  0.30s           2026-09-19T17:00:08                      12
================================================================================
[2026-09-19T17:00:44.744+0000] {manager.py:997} INFO - 
================================================================================
DAG File Processing Stats

File Path                  PID    Runtime      # DAGs    # Errors  Last Runtime    Last Run               Last # of DB Queries
-------------------------  -----  ---------  --------  ----------  --------------  -------------------  ----------------------
/opt/airflow/dags/dags.py                           1           0  0.32s           2026-09-19T17:00:39                      12
================================================================================
[2026-09-19T17:01:15.206+0000] {manager.py:997} INFO - 
================================================================================
DAG File Processing Stats

File Path                  PID    Runtime      # DAGs    # Errors  Last Runtime    Last Run               Last # of DB Queries
-------------------------  -----  ---------  --------  ----------  --------------  -------------------  ----------------------
/opt/airflow/dags/dags.py                           1           0  0.32s           2026-09-19T17:01:09                      12
================================================================================
[2026-09-19T17:01:45.643+0000] {manager.py:997} INFO - 
================================================================================
DAG File Processing Stats

File Path                  PID    Runtime      # DAGs    # Errors  Last Runtime    Last Run               Last # of DB Queries
-------------------------  -----  ---------  --------  ----------  --------------  -------------------  ----------------------
/opt/airflow/dags/dags.py                           1           0  0.34s           2026-09-19T17:01:39                      12
================================================================================
[2026-09-19T17:02:01.704+0000] {manager.py:821} INFO - Searching for files in /opt/airflow/dags
[2026-09-19T17:02:01.704+0000] {manager.py:824} INFO - There are 1 files in /opt/airflow/dags
[2026-09-19T17:02:16.104+0000] {manager.py:997} INFO - 
================================================================================
DAG File Processing Stats

File Path                  PID    Runtime      # DAGs    # Errors  Last Runtime    Last Run               Last # of DB Queries
-------------------------  -----  ---------  --------  ----------  --------------  -------------------  ----------------------
/opt/airflow/dags/dags.py                           1           0  0.31s           2026-09-19T17:02:10                      12
================================================================================
[2026-09-19T17:02:46.568+0000] {manager.py:997} INFO - 
================================================================================
DAG File Processing Stats

File Path                  PID    Runtime      # DAGs    # Errors  Last Runtime    Last Run               Last # of DB Queries
-------------------------  -----  ---------  --------  ----------  --------------  -------------------  ----------------------
/opt/airflow/dags/dags.py                           1           0  0.31s           2026-09-19T17:02:40                      12
================================================================================
[2026-09-19T17:03:16.991+0000] {manager.py:997} INFO - 
================================================================================
DAG File Processing Stats

File Path                  PID    Runtime      # DAGs    # Errors  Last Runtime    Last Run               Last # of DB Queries
-------------------------  -----  ---------  --------  ----------  --------------  -------------------  ----------------------
/opt/airflow/dags/dags.py                           1           0  0.31s           2026-09-19T17:03:11                      12
================================================================================
[2026-09-19T17:03:47.442+0000] {manager.py:997} INFO - 
================================================================================
DAG File Processing Stats

File Path                  PID    Runtime      # DAGs    # Errors  Last Runtime    Last Run               Last # of DB Queries
-------------------------  -----  ---------  --------  ----------  --------------  -------------------  ----------------------
/opt/airflow/dags/dags.py                           1           0  0.31s           2026-09-19T17:03:41                      12
================================================================================
[2026-09-19T17:04:17.901+0000] {manager.py:997} INFO - 
================================================================================
DAG File Processing Stats

File Path                  PID    Runtime      # DAGs    # Errors  Last Runtime    Last Run               Last # of DB Queries
-------------------------  -----  ---------  --------  ----------  --------------  -------------------  ----------------------
/opt/airflow/dags/dags.py                           1           0  0.30s           2026-09-19T17:04:12                      12
================================================================================
[2026-09-19T17:04:48.326+0000] {manager.py:997} INFO - 
================================================================================
DAG File Processing Stats

File Path                  PID    Runtime      # DAGs    # Errors  Last Runtime    Last Run               Last # of DB Queries
-------------------------  -----  ---------  --------  ----------  --------------  -------------------  ----------------------
/opt/airflow/dags/dags.py                           1           0  0.32s           2026-09-19T17:04:42                      12
================================================================================
[2026-09-19T17:05:18.803+0000] {manager.py:997} INFO - 
================================================================================
DAG File Processing Stats

File Path                  PID    Runtime      # DAGs    # Errors  Last Runtime    Last Run               Last # of DB Queries
-------------------------  -----  ---------  --------  ----------  --------------  -------------------  ----------------------
/opt/airflow/dags/dags.py                           1           0  0.31s           2026-09-19T17:05:13                      12
================================================================================
[2026-09-19T17:05:49.264+0000] {manager.py:997} INFO - 
================================================================================
DAG File Processing Stats

File Path                  PID    Runtime      # DAGs    # Errors  Last Runtime    Last Run               Last # of DB Queries
-------------------------  -----  ---------  --------  ----------  --------------  -------------------  ----------------------
/opt/airflow/dags/dags.py                           1           0  0.31s           2026-09-19T17:05:43                      12
================================================================================
[2026-09-19T17:06:19.725+0000] {manager.py:997} INFO - 
================================================================================
DAG File Processing Stats

File Path                  PID    Runtime      # DAGs    # Errors  Last Runtime    Last Run               Last # of DB Queries
-------------------------  -----  ---------  --------  ----------  --------------  -------------------  ----------------------
/opt/airflow/dags/dags.py                           1           0  0.32s           2026-09-19T17:06:14                      12
================================================================================
[2026-09-19T17:06:50.195+0000] {manager.py:997} INFO - 
================================================================================
DAG File Processing Stats

File Path                  PID    Runtime      # DAGs    # Errors  Last Runtime    Last Run               Last # of DB Queries
-------------------------  -----  ---------  --------  ----------  --------------  -------------------  ----------------------
/opt/airflow/dags/dags.py                           1           0  0.30s           2026-09-19T17:06:44                      12
================================================================================
[2026-09-19T17:07:02.268+0000] {manager.py:821} INFO - Searching for files in /opt/airflow/dags
[2026-09-19T17:07:02.269+0000] {manager.py:824} INFO - There are 1 files in /opt/airflow/dags
[2026-09-19T17:07:20.665+0000] {manager.py:997} INFO - 
================================================================================
DAG File Processing Stats

File Path                  PID    Runtime      # DAGs    # Errors  Last Runtime    Last Run               Last # of DB Queries
-------------------------  -----  ---------  --------  ----------  --------------  -------------------  ----------------------
/opt/airflow/dags/dags.py                           1           0  0.31s           2026-09-19T17:07:14                      12
================================================================================
[2026-09-19T17:07:51.116+0000] {manager.py:997} INFO - 
================================================================================
DAG File Processing Stats

File Path                  PID    Runtime      # DAGs    # Errors  Last Runtime    Last Run               Last # of DB Queries
-------------------------  -----  ---------  --------  ----------  --------------  -------------------  ----------------------
/opt/airflow/dags/dags.py                           1           0  0.33s           2026-09-19T17:07:45                      12
================================================================================
[2026-09-19T17:08:21.284+0000] {manager.py:997} INFO - 
================================================================================
DAG File Processing Stats

File Path                  PID    Runtime      # DAGs    # Errors  Last Runtime    Last Run               Last # of DB Queries
-------------------------  -----  ---------  --------  ----------  --------------  -------------------  ----------------------
/opt/airflow/dags/dags.py                           1           0  0.31s           2026-09-19T17:08:10                      12
================================================================================
[2026-09-19T17:08:51.737+0000] {manager.py:997} INFO - 
================================================================================
DAG File Processing Stats

File Path                  PID    Runtime      # DAGs    # Errors  Last Runtime    Last Run               Last # of DB Queries
-------------------------  -----  ---------  --------  ----------  --------------  -------------------  ----------------------
/opt/airflow/dags/dags.py                           1           0  0.33s           2026-09-19T17:08:41                      12
================================================================================
[2026-09-19T17:09:22.222+0000] {manager.py:997} INFO - 
================================================================================
DAG File Processing Stats

File Path                    PID  Runtime      # DAGs    # Errors  Last Runtime    Last Run               Last # of DB Queries
-------------------------  -----  ---------  --------  ----------  --------------  -------------------  ----------------------
/opt/airflow/dags/dags.py    353  0.00s             1           0  0.31s           2026-09-19T17:09:11                      12
================================================================================
[2026-09-19T17:09:52.410+0000] {manager.py:997} INFO - 
================================================================================
DAG File Processing Stats

File Path                  PID    Runtime      # DAGs    # Errors  Last Runtime    Last Run               Last # of DB Queries
-------------------------  -----  ---------  --------  ----------  --------------  -------------------  ----------------------
/opt/airflow/dags/dags.py                           1           0  0.31s           2026-09-19T17:09:23                      12
================================================================================
[2026-09-19T17:10:22.816+0000] {manager.py:997} INFO - 
================================================================================
DAG File Processing Stats

File Path                  PID    Runtime      # DAGs    # Errors  Last Runtime    Last Run               Last # of DB Queries
-------------------------  -----  ---------  --------  ----------  --------------  -------------------  ----------------------
/opt/airflow/dags/dags.py                           1           0  0.33s           2026-09-19T17:09:54                      12
================================================================================
[2026-09-19T17:10:53.318+0000] {manager.py:997} INFO - 
================================================================================
DAG File Processing Stats

File Path                  PID    Runtime      # DAGs    # Errors  Last Runtime    Last Run               Last # of DB Queries
-------------------------  -----  ---------  --------  ----------  --------------  -------------------  ----------------------
/opt/airflow/dags/dags.py                           1           0  0.31s           2026-09-19T17:10:24                      12
================================================================================
[2026-09-19T17:11:23.792+0000] {manager.py:997} INFO - 
================================================================================
DAG File Processing Stats

File Path                  PID    Runtime      # DAGs    # Errors  Last Runtime    Last Run               Last # of DB Queries
-------------------------  -----  ---------  --------  ----------  --------------  -------------------  ----------------------
/opt/airflow/dags/dags.py                           1           0  0.31s           2026-09-19T17:10:54                      12
================================================================================
[2026-09-19T17:11:54.230+0000] {manager.py:997} INFO - 
================================================================================
DAG File Processing Stats

File Path                  PID    Runtime      # DAGs    # Errors  Last Runtime    Last Run               Last # of DB Queries
-------------------------  -----  ---------  --------  ----------  --------------  -------------------  ----------------------
/opt/airflow/dags/dags.py                           1           0  0.31s           2026-09-19T17:11:25                      12
================================================================================
[2026-09-19T17:12:02.578+0000] {manager.py:821} INFO - Searching for files in /opt/airflow/dags
[2026-09-19T17:12:02.579+0000] {manager.py:824} INFO - There are 1 files in /opt/airflow/dags
[2026-09-19T17:12:24.691+0000] {manager.py:997} INFO - 
================================================================================
DAG File Processing Stats

File Path                  PID    Runtime      # DAGs    # Errors  Last Runtime    Last Run               Last # of DB Queries
-------------------------  -----  ---------  --------  ----------  --------------  -------------------  ----------------------
/opt/airflow/dags/dags.py                           1           0  0.31s           2026-09-19T17:11:55                      12
================================================================================
[2026-09-19T17:12:55.156+0000] {manager.py:997} INFO - 
================================================================================
DAG File Processing Stats

File Path                  PID    Runtime      # DAGs    # Errors  Last Runtime    Last Run               Last # of DB Queries
-------------------------  -----  ---------  --------  ----------  --------------  -------------------  ----------------------
/opt/airflow/dags/dags.py                           1           0  0.31s           2026-09-19T17:12:26                      12
================================================================================
[2026-09-19T17:13:25.604+0000] {manager.py:997} INFO - 
================================================================================
DAG File Processing Stats

File Path                  PID    Runtime      # DAGs    # Errors  Last Runtime    Last Run               Last # of DB Queries
-------------------------  -----  ---------  --------  ----------  --------------  -------------------  ----------------------
/opt/airflow/dags/dags.py                           1           0  0.32s           2026-09-19T17:12:56                      12
================================================================================
[2026-09-19T17:13:56.074+0000] {manager.py:997} INFO - 
================================================================================
DAG File Processing Stats

File Path                  PID    Runtime      # DAGs    # Errors  Last Runtime    Last Run               Last # of DB Queries
-------------------------  -----  ---------  --------  ----------  --------------  -------------------  ----------------------
/opt/airflow/dags/dags.py                           1           0  0.32s           2026-09-19T17:13:27                      12
================================================================================
[2026-09-19T17:14:26.521+0000] {manager.py:997} INFO - 
================================================================================
DAG File Processing Stats

File Path                  PID    Runtime      # DAGs    # Errors  Last Runtime    Last Run               Last # of DB Queries
-------------------------  -----  ---------  --------  ----------  --------------  -------------------  ----------------------
/opt/airflow/dags/dags.py                           1           0  0.33s           2026-09-19T17:13:57                      12
================================================================================
[2026-09-19T17:14:57.007+0000] {manager.py:997} INFO - 
================================================================================
DAG File Processing Stats

File Path                  PID    Runtime      # DAGs    # Errors  Last Runtime    Last Run               Last # of DB Queries
-------------------------  -----  ---------  --------  ----------  --------------  -------------------  ----------------------
/opt/airflow/dags/dags.py                           1           0  0.31s           2026-09-19T17:14:28                      12
================================================================================
[2026-09-19T17:15:27.439+0000] {manager.py:997} INFO - 
================================================================================
DAG File Processing Stats

File Path                  PID    Runtime      # DAGs    # Errors  Last Runtime    Last Run               Last # of DB Queries
-------------------------  -----  ---------  --------  ----------  --------------  -------------------  ----------------------
/opt/airflow/dags/dags.py                           1           0  0.33s           2026-09-19T17:14:58                      12
================================================================================
[2026-09-19T17:15:57.920+0000] {manager.py:997} INFO - 
================================================================================
DAG File Processing Stats

File Path                  PID    Runtime      # DAGs    # Errors  Last Runtime    Last Run               Last # of DB Queries
-------------------------  -----  ---------  --------  ----------  --------------  -------------------  ----------------------
/opt/airflow/dags/dags.py                           1           0  0.31s           2026-09-19T17:15:29                      12
================================================================================
[2026-09-19T17:16:28.379+0000] {manager.py:997} INFO - 
================================================================================
DAG File Processing Stats

File Path                  PID    Runtime      # DAGs    # Errors  Last Runtime    Last Run               Last # of DB Queries
-------------------------  -----  ---------  --------  ----------  --------------  -------------------  ----------------------
/opt/airflow/dags/dags.py                           1           0  0.32s           2026-09-19T17:15:59                      12
================================================================================
[2026-09-19T17:16:58.823+0000] {manager.py:997} INFO - 
================================================================================
DAG File Processing Stats

File Path                  PID    Runtime      # DAGs    # Errors  Last Runtime    Last Run               Last # of DB Queries
-------------------------  -----  ---------  --------  ----------  --------------  -------------------  ----------------------
/opt/airflow/dags/dags.py                           1           0  0.32s           2026-09-19T17:16:30                      12
================================================================================
[2026-09-19T17:17:03.174+0000] {manager.py:821} INFO - Searching for files in /opt/airflow/dags
[2026-09-19T17:17:03.175+0000] {manager.py:824} INFO - There are 1 files in /opt/airflow/dags
[2026-09-19T17:17:29.318+0000] {manager.py:997} INFO - 
================================================================================
DAG File Processing Stats

File Path                  PID    Runtime      # DAGs    # Errors  Last Runtime    Last Run               Last # of DB Queries
-------------------------  -----  ---------  --------  ----------  --------------  -------------------  ----------------------
/opt/airflow/dags/dags.py                           1           0  0.31s           2026-09-19T17:17:00                      12
================================================================================
[2026-09-19T17:17:59.756+0000] {manager.py:997} INFO - 
================================================================================
DAG File Processing Stats

File Path                  PID    Runtime      # DAGs    # Errors  Last Runtime    Last Run               Last # of DB Queries
-------------------------  -----  ---------  --------  ----------  --------------  -------------------  ----------------------
/opt/airflow/dags/dags.py                           1           0  0.30s           2026-09-19T17:17:30                      12
================================================================================
[2026-09-19T17:18:30.187+0000] {manager.py:997} INFO - 
================================================================================
DAG File Processing Stats

File Path                  PID    Runtime      # DAGs    # Errors  Last Runtime    Last Run               Last # of DB Queries
-------------------------  -----  ---------  --------  ----------  --------------  -------------------  ----------------------
/opt/airflow/dags/dags.py                           1           0  0.32s           2026-09-19T17:18:01                      12
================================================================================
[2026-09-19T17:19:00.631+0000] {manager.py:997} INFO - 
================================================================================
DAG File Processing Stats

File Path                  PID    Runtime      # DAGs    # Errors  Last Runtime    Last Run               Last # of DB Queries
-------------------------  -----  ---------  --------  ----------  --------------  -------------------  ----------------------
/opt/airflow/dags/dags.py                           1           0  0.32s           2026-09-19T17:18:31                      12
================================================================================
[2026-09-19T17:19:31.040+0000] {manager.py:997} INFO - 
================================================================================
DAG File Processing Stats

File Path                  PID    Runtime      # DAGs    # Errors  Last Runtime    Last Run               Last # of DB Queries
-------------------------  -----  ---------  --------  ----------  --------------  -------------------  ----------------------
/opt/airflow/dags/dags.py                           1           0  0.33s           2026-09-19T17:19:02                      12
================================================================================
[2026-09-19T17:20:01.478+0000] {manager.py:997} INFO - 
================================================================================
DAG File Processing Stats

File Path                  PID    Runtime      # DAGs    # Errors  Last Runtime    Last Run               Last # of DB Queries
-------------------------  -----  ---------  --------  ----------  --------------  -------------------  ----------------------
/opt/airflow/dags/dags.py                           1           0  0.33s           2026-09-19T17:19:32                      12
================================================================================
[2026-09-19T17:20:31.922+0000] {manager.py:997} INFO - 
================================================================================
DAG File Processing Stats

File Path                  PID    Runtime      # DAGs    # Errors  Last Runtime    Last Run               Last # of DB Queries
-------------------------  -----  ---------  --------  ----------  --------------  -------------------  ----------------------
/opt/airflow/dags/dags.py                           1           0  0.35s           2026-09-19T17:20:03                      12
================================================================================
[2026-09-19T17:21:02.385+0000] {manager.py:997} INFO - 
================================================================================
DAG File Processing Stats

File Path                  PID    Runtime      # DAGs    # Errors  Last Runtime    Last Run               Last # of DB Queries
-------------------------  -----  ---------  --------  ----------  --------------  -------------------  ----------------------
/opt/airflow/dags/dags.py                           1           0  0.33s           2026-09-19T17:20:33                      12
================================================================================
[2026-09-19T17:21:32.821+0000] {manager.py:997} INFO - 
================================================================================
DAG File Processing Stats

File Path                  PID    Runtime      # DAGs    # Errors  Last Runtime    Last Run               Last # of DB Queries
-------------------------  -----  ---------  --------  ----------  --------------  -------------------  ----------------------
/opt/airflow/dags/dags.py                           1           0  0.35s           2026-09-19T17:21:04                      12
================================================================================
[2026-09-19T17:22:03.299+0000] {manager.py:821} INFO - Searching for files in /opt/airflow/dags
[2026-09-19T17:22:03.300+0000] {manager.py:824} INFO - There are 1 files in /opt/airflow/dags
[2026-09-19T17:22:03.305+0000] {manager.py:997} INFO - 
================================================================================
DAG File Processing Stats

File Path                  PID    Runtime      # DAGs    # Errors  Last Runtime    Last Run               Last # of DB Queries
-------------------------  -----  ---------  --------  ----------  --------------  -------------------  ----------------------
/opt/airflow/dags/dags.py                           1           0  0.35s           2026-09-19T17:21:34                      12
================================================================================
[2026-09-19T17:22:33.768+0000] {manager.py:997} INFO - 
================================================================================
DAG File Processing Stats

File Path                  PID    Runtime      # DAGs    # Errors  Last Runtime    Last Run               Last # of DB Queries
-------------------------  -----  ---------  --------  ----------  --------------  -------------------  ----------------------
/opt/airflow/dags/dags.py                           1           0  0.33s           2026-09-19T17:22:04                      12
================================================================================
[2026-09-19T17:23:04.264+0000] {manager.py:997} INFO - 
================================================================================
DAG File Processing Stats

File Path                  PID    Runtime      # DAGs    # Errors  Last Runtime    Last Run               Last # of DB Queries
-------------------------  -----  ---------  --------  ----------  --------------  -------------------  ----------------------
/opt/airflow/dags/dags.py                           1           0  0.34s           2026-09-19T17:22:35                      12
================================================================================
[2026-09-19T17:23:34.738+0000] {manager.py:997} INFO - 
================================================================================
DAG File Processing Stats

File Path                  PID    Runtime      # DAGs    # Errors  Last Runtime    Last Run               Last # of DB Queries
-------------------------  -----  ---------  --------  ----------  --------------  -------------------  ----------------------
/opt/airflow/dags/dags.py                           1           0  0.33s           2026-09-19T17:23:05                      12
================================================================================
[2026-09-19T17:24:05.208+0000] {manager.py:997} INFO - 
================================================================================
DAG File Processing Stats

File Path                  PID    Runtime      # DAGs    # Errors  Last Runtime    Last Run               Last # of DB Queries
-------------------------  -----  ---------  --------  ----------  --------------  -------------------  ----------------------
/opt/airflow/dags/dags.py                           1           0  0.31s           2026-09-19T17:23:36                      12
================================================================================
[2026-09-19T17:24:35.651+0000] {manager.py:997} INFO - 
================================================================================
DAG File Processing Stats

File Path                  PID    Runtime      # DAGs    # Errors  Last Runtime    Last Run               Last # of DB Queries
-------------------------  -----  ---------  --------  ----------  --------------  -------------------  ----------------------
/opt/airflow/dags/dags.py                           1           0  0.32s           2026-09-19T17:24:06                      12
================================================================================
[2026-09-19T17:25:06.121+0000] {manager.py:997} INFO - 
================================================================================
DAG File Processing Stats

File Path                  PID    Runtime      # DAGs    # Errors  Last Runtime    Last Run               Last # of DB Queries
-------------------------  -----  ---------  --------  ----------  --------------  -------------------  ----------------------
/opt/airflow/dags/dags.py                           1           0  0.31s           2026-09-19T17:24:37                      12
================================================================================
[2026-09-19T17:25:36.579+0000] {manager.py:997} INFO - 
================================================================================
DAG File Processing Stats

File Path                  PID    Runtime      # DAGs    # Errors  Last Runtime    Last Run               Last # of DB Queries
-------------------------  -----  ---------  --------  ----------  --------------  -------------------  ----------------------
/opt/airflow/dags/dags.py                           1           0  0.33s           2026-09-19T17:25:07                      12
================================================================================
[2026-09-19T17:26:07.049+0000] {manager.py:997} INFO - 
================================================================================
DAG File Processing Stats

File Path                  PID    Runtime      # DAGs    # Errors  Last Runtime    Last Run               Last # of DB Queries
-------------------------  -----  ---------  --------  ----------  --------------  -------------------  ----------------------
/opt/airflow/dags/dags.py                           1           0  0.30s           2026-09-19T17:25:38                      12
================================================================================
[2026-09-19T17:26:37.481+0000] {manager.py:997} INFO - 
================================================================================
DAG File Processing Stats

File Path                  PID    Runtime      # DAGs    # Errors  Last Runtime    Last Run               Last # of DB Queries
-------------------------  -----  ---------  --------  ----------  --------------  -------------------  ----------------------
/opt/airflow/dags/dags.py                           1           0  0.31s           2026-09-19T17:26:08                      12
================================================================================
[2026-09-19T17:27:03.921+0000] {manager.py:821} INFO - Searching for files in /opt/airflow/dags
[2026-09-19T17:27:03.923+0000] {manager.py:824} INFO - There are 1 files in /opt/airflow/dags
[2026-09-19T17:27:07.944+0000] {manager.py:997} INFO - 
================================================================================
DAG File Processing Stats

File Path                  PID    Runtime      # DAGs    # Errors  Last Runtime    Last Run               Last # of DB Queries
-------------------------  -----  ---------  --------  ----------  --------------  -------------------  ----------------------
/opt/airflow/dags/dags.py                           1           0  0.31s           2026-09-19T17:26:39                      12
================================================================================
[2026-09-19T17:27:38.083+0000] {manager.py:997} INFO - 
================================================================================
DAG File Processing Stats

File Path                  PID    Runtime      # DAGs    # Errors  Last Runtime    Last Run               Last # of DB Queries
-------------------------  -----  ---------  --------  ----------  --------------  -------------------  ----------------------
/opt/airflow/dags/dags.py                           0           1  0.03s           2026-09-19T17:27:34                       5
================================================================================
[2026-09-19T17:28:08.910+0000] {manager.py:997} INFO - 
================================================================================
DAG File Processing Stats

File Path                  PID    Runtime      # DAGs    # Errors  Last Runtime    Last Run               Last # of DB Queries
-------------------------  -----  ---------  --------  ----------  --------------  -------------------  ----------------------
/opt/airflow/dags/dags.py                           1           0  0.32s           2026-09-19T17:28:06                      12
================================================================================
[2026-09-19T17:28:39.004+0000] {manager.py:997} INFO - 
================================================================================
DAG File Processing Stats

File Path                  PID    Runtime      # DAGs    # Errors  Last Runtime    Last Run               Last # of DB Queries
-------------------------  -----  ---------  --------  ----------  --------------  -------------------  ----------------------
/opt/airflow/dags/dags.py                           1           0  0.33s           2026-09-19T17:28:33                      12
================================================================================
[2026-09-19T17:29:09.132+0000] {manager.py:997} INFO - 
================================================================================
DAG File Processing Stats

File Path                  PID    Runtime      # DAGs    # Errors  Last Runtime    Last Run               Last # of DB Queries
-------------------------  -----  ---------  --------  ----------  --------------  -------------------  ----------------------
/opt/airflow/dags/dags.py                           1           0  0.32s           2026-09-19T17:29:08                      11
================================================================================
[2026-09-19T17:29:39.626+0000] {manager.py:997} INFO - 
================================================================================
DAG File Processing Stats

File Path                  PID    Runtime      # DAGs    # Errors  Last Runtime    Last Run               Last # of DB Queries
-------------------------  -----  ---------  --------  ----------  --------------  -------------------  ----------------------
/opt/airflow/dags/dags.py                           1           0  0.32s           2026-09-19T17:29:38                      12
================================================================================
[2026-09-19T17:30:10.083+0000] {manager.py:997} INFO - 
================================================================================
DAG File Processing Stats

File Path                  PID    Runtime      # DAGs    # Errors  Last Runtime    Last Run               Last # of DB Queries
-------------------------  -----  ---------  --------  ----------  --------------  -------------------  ----------------------
/opt/airflow/dags/dags.py                           1           0  0.30s           2026-09-19T17:30:09                      12
================================================================================
[2026-09-19T17:30:40.528+0000] {manager.py:997} INFO - 
================================================================================
DAG File Processing Stats

File Path                  PID    Runtime      # DAGs    # Errors  Last Runtime    Last Run               Last # of DB Queries
-------------------------  -----  ---------  --------  ----------  --------------  -------------------  ----------------------
/opt/airflow/dags/dags.py                           1           0  0.33s           2026-09-19T17:30:39                      12
================================================================================
[2026-09-19T17:31:11.014+0000] {manager.py:997} INFO - 
================================================================================
DAG File Processing Stats

File Path                  PID    Runtime      # DAGs    # Errors  Last Runtime    Last Run               Last # of DB Queries
-------------------------  -----  ---------  --------  ----------  --------------  -------------------  ----------------------
/opt/airflow/dags/dags.py                           1           0  0.33s           2026-09-19T17:31:10                      12
================================================================================
[2026-09-19T17:31:41.501+0000] {manager.py:997} INFO - 
================================================================================
DAG File Processing Stats

File Path                  PID    Runtime      # DAGs    # Errors  Last Runtime    Last Run               Last # of DB Queries
-------------------------  -----  ---------  --------  ----------  --------------  -------------------  ----------------------
/opt/airflow/dags/dags.py                           1           0  0.34s           2026-09-19T17:31:40                      12
================================================================================
[2026-09-19T17:32:03.940+0000] {manager.py:821} INFO - Searching for files in /opt/airflow/dags
[2026-09-19T17:32:03.941+0000] {manager.py:824} INFO - There are 1 files in /opt/airflow/dags
[2026-09-19T17:32:11.983+0000] {manager.py:997} INFO - 
================================================================================
DAG File Processing Stats

File Path                  PID    Runtime      # DAGs    # Errors  Last Runtime    Last Run               Last # of DB Queries
-------------------------  -----  ---------  --------  ----------  --------------  -------------------  ----------------------
/opt/airflow/dags/dags.py                           1           0  0.32s           2026-09-19T17:32:11                      12
================================================================================
[2026-09-19T17:32:42.458+0000] {manager.py:997} INFO - 
================================================================================
DAG File Processing Stats

File Path                  PID    Runtime      # DAGs    # Errors  Last Runtime    Last Run               Last # of DB Queries
-------------------------  -----  ---------  --------  ----------  --------------  -------------------  ----------------------
/opt/airflow/dags/dags.py                           1           0  0.31s           2026-09-19T17:32:41                      12
================================================================================
[2026-09-19T17:33:12.918+0000] {manager.py:997} INFO - 
================================================================================
DAG File Processing Stats

File Path                  PID    Runtime      # DAGs    # Errors  Last Runtime    Last Run               Last # of DB Queries
-------------------------  -----  ---------  --------  ----------  --------------  -------------------  ----------------------
/opt/airflow/dags/dags.py                           1           0  0.33s           2026-09-19T17:33:12                      12
================================================================================
[2026-09-19T17:33:43.434+0000] {manager.py:997} INFO - 
================================================================================
DAG File Processing Stats

File Path                  PID    Runtime      # DAGs    # Errors  Last Runtime    Last Run               Last # of DB Queries
-------------------------  -----  ---------  --------  ----------  --------------  -------------------  ----------------------
/opt/airflow/dags/dags.py                           1           0  0.30s           2026-09-19T17:33:42                      12
================================================================================
[2026-09-19T17:34:13.902+0000] {manager.py:997} INFO - 
================================================================================
DAG File Processing Stats

File Path                  PID    Runtime      # DAGs    # Errors  Last Runtime    Last Run               Last # of DB Queries
-------------------------  -----  ---------  --------  ----------  --------------  -------------------  ----------------------
/opt/airflow/dags/dags.py                           1           0  0.32s           2026-09-19T17:34:13                      12
================================================================================
[2026-09-19T17:34:44.386+0000] {manager.py:997} INFO - 
================================================================================
DAG File Processing Stats

File Path                  PID    Runtime      # DAGs    # Errors  Last Runtime    Last Run               Last # of DB Queries
-------------------------  -----  ---------  --------  ----------  --------------  -------------------  ----------------------
/opt/airflow/dags/dags.py                           1           0  0.30s           2026-09-19T17:34:43                      12
================================================================================
[2026-09-19T17:35:14.837+0000] {manager.py:997} INFO - 
================================================================================
DAG File Processing Stats

File Path                  PID    Runtime      # DAGs    # Errors  Last Runtime    Last Run               Last # of DB Queries
-------------------------  -----  ---------  --------  ----------  --------------  -------------------  ----------------------
/opt/airflow/dags/dags.py                           1           0  0.32s           2026-09-19T17:35:14                      12
================================================================================
[2026-09-19T17:35:41.764+0000] {manager.py:465} INFO - Exiting gracefully upon receiving signal 15
[2026-09-19T17:36:59.447+0000] {manager.py:483} INFO - Processing files using up to 2 processes at a time 
[2026-09-19T17:36:59.447+0000] {manager.py:484} INFO - Process each file at most once every 30 seconds
[2026-09-19T17:36:59.447+0000] {manager.py:485} INFO - Checking for new files in /opt/airflow/dags every 300 seconds
[2026-09-19T17:36:59.448+0000] {manager.py:821} INFO - Searching for files in /opt/airflow/dags
[2026-09-19T17:36:59.448+0000] {manager.py:824} INFO - There are 1 files in /opt/airflow/dags
[2026-09-19T17:36:59.503+0000] {manager.py:997} INFO - 
================================================================================
DAG File Processing Stats

File Path                    PID  Runtime      # DAGs    # Errors  Last Runtime    Last Run      Last # of DB Queries
-------------------------  -----  ---------  --------  ----------  --------------  ----------  ----------------------
/opt/airflow/dags/dags.py     42  0.01s             0           0                                                   0
================================================================================
[2026-09-19T17:37:29.604+0000] {manager.py:997} INFO - 
================================================================================
DAG File Processing Stats

File Path                  PID    Runtime      # DAGs    # Errors  Last Runtime    Last Run               Last # of DB Queries
-------------------------  -----  ---------  --------  ----------  --------------  -------------------  ----------------------
/opt/airflow/dags/dags.py                           1           0  0.96s           2026-09-19T17:37:00                      45
================================================================================
[2026-09-19T17:37:59.769+0000] {manager.py:997} INFO - 
================================================================================
DAG File Processing Stats

File Path                  PID    Runtime      # DAGs    # Errors  Last Runtime    Last Run               Last # of DB Queries
-------------------------  -----  ---------  --------  ----------  --------------  -------------------  ----------------------
/opt/airflow/dags/dags.py                           1           0  0.32s           2026-09-19T17:37:30                      12
================================================================================
[2026-09-19T17:38:30.241+0000] {manager.py:997} INFO - 
================================================================================
DAG File Processing Stats

File Path                  PID    Runtime      # DAGs    # Errors  Last Runtime    Last Run               Last # of DB Queries
-------------------------  -----  ---------  --------  ----------  --------------  -------------------  ----------------------
/opt/airflow/dags/dags.py                           1           0  0.31s           2026-09-19T17:38:01                      12
================================================================================
[2026-09-19T17:38:59.865+0000] {manager.py:465} INFO - Exiting gracefully upon receiving signal 15
[2026-09-19T18:00:30.622+0000] {manager.py:483} INFO - Processing files using up to 2 processes at a time 
[2026-09-19T18:00:30.623+0000] {manager.py:484} INFO - Process each file at most once every 30 seconds
[2026-09-19T18:00:30.623+0000] {manager.py:485} INFO - Checking for new files in /opt/airflow/dags every 300 seconds
[2026-09-19T18:00:30.623+0000] {manager.py:821} INFO - Searching for files in /opt/airflow/dags
[2026-09-19T18:00:30.624+0000] {manager.py:824} INFO - There are 1 files in /opt/airflow/dags
[2026-09-19T18:00:30.678+0000] {manager.py:997} INFO - 
================================================================================
DAG File Processing Stats

File Path                    PID  Runtime      # DAGs    # Errors  Last Runtime    Last Run      Last # of DB Queries
-------------------------  -----  ---------  --------  ----------  --------------  ----------  ----------------------
/opt/airflow/dags/dags.py     43  0.01s             0           0                                                   0
================================================================================
[2026-09-19T18:01:00.808+0000] {manager.py:997} INFO - 
================================================================================
DAG File Processing Stats

File Path                  PID    Runtime      # DAGs    # Errors  Last Runtime    Last Run               Last # of DB Queries
-------------------------  -----  ---------  --------  ----------  --------------  -------------------  ----------------------
/opt/airflow/dags/dags.py                           1           0  1.00s           2026-09-19T18:00:31                      45
================================================================================
[2026-09-19T18:01:30.936+0000] {manager.py:997} INFO - 
================================================================================
DAG File Processing Stats

File Path                  PID    Runtime      # DAGs    # Errors  Last Runtime    Last Run               Last # of DB Queries
-------------------------  -----  ---------  --------  ----------  --------------  -------------------  ----------------------
/opt/airflow/dags/dags.py                           1           0  0.30s           2026-09-19T18:01:02                      12
================================================================================
[2026-09-19T18:02:01.372+0000] {manager.py:997} INFO - 
================================================================================
DAG File Processing Stats

File Path                  PID    Runtime      # DAGs    # Errors  Last Runtime    Last Run               Last # of DB Queries
-------------------------  -----  ---------  --------  ----------  --------------  -------------------  ----------------------
/opt/airflow/dags/dags.py                           1           0  0.35s           2026-09-19T18:01:32                      12
================================================================================
[2026-09-19T18:02:31.857+0000] {manager.py:997} INFO - 
================================================================================
DAG File Processing Stats

File Path                  PID    Runtime      # DAGs    # Errors  Last Runtime    Last Run               Last # of DB Queries
-------------------------  -----  ---------  --------  ----------  --------------  -------------------  ----------------------
/opt/airflow/dags/dags.py                           1           0  0.31s           2026-09-19T18:02:03                      12
================================================================================
[2026-09-19T18:03:02.321+0000] {manager.py:997} INFO - 
================================================================================
DAG File Processing Stats

File Path                  PID    Runtime      # DAGs    # Errors  Last Runtime    Last Run               Last # of DB Queries
-------------------------  -----  ---------  --------  ----------  --------------  -------------------  ----------------------
/opt/airflow/dags/dags.py                           1           0  0.32s           2026-09-19T18:02:33                      12
================================================================================
[2026-09-19T18:03:20.597+0000] {manager.py:465} INFO - Exiting gracefully upon receiving signal 15
[2026-09-19T18:04:23.941+0000] {manager.py:483} INFO - Processing files using up to 2 processes at a time 
[2026-09-19T18:04:23.941+0000] {manager.py:484} INFO - Process each file at most once every 30 seconds
[2026-09-19T18:04:23.942+0000] {manager.py:485} INFO - Checking for new files in /opt/airflow/dags every 300 seconds
[2026-09-19T18:04:23.942+0000] {manager.py:821} INFO - Searching for files in /opt/airflow/dags
[2026-09-19T18:04:23.943+0000] {manager.py:824} INFO - There are 1 files in /opt/airflow/dags
[2026-09-19T18:04:24.007+0000] {manager.py:997} INFO - 
================================================================================
DAG File Processing Stats

File Path                    PID  Runtime      # DAGs    # Errors  Last Runtime    Last Run      Last # of DB Queries
-------------------------  -----  ---------  --------  ----------  --------------  ----------  ----------------------
/opt/airflow/dags/dags.py     43  0.01s             0           0                                                   0
================================================================================
[2026-09-19T18:04:54.149+0000] {manager.py:997} INFO - 
================================================================================
DAG File Processing Stats

File Path                  PID    Runtime      # DAGs    # Errors  Last Runtime    Last Run               Last # of DB Queries
-------------------------  -----  ---------  --------  ----------  --------------  -------------------  ----------------------
/opt/airflow/dags/dags.py                           1           0  1.11s           2026-09-19T18:04:25                      45
================================================================================
[2026-09-19T18:05:24.389+0000] {manager.py:997} INFO - 
================================================================================
DAG File Processing Stats

File Path                  PID    Runtime      # DAGs    # Errors  Last Runtime    Last Run               Last # of DB Queries
-------------------------  -----  ---------  --------  ----------  --------------  -------------------  ----------------------
/opt/airflow/dags/dags.py                           1           0  0.30s           2026-09-19T18:04:55                      12
================================================================================
[2026-09-19T18:05:54.764+0000] {manager.py:997} INFO - 
================================================================================
DAG File Processing Stats

File Path                  PID    Runtime      # DAGs    # Errors  Last Runtime    Last Run               Last # of DB Queries
-------------------------  -----  ---------  --------  ----------  --------------  -------------------  ----------------------
/opt/airflow/dags/dags.py                           1           0  0.31s           2026-09-19T18:05:25                      12
================================================================================
[2026-09-19T18:06:25.223+0000] {manager.py:997} INFO - 
================================================================================
DAG File Processing Stats

File Path                  PID    Runtime      # DAGs    # Errors  Last Runtime    Last Run               Last # of DB Queries
-------------------------  -----  ---------  --------  ----------  --------------  -------------------  ----------------------
/opt/airflow/dags/dags.py                           1           0  0.31s           2026-09-19T18:05:56                      12
================================================================================
[2026-09-19T18:06:55.710+0000] {manager.py:997} INFO - 
================================================================================
DAG File Processing Stats

File Path                  PID    Runtime      # DAGs    # Errors  Last Runtime    Last Run               Last # of DB Queries
-------------------------  -----  ---------  --------  ----------  --------------  -------------------  ----------------------
/opt/airflow/dags/dags.py                           1           0  0.31s           2026-09-19T18:06:26                      12
================================================================================
[2026-09-19T18:07:26.161+0000] {manager.py:997} INFO - 
================================================================================
DAG File Processing Stats

File Path                  PID    Runtime      # DAGs    # Errors  Last Runtime    Last Run               Last # of DB Queries
-------------------------  -----  ---------  --------  ----------  --------------  -------------------  ----------------------
/opt/airflow/dags/dags.py                           1           0  0.30s           2026-09-19T18:06:57                      12
================================================================================
[2026-09-19T18:07:56.636+0000] {manager.py:997} INFO - 
================================================================================
DAG File Processing Stats

File Path                  PID    Runtime      # DAGs    # Errors  Last Runtime    Last Run               Last # of DB Queries
-------------------------  -----  ---------  --------  ----------  --------------  -------------------  ----------------------
/opt/airflow/dags/dags.py                           1           0  0.31s           2026-09-19T18:07:27                      12
================================================================================
[2026-09-19T18:08:27.079+0000] {manager.py:997} INFO - 
================================================================================
DAG File Processing Stats

File Path                  PID    Runtime      # DAGs    # Errors  Last Runtime    Last Run               Last # of DB Queries
-------------------------  -----  ---------  --------  ----------  --------------  -------------------  ----------------------
/opt/airflow/dags/dags.py                           1           0  0.31s           2026-09-19T18:07:58                      12
================================================================================
[2026-09-19T18:08:57.507+0000] {manager.py:997} INFO - 
================================================================================
DAG File Processing Stats

File Path                  PID    Runtime      # DAGs    # Errors  Last Runtime    Last Run               Last # of DB Queries
-------------------------  -----  ---------  --------  ----------  --------------  -------------------  ----------------------
/opt/airflow/dags/dags.py                           1           0  0.32s           2026-09-19T18:08:28                      12
================================================================================
[2026-09-19T18:09:24.234+0000] {manager.py:821} INFO - Searching for files in /opt/airflow/dags
[2026-09-19T18:09:24.236+0000] {manager.py:824} INFO - There are 1 files in /opt/airflow/dags
[2026-09-19T18:09:27.965+0000] {manager.py:997} INFO - 
================================================================================
DAG File Processing Stats

File Path                  PID    Runtime      # DAGs    # Errors  Last Runtime    Last Run               Last # of DB Queries
-------------------------  -----  ---------  --------  ----------  --------------  -------------------  ----------------------
/opt/airflow/dags/dags.py                           1           0  0.30s           2026-09-19T18:08:59                      12
================================================================================
[2026-09-19T18:09:58.394+0000] {manager.py:997} INFO - 
================================================================================
DAG File Processing Stats

File Path                  PID    Runtime      # DAGs    # Errors  Last Runtime    Last Run               Last # of DB Queries
-------------------------  -----  ---------  --------  ----------  --------------  -------------------  ----------------------
/opt/airflow/dags/dags.py                           1           0  0.31s           2026-09-19T18:09:29                      12
================================================================================
[2026-09-19T18:10:28.831+0000] {manager.py:997} INFO - 
================================================================================
DAG File Processing Stats

File Path                  PID    Runtime      # DAGs    # Errors  Last Runtime    Last Run               Last # of DB Queries
-------------------------  -----  ---------  --------  ----------  --------------  -------------------  ----------------------
/opt/airflow/dags/dags.py                           1           0  0.30s           2026-09-19T18:10:00                      12
================================================================================
[2026-09-19T18:10:59.263+0000] {manager.py:997} INFO - 
================================================================================
DAG File Processing Stats

File Path                  PID    Runtime      # DAGs    # Errors  Last Runtime    Last Run               Last # of DB Queries
-------------------------  -----  ---------  --------  ----------  --------------  -------------------  ----------------------
/opt/airflow/dags/dags.py                           1           0  0.33s           2026-09-19T18:10:30                      12
================================================================================
[2026-09-19T18:11:29.715+0000] {manager.py:997} INFO - 
================================================================================
DAG File Processing Stats

File Path                  PID    Runtime      # DAGs    # Errors  Last Runtime    Last Run               Last # of DB Queries
-------------------------  -----  ---------  --------  ----------  --------------  -------------------  ----------------------
/opt/airflow/dags/dags.py                           1           0  0.33s           2026-09-19T18:11:00                      12
================================================================================
[2026-09-19T18:12:00.196+0000] {manager.py:997} INFO - 
================================================================================
DAG File Processing Stats

File Path                  PID    Runtime      # DAGs    # Errors  Last Runtime    Last Run               Last # of DB Queries
-------------------------  -----  ---------  --------  ----------  --------------  -------------------  ----------------------
/opt/airflow/dags/dags.py                           1           0  0.32s           2026-09-19T18:11:31                      12
================================================================================
[2026-09-19T18:12:30.643+0000] {manager.py:997} INFO - 
================================================================================
DAG File Processing Stats

File Path                  PID    Runtime      # DAGs    # Errors  Last Runtime    Last Run               Last # of DB Queries
-------------------------  -----  ---------  --------  ----------  --------------  -------------------  ----------------------
/opt/airflow/dags/dags.py                           1           0  0.34s           2026-09-19T18:12:01                      12
================================================================================
[2026-09-19T18:13:01.149+0000] {manager.py:997} INFO - 
================================================================================
DAG File Processing Stats

File Path                  PID    Runtime      # DAGs    # Errors  Last Runtime    Last Run               Last # of DB Queries
-------------------------  -----  ---------  --------  ----------  --------------  -------------------  ----------------------
/opt/airflow/dags/dags.py                           1           0  0.34s           2026-09-19T18:12:32                      12
================================================================================
[2026-09-19T18:13:31.645+0000] {manager.py:997} INFO - 
================================================================================
DAG File Processing Stats

File Path                  PID    Runtime      # DAGs    # Errors  Last Runtime    Last Run               Last # of DB Queries
-------------------------  -----  ---------  --------  ----------  --------------  -------------------  ----------------------
/opt/airflow/dags/dags.py                           1           0  0.32s           2026-09-19T18:13:02                      12
================================================================================
[2026-09-19T18:14:02.150+0000] {manager.py:997} INFO - 
================================================================================
DAG File Processing Stats

File Path                  PID    Runtime      # DAGs    # Errors  Last Runtime    Last Run               Last # of DB Queries
-------------------------  -----  ---------  --------  ----------  --------------  -------------------  ----------------------
/opt/airflow/dags/dags.py                           1           0  0.32s           2026-09-19T18:13:33                      12
================================================================================
[2026-09-19T18:14:24.572+0000] {manager.py:821} INFO - Searching for files in /opt/airflow/dags
[2026-09-19T18:14:24.574+0000] {manager.py:824} INFO - There are 1 files in /opt/airflow/dags
[2026-09-19T18:14:32.615+0000] {manager.py:997} INFO - 
================================================================================
DAG File Processing Stats

File Path                  PID    Runtime      # DAGs    # Errors  Last Runtime    Last Run               Last # of DB Queries
-------------------------  -----  ---------  --------  ----------  --------------  -------------------  ----------------------
/opt/airflow/dags/dags.py                           1           0  0.34s           2026-09-19T18:14:03                      12
================================================================================
[2026-09-19T18:15:03.055+0000] {manager.py:997} INFO - 
================================================================================
DAG File Processing Stats

File Path                  PID    Runtime      # DAGs    # Errors  Last Runtime    Last Run               Last # of DB Queries
-------------------------  -----  ---------  --------  ----------  --------------  -------------------  ----------------------
/opt/airflow/dags/dags.py                           1           0  0.31s           2026-09-19T18:14:34                      12
================================================================================
[2026-09-19T18:15:33.537+0000] {manager.py:997} INFO - 
================================================================================
DAG File Processing Stats

File Path                  PID    Runtime      # DAGs    # Errors  Last Runtime    Last Run               Last # of DB Queries
-------------------------  -----  ---------  --------  ----------  --------------  -------------------  ----------------------
/opt/airflow/dags/dags.py                           1           0  0.32s           2026-09-19T18:15:04                      12
================================================================================
[2026-09-19T18:16:03.985+0000] {manager.py:997} INFO - 
================================================================================
DAG File Processing Stats

File Path                  PID    Runtime      # DAGs    # Errors  Last Runtime    Last Run               Last # of DB Queries
-------------------------  -----  ---------  --------  ----------  --------------  -------------------  ----------------------
/opt/airflow/dags/dags.py                           1           0  0.30s           2026-09-19T18:15:35                      12
================================================================================
[2026-09-19T18:16:34.427+0000] {manager.py:997} INFO - 
================================================================================
DAG File Processing Stats

File Path                  PID    Runtime      # DAGs    # Errors  Last Runtime    Last Run               Last # of DB Queries
-------------------------  -----  ---------  --------  ----------  --------------  -------------------  ----------------------
/opt/airflow/dags/dags.py                           1           0  0.32s           2026-09-19T18:16:05                      12
================================================================================
